/*
Navicat MySQL Data Transfer

Source Server         : localhost
Source Server Version : 50067
Source Host           : localhost:3306
Source Database       : xmaicrm540

Target Server Type    : MYSQL
Target Server Version : 50067
File Encoding         : 65001

Date: 2012-07-29 09:06:01
*/

SET FOREIGN_KEY_CHECKS=0;
-- ----------------------------
-- Table structure for `com_xmai_workflows`
-- ----------------------------
DROP TABLE IF EXISTS `com_xmai_workflows`;
CREATE TABLE `com_xmai_workflows` (
  `workflow_id` int(11) NOT NULL auto_increment,
  `module_name` varchar(100) default NULL,
  `summary` varchar(400) NOT NULL,
  `test` text,
  `execution_condition` int(11) NOT NULL,
  `defaultworkflow` int(1) default NULL,
  `type` varchar(255) default NULL,
  PRIMARY KEY  (`workflow_id`),
  UNIQUE KEY `com_xmai_workflows_idx` (`workflow_id`)
) ENGINE=InnoDB AUTO_INCREMENT=12 DEFAULT CHARSET=utf8;

-- ----------------------------
-- Records of com_xmai_workflows
-- ----------------------------
INSERT INTO com_xmai_workflows VALUES ('1', 'Invoice', 'UpdateInventoryProducts On Every Save', '[{\"fieldname\":\"subject\",\"operation\":\"does not contain\",\"value\":\"`!`\"}]', '3', '1', 'basic');
INSERT INTO com_xmai_workflows VALUES ('2', 'Accounts', 'Send Email to user when Notifyowner is True', '[{\"fieldname\":\"notify_owner\",\"operation\":\"is\",\"value\":\"true:boolean\"}]', '2', '1', 'basic');
INSERT INTO com_xmai_workflows VALUES ('3', 'Contacts', 'Send Email to user when Notifyowner is True', '[{\"fieldname\":\"notify_owner\",\"operation\":\"is\",\"value\":\"true:boolean\"}]', '2', '1', 'basic');
INSERT INTO com_xmai_workflows VALUES ('4', 'Contacts', 'Send Email to user when Portal User is True', '[{\"fieldname\":\"portal\",\"operation\":\"is\",\"value\":\"true:boolean\"}]', '2', '1', 'basic');
INSERT INTO com_xmai_workflows VALUES ('5', 'Potentials', 'Send Email to users on Potential creation', null, '1', '1', 'basic');
INSERT INTO com_xmai_workflows VALUES ('6', 'Contacts', 'Workflow for Contact Creation or Modification', '', '3', '1', 'basic');
INSERT INTO com_xmai_workflows VALUES ('7', 'HelpDesk', 'Workflow for Ticket Created from Portal', '[{\"fieldname\":\"from_portal\",\"operation\":\"is\",\"value\":\"true:boolean\"}]', '1', '1', 'basic');
INSERT INTO com_xmai_workflows VALUES ('8', 'HelpDesk', 'Workflow for Ticket Updated from Portal', '[{\"fieldname\":\"from_portal\",\"operation\":\"is\",\"value\":\"true:boolean\"}]', '4', '1', 'basic');
INSERT INTO com_xmai_workflows VALUES ('9', 'HelpDesk', 'Workflow for Ticket Change, not from the Portal', '[{\"fieldname\":\"from_portal\",\"operation\":\"is\",\"value\":\"false:boolean\"}]', '3', '1', 'basic');
INSERT INTO com_xmai_workflows VALUES ('10', 'Events', 'Workflow for Events when Send Notification is True', '[{\"fieldname\":\"sendnotification\",\"operation\":\"is\",\"value\":\"true:boolean\"}]', '3', '1', 'basic');
INSERT INTO com_xmai_workflows VALUES ('11', 'Calendar', 'Workflow for Calendar Todos when Send Notification is True', '[{\"fieldname\":\"sendnotification\",\"operation\":\"is\",\"value\":\"true:boolean\"}]', '3', '1', 'basic');

-- ----------------------------
-- Table structure for `com_xmai_workflows_seq`
-- ----------------------------
DROP TABLE IF EXISTS `com_xmai_workflows_seq`;
CREATE TABLE `com_xmai_workflows_seq` (
  `id` int(11) NOT NULL
) ENGINE=MyISAM DEFAULT CHARSET=utf8;

-- ----------------------------
-- Records of com_xmai_workflows_seq
-- ----------------------------
INSERT INTO com_xmai_workflows_seq VALUES ('11');

-- ----------------------------
-- Table structure for `com_xmai_workflowtasks`
-- ----------------------------
DROP TABLE IF EXISTS `com_xmai_workflowtasks`;
CREATE TABLE `com_xmai_workflowtasks` (
  `task_id` int(11) NOT NULL auto_increment,
  `workflow_id` int(11) default NULL,
  `summary` varchar(400) NOT NULL,
  `task` text,
  PRIMARY KEY  (`task_id`),
  UNIQUE KEY `com_xmai_workflowtasks_idx` (`task_id`)
) ENGINE=InnoDB AUTO_INCREMENT=13 DEFAULT CHARSET=utf8;

-- ----------------------------
-- Records of com_xmai_workflowtasks
-- ----------------------------
INSERT INTO com_xmai_workflowtasks VALUES ('1', '1', '', 'O:18:\"VTEntityMethodTask\":6:{s:18:\"executeImmediately\";b:1;s:10:\"workflowId\";i:1;s:7:\"summary\";s:0:\"\";s:6:\"active\";b:1;s:10:\"methodName\";s:15:\"UpdateInventory\";s:2:\"id\";i:1;}');
INSERT INTO com_xmai_workflowtasks VALUES ('2', '2', 'An account has been created ', 'O:11:\"VTEmailTask\":9:{s:18:\"executeImmediately\";b:0;s:10:\"workflowId\";i:2;s:7:\"summary\";s:28:\"An account has been created \";s:6:\"active\";b:1;s:10:\"methodName\";s:11:\"NotifyOwner\";s:9:\"recepient\";s:36:\"$(assigned_user_id : (Users) email1)\";s:7:\"subject\";s:26:\"Regarding Account Creation\";s:7:\"content\";s:301:\"An Account has been assigned to you on xmaiCRM<br>Details of account are :<br><br>AccountId:<b>$account_no</b><br>AccountName:<b>$accountname</b><br>Rating:<b>$rating</b><br>Industry:<b>$industry</b><br>AccountType:<b>$accounttype</b><br>Description:<b>$description</b><br><br><br>Thank You<br>Admin\";s:2:\"id\";i:2;}');
INSERT INTO com_xmai_workflowtasks VALUES ('3', '3', 'An contact has been created ', 'O:11:\"VTEmailTask\":9:{s:18:\"executeImmediately\";b:0;s:10:\"workflowId\";i:3;s:7:\"summary\";s:28:\"An contact has been created \";s:6:\"active\";b:1;s:10:\"methodName\";s:11:\"NotifyOwner\";s:9:\"recepient\";s:36:\"$(assigned_user_id : (Users) email1)\";s:7:\"subject\";s:26:\"Regarding Contact Creation\";s:7:\"content\";s:305:\"An Contact has been assigned to you on xmaiCRM<br>Details of Contact are :<br><br>Contact Id:<b>$contact_no</b><br>LastName:<b>$lastname</b><br>FirstName:<b>$firstname</b><br>Lead Source:<b>$leadsource</b><br>Department:<b>$department</b><br>Description:<b>$description</b><br><br><br>Thank You<br>Admin\";s:2:\"id\";i:3;}');
INSERT INTO com_xmai_workflowtasks VALUES ('4', '4', 'An contact has been created ', 'O:11:\"VTEmailTask\":9:{s:18:\"executeImmediately\";b:0;s:10:\"workflowId\";i:4;s:7:\"summary\";s:28:\"An contact has been created \";s:6:\"active\";b:1;s:10:\"methodName\";s:11:\"NotifyOwner\";s:9:\"recepient\";s:36:\"$(assigned_user_id : (Users) email1)\";s:7:\"subject\";s:28:\"Regarding Contact Assignment\";s:7:\"content\";s:384:\"An Contact has been assigned to you on xmaiCRM<br>Details of Contact are :<br><br>Contact Id:<b>$contact_no</b><br>LastName:<b>$lastname</b><br>FirstName:<b>$firstname</b><br>Lead Source:<b>$leadsource</b><br>Department:<b>$department</b><br>Description:<b>$description</b><br><br><br>And <b>CustomerPortal Login Details</b> is sent to the EmailID :-$email<br><br>Thank You<br>Admin\";s:2:\"id\";i:4;}');
INSERT INTO com_xmai_workflowtasks VALUES ('5', '5', 'An Potential has been created ', 'O:11:\"VTEmailTask\":8:{s:18:\"executeImmediately\";b:0;s:10:\"workflowId\";i:5;s:7:\"summary\";s:30:\"An Potential has been created \";s:6:\"active\";b:1;s:9:\"recepient\";s:36:\"$(assigned_user_id : (Users) email1)\";s:7:\"subject\";s:30:\"Regarding Potential Assignment\";s:7:\"content\";s:325:\"An Potential has been assigned to you on xmaiCRM<br>Details of Potential are :<br><br>Potential No:<b>$potential_no</b><br>Potential Name:<b>$potentialname</b><br>Amount:<b>$amount</b><br>Expected Close Date:<b>$closingdate</b><br>Type:<b>$opportunity_type</b><br><br><br>Description :$description<br><br>Thank You<br>Admin\";s:2:\"id\";i:5;}');
INSERT INTO com_xmai_workflowtasks VALUES ('6', '6', 'Email Customer Portal Login Details', 'O:18:\"VTEntityMethodTask\":6:{s:18:\"executeImmediately\";b:1;s:10:\"workflowId\";i:6;s:7:\"summary\";s:35:\"Email Customer Portal Login Details\";s:6:\"active\";b:1;s:10:\"methodName\";s:22:\"SendPortalLoginDetails\";s:2:\"id\";i:6;}');
INSERT INTO com_xmai_workflowtasks VALUES ('7', '7', 'Notify Record Owner and the Related Contact when Ticket is created from Portal', 'O:18:\"VTEntityMethodTask\":6:{s:18:\"executeImmediately\";b:1;s:10:\"workflowId\";i:7;s:7:\"summary\";s:78:\"Notify Record Owner and the Related Contact when Ticket is created from Portal\";s:6:\"active\";b:1;s:10:\"methodName\";s:28:\"NotifyOnPortalTicketCreation\";s:2:\"id\";i:7;}');
INSERT INTO com_xmai_workflowtasks VALUES ('8', '8', 'Notify Record Owner when Comment is added to a Ticket from Customer Portal', 'O:18:\"VTEntityMethodTask\":6:{s:18:\"executeImmediately\";b:1;s:10:\"workflowId\";i:8;s:7:\"summary\";s:74:\"Notify Record Owner when Comment is added to a Ticket from Customer Portal\";s:6:\"active\";b:1;s:10:\"methodName\";s:27:\"NotifyOnPortalTicketComment\";s:2:\"id\";i:8;}');
INSERT INTO com_xmai_workflowtasks VALUES ('9', '9', 'Notify Record Owner on Ticket Change, which is not done from Portal', 'O:18:\"VTEntityMethodTask\":6:{s:18:\"executeImmediately\";b:1;s:10:\"workflowId\";i:9;s:7:\"summary\";s:67:\"Notify Record Owner on Ticket Change, which is not done from Portal\";s:6:\"active\";b:1;s:10:\"methodName\";s:25:\"NotifyOwnerOnTicketChange\";s:2:\"id\";i:9;}');
INSERT INTO com_xmai_workflowtasks VALUES ('10', '9', 'Notify Related Customer on Ticket Change, which is not done from Portal', 'O:18:\"VTEntityMethodTask\":6:{s:18:\"executeImmediately\";b:1;s:10:\"workflowId\";i:9;s:7:\"summary\";s:71:\"Notify Related Customer on Ticket Change, which is not done from Portal\";s:6:\"active\";b:1;s:10:\"methodName\";s:26:\"NotifyParentOnTicketChange\";s:2:\"id\";i:10;}');
INSERT INTO com_xmai_workflowtasks VALUES ('11', '10', 'Send Notification Email to Record Owner', 'O:11:\"VTEmailTask\":8:{s:18:\"executeImmediately\";b:0;s:10:\"workflowId\";i:10;s:7:\"summary\";s:39:\"Send Notification Email to Record Owner\";s:6:\"active\";b:1;s:9:\"recepient\";s:36:\"$(assigned_user_id : (Users) email1)\";s:7:\"subject\";s:17:\"Event :  $subject\";s:7:\"content\";s:817:\"$(assigned_user_id : (Users) first_name) $(assigned_user_id : (Users) last_name) ,<br/><b>Activity Notification Details:</b><br/>Subject             : $subject<br/>Start date and time : $date_start  $time_start ( $(general : (__xmaiMeta__) dbtimezone) ) <br/>End date and time   : $due_date  $time_end ( $(general : (__xmaiMeta__) dbtimezone) ) <br/>Status              : $eventstatus <br/>Priority            : $taskpriority <br/>Related To          : $(parent_id : (Leads) lastname) $(parent_id : (Leads) firstname) $(parent_id : (Accounts) accountname) $(parent_id : (Potentials) potentialname) $(parent_id : (HelpDesk) ticket_title) <br/>Contacts List       : $(contact_id : (Contacts) lastname) $(contact_id : (Contacts) firstname) <br/>Location            : $location <br/>Description         : $description\";s:2:\"id\";i:11;}');
INSERT INTO com_xmai_workflowtasks VALUES ('12', '11', 'Send Notification Email to Record Owner', 'O:11:\"VTEmailTask\":8:{s:18:\"executeImmediately\";b:0;s:10:\"workflowId\";i:11;s:7:\"summary\";s:39:\"Send Notification Email to Record Owner\";s:6:\"active\";b:1;s:9:\"recepient\";s:36:\"$(assigned_user_id : (Users) email1)\";s:7:\"subject\";s:16:\"Task :  $subject\";s:7:\"content\";s:797:\"$(assigned_user_id : (Users) first_name) $(assigned_user_id : (Users) last_name) ,<br/><b>Task Notification Details:</b><br/>Subject : $subject<br/>Start date and time : $date_start  $time_start ( $(general : (__xmaiMeta__) dbtimezone) ) <br/>End date and time   : $due_date ( $(general : (__xmaiMeta__) dbtimezone) ) <br/>Status              : $taskstatus <br/>Priority            : $taskpriority <br/>Related To          : $(parent_id : (Leads) lastname) $(parent_id : (Leads) firstname) $(parent_id : (Accounts) accountname) $(parent_id         : (Potentials) potentialname) $(parent_id : (HelpDesk) ticket_title) <br/>Contacts List       : $(contact_id : (Contacts) lastname) $(contact_id : (Contacts) firstname) <br/>Location            : $location <br/>Description         : $description\";s:2:\"id\";i:12;}');

-- ----------------------------
-- Table structure for `com_xmai_workflowtasks_entitymethod`
-- ----------------------------
DROP TABLE IF EXISTS `com_xmai_workflowtasks_entitymethod`;
CREATE TABLE `com_xmai_workflowtasks_entitymethod` (
  `workflowtasks_entitymethod_id` int(11) NOT NULL,
  `module_name` varchar(100) default NULL,
  `method_name` varchar(100) default NULL,
  `function_path` varchar(400) default NULL,
  `function_name` varchar(100) default NULL,
  PRIMARY KEY  (`workflowtasks_entitymethod_id`),
  UNIQUE KEY `com_xmai_workflowtasks_entitymethod_idx` (`workflowtasks_entitymethod_id`)
) ENGINE=InnoDB DEFAULT CHARSET=utf8;

-- ----------------------------
-- Records of com_xmai_workflowtasks_entitymethod
-- ----------------------------
INSERT INTO com_xmai_workflowtasks_entitymethod VALUES ('1', 'SalesOrder', 'UpdateInventory', 'include/InventoryHandler.php', 'handleInventoryProductRel');
INSERT INTO com_xmai_workflowtasks_entitymethod VALUES ('2', 'Invoice', 'UpdateInventory', 'include/InventoryHandler.php', 'handleInventoryProductRel');
INSERT INTO com_xmai_workflowtasks_entitymethod VALUES ('3', 'Contacts', 'SendPortalLoginDetails', 'modules/Contacts/ContactsHandler.php', 'Contacts_sendCustomerPortalLoginDetails');
INSERT INTO com_xmai_workflowtasks_entitymethod VALUES ('4', 'HelpDesk', 'NotifyOnPortalTicketCreation', 'modules/HelpDesk/HelpDeskHandler.php', 'HelpDesk_nofifyOnPortalTicketCreation');
INSERT INTO com_xmai_workflowtasks_entitymethod VALUES ('5', 'HelpDesk', 'NotifyOnPortalTicketComment', 'modules/HelpDesk/HelpDeskHandler.php', 'HelpDesk_notifyOnPortalTicketComment');
INSERT INTO com_xmai_workflowtasks_entitymethod VALUES ('6', 'HelpDesk', 'NotifyOwnerOnTicketChange', 'modules/HelpDesk/HelpDeskHandler.php', 'HelpDesk_notifyOwnerOnTicketChange');
INSERT INTO com_xmai_workflowtasks_entitymethod VALUES ('7', 'HelpDesk', 'NotifyParentOnTicketChange', 'modules/HelpDesk/HelpDeskHandler.php', 'HelpDesk_notifyParentOnTicketChange');

-- ----------------------------
-- Table structure for `com_xmai_workflowtasks_entitymethod_seq`
-- ----------------------------
DROP TABLE IF EXISTS `com_xmai_workflowtasks_entitymethod_seq`;
CREATE TABLE `com_xmai_workflowtasks_entitymethod_seq` (
  `id` int(11) NOT NULL
) ENGINE=MyISAM DEFAULT CHARSET=utf8;

-- ----------------------------
-- Records of com_xmai_workflowtasks_entitymethod_seq
-- ----------------------------
INSERT INTO com_xmai_workflowtasks_entitymethod_seq VALUES ('7');

-- ----------------------------
-- Table structure for `com_xmai_workflowtasks_seq`
-- ----------------------------
DROP TABLE IF EXISTS `com_xmai_workflowtasks_seq`;
CREATE TABLE `com_xmai_workflowtasks_seq` (
  `id` int(11) NOT NULL
) ENGINE=MyISAM DEFAULT CHARSET=utf8;

-- ----------------------------
-- Records of com_xmai_workflowtasks_seq
-- ----------------------------
INSERT INTO com_xmai_workflowtasks_seq VALUES ('12');

-- ----------------------------
-- Table structure for `com_xmai_workflowtask_queue`
-- ----------------------------
DROP TABLE IF EXISTS `com_xmai_workflowtask_queue`;
CREATE TABLE `com_xmai_workflowtask_queue` (
  `task_id` int(11) default NULL,
  `entity_id` varchar(100) default NULL,
  `do_after` int(11) default NULL,
  UNIQUE KEY `com_xmai_workflowtask_queue_idx` (`task_id`,`entity_id`)
) ENGINE=InnoDB DEFAULT CHARSET=utf8;

-- ----------------------------
-- Records of com_xmai_workflowtask_queue
-- ----------------------------

-- ----------------------------
-- Table structure for `com_xmai_workflowtemplates`
-- ----------------------------
DROP TABLE IF EXISTS `com_xmai_workflowtemplates`;
CREATE TABLE `com_xmai_workflowtemplates` (
  `template_id` int(11) NOT NULL auto_increment,
  `module_name` varchar(100) default NULL,
  `title` varchar(400) default NULL,
  `template` text,
  PRIMARY KEY  (`template_id`)
) ENGINE=InnoDB DEFAULT CHARSET=utf8;

-- ----------------------------
-- Records of com_xmai_workflowtemplates
-- ----------------------------

-- ----------------------------
-- Table structure for `com_xmai_workflow_activatedonce`
-- ----------------------------
DROP TABLE IF EXISTS `com_xmai_workflow_activatedonce`;
CREATE TABLE `com_xmai_workflow_activatedonce` (
  `workflow_id` int(11) NOT NULL,
  `entity_id` int(11) NOT NULL,
  PRIMARY KEY  (`workflow_id`,`entity_id`)
) ENGINE=InnoDB DEFAULT CHARSET=utf8;

-- ----------------------------
-- Records of com_xmai_workflow_activatedonce
-- ----------------------------

-- ----------------------------
-- Table structure for `xmai_account`
-- ----------------------------
DROP TABLE IF EXISTS `xmai_account`;
CREATE TABLE `xmai_account` (
  `accountid` int(19) NOT NULL default '0',
  `account_no` varchar(100) NOT NULL,
  `accountname` varchar(100) NOT NULL,
  `parentid` int(19) default '0',
  `account_type` varchar(200) default NULL,
  `industry` varchar(200) default NULL,
  `annualrevenue` int(19) default '0',
  `rating` varchar(200) default NULL,
  `ownership` varchar(50) default NULL,
  `siccode` varchar(50) default NULL,
  `tickersymbol` varchar(30) default NULL,
  `phone` varchar(30) default NULL,
  `otherphone` varchar(30) default NULL,
  `email1` varchar(100) default NULL,
  `email2` varchar(100) default NULL,
  `website` varchar(100) default NULL,
  `fax` varchar(30) default NULL,
  `employees` int(10) default '0',
  `emailoptout` varchar(3) default '0',
  `notify_owner` varchar(3) default '0',
  PRIMARY KEY  (`accountid`),
  KEY `account_account_type_idx` (`account_type`),
  CONSTRAINT `fk_1_xmai_account` FOREIGN KEY (`accountid`) REFERENCES `xmai_crmentity` (`crmid`) ON DELETE CASCADE
) ENGINE=InnoDB DEFAULT CHARSET=utf8;

-- ----------------------------
-- Records of xmai_account
-- ----------------------------
INSERT INTO xmai_account VALUES ('2', 'ACC1', 'xmai', '0', '', 'Not For Profit', '0', '', '', '', '', '(311) 410-4359', '', '', '', 'www.xmai.com', '', '0', '0', '0');
INSERT INTO xmai_account VALUES ('4', 'ACC2', 't3M Invest A/S', '0', '', 'Machinery', '0', '', '', '', '', '(560) 987-6813', '', '', '', 'www.t3minvesta/s.com', '', '0', '0', '0');
INSERT INTO xmai_account VALUES ('6', 'ACC3', 'EDFG Group Limited', '0', '', 'Chemicals', '0', '', '', '', '', '(670) 585-0749', '', '', '', 'www.edfggrouplimited.com', '', '0', '0', '0');
INSERT INTO xmai_account VALUES ('8', 'ACC4', 'xmaiCRM Inc', '0', '', 'Healthcare', '0', '', '', '', '', '(530) 150-6560', '', '', '', 'www.xmaicrminc.com', '', '0', '0', '0');
INSERT INTO xmai_account VALUES ('10', 'ACC5', 'X-CEED INC 99', '0', '', 'Consulting', '0', '', '', '', '', '(884) 580-0814', '', '', '', 'www.x-ceedinc99.com', '', '0', '0', '0');
INSERT INTO xmai_account VALUES ('12', 'ACC6', 'demoxmai', '0', '', 'Technology', '0', '', '', '', '', '(580) 198-5320', '', '', '', 'www.demoxmai.com', '', '0', '0', '0');
INSERT INTO xmai_account VALUES ('14', 'ACC7', 'usable-xmai', '0', '', 'Environmental', '0', '', '', '', '', '(271) 403-6410', '', '', '', 'www.usable-xmai.com', '', '0', '0', '0');
INSERT INTO xmai_account VALUES ('16', 'ACC8', 'gooduixmai', '0', '', 'Machinery', '0', '', '', '', '', '(827) 871-3608', '', '', '', 'www.gooduixmai.com', '', '0', '0', '0');
INSERT INTO xmai_account VALUES ('18', 'ACC9', 'xmaiuser', '0', '', 'Hospitality', '0', '', '', '', '', '(849) 273-8601', '', '', '', 'www.xmaiuser.com', '', '0', '0', '0');
INSERT INTO xmai_account VALUES ('20', 'ACC10', 'samplexmai', '0', '', 'Communications', '0', '', '', '', '', '(845) 065-8520', '', '', '', 'www.samplexmai.com', '', '0', '0', '0');

-- ----------------------------
-- Table structure for `xmai_accountbillads`
-- ----------------------------
DROP TABLE IF EXISTS `xmai_accountbillads`;
CREATE TABLE `xmai_accountbillads` (
  `accountaddressid` int(19) NOT NULL default '0',
  `bill_city` varchar(30) default NULL,
  `bill_code` varchar(30) default NULL,
  `bill_country` varchar(30) default NULL,
  `bill_state` varchar(30) default NULL,
  `bill_street` varchar(250) default NULL,
  `bill_pobox` varchar(30) default NULL,
  PRIMARY KEY  (`accountaddressid`),
  CONSTRAINT `fk_1_xmai_accountbillads` FOREIGN KEY (`accountaddressid`) REFERENCES `xmai_account` (`accountid`) ON DELETE CASCADE
) ENGINE=InnoDB DEFAULT CHARSET=utf8;

-- ----------------------------
-- Records of xmai_accountbillads
-- ----------------------------
INSERT INTO xmai_accountbillads VALUES ('2', 'Sunnyvale', '95218', 'USA', 'CA', '123 Anywhere Street', '');
INSERT INTO xmai_accountbillads VALUES ('4', 'San Mateo', '42851', 'USA', 'CA', '999 Baker Way', '');
INSERT INTO xmai_accountbillads VALUES ('6', 'San Jose', '15668', 'USA', 'CA', '345 Sugar Blvd.', '');
INSERT INTO xmai_accountbillads VALUES ('8', 'San Mateo', '65151', 'USA', 'CA', '1715 Scott Dr', '');
INSERT INTO xmai_accountbillads VALUES ('10', 'San Jose', '86626', 'USA', 'CA', '123 Anywhere Street', '');
INSERT INTO xmai_accountbillads VALUES ('12', 'Sunnyvale', '85031', 'USA', 'CA', '999 Baker Way', '');
INSERT INTO xmai_accountbillads VALUES ('14', 'San Mateo', '74193', 'USA', 'CA', '345 Sugar Blvd.', '');
INSERT INTO xmai_accountbillads VALUES ('16', 'San Mateo', '80795', 'USA', 'CA', '999 Baker Way', '');
INSERT INTO xmai_accountbillads VALUES ('18', 'Sunnyvale', '91191', 'USA', 'CA', '999 Baker Way', '');
INSERT INTO xmai_accountbillads VALUES ('20', 'San Jose', '94732', 'USA', 'CA', '999 Baker Way', '');

-- ----------------------------
-- Table structure for `xmai_accountdepstatus`
-- ----------------------------
DROP TABLE IF EXISTS `xmai_accountdepstatus`;
CREATE TABLE `xmai_accountdepstatus` (
  `deploymentstatusid` int(19) NOT NULL auto_increment,
  `deploymentstatus` varchar(200) NOT NULL,
  `sortorderid` int(19) NOT NULL default '0',
  `presence` int(1) NOT NULL default '1',
  PRIMARY KEY  (`deploymentstatusid`),
  UNIQUE KEY `accountdepstatus_deploymentstatus_idx` (`deploymentstatus`)
) ENGINE=InnoDB DEFAULT CHARSET=utf8;

-- ----------------------------
-- Records of xmai_accountdepstatus
-- ----------------------------

-- ----------------------------
-- Table structure for `xmai_accountownership`
-- ----------------------------
DROP TABLE IF EXISTS `xmai_accountownership`;
CREATE TABLE `xmai_accountownership` (
  `acctownershipid` int(19) NOT NULL auto_increment,
  `ownership` varchar(200) NOT NULL,
  `sortorderid` int(19) NOT NULL default '0',
  `presence` int(1) NOT NULL default '1',
  PRIMARY KEY  (`acctownershipid`),
  UNIQUE KEY `accountownership_ownership_idx` (`ownership`)
) ENGINE=InnoDB DEFAULT CHARSET=utf8;

-- ----------------------------
-- Records of xmai_accountownership
-- ----------------------------

-- ----------------------------
-- Table structure for `xmai_accountrating`
-- ----------------------------
DROP TABLE IF EXISTS `xmai_accountrating`;
CREATE TABLE `xmai_accountrating` (
  `accountratingid` int(19) NOT NULL auto_increment,
  `rating` varchar(200) NOT NULL,
  `sortorderid` int(19) NOT NULL default '0',
  `presence` int(1) NOT NULL default '1',
  PRIMARY KEY  (`accountratingid`),
  UNIQUE KEY `accountrating_rating_idx` (`rating`)
) ENGINE=InnoDB DEFAULT CHARSET=utf8;

-- ----------------------------
-- Records of xmai_accountrating
-- ----------------------------

-- ----------------------------
-- Table structure for `xmai_accountregion`
-- ----------------------------
DROP TABLE IF EXISTS `xmai_accountregion`;
CREATE TABLE `xmai_accountregion` (
  `accountregionid` int(19) NOT NULL auto_increment,
  `region` varchar(200) NOT NULL,
  `sortorderid` int(19) NOT NULL default '0',
  `presence` int(1) NOT NULL default '1',
  PRIMARY KEY  (`accountregionid`),
  UNIQUE KEY `accountregion_region_idx` (`region`)
) ENGINE=InnoDB DEFAULT CHARSET=utf8;

-- ----------------------------
-- Records of xmai_accountregion
-- ----------------------------

-- ----------------------------
-- Table structure for `xmai_accountscf`
-- ----------------------------
DROP TABLE IF EXISTS `xmai_accountscf`;
CREATE TABLE `xmai_accountscf` (
  `accountid` int(19) NOT NULL default '0',
  PRIMARY KEY  (`accountid`),
  CONSTRAINT `fk_1_xmai_accountscf` FOREIGN KEY (`accountid`) REFERENCES `xmai_account` (`accountid`) ON DELETE CASCADE
) ENGINE=InnoDB DEFAULT CHARSET=utf8;

-- ----------------------------
-- Records of xmai_accountscf
-- ----------------------------
INSERT INTO xmai_accountscf VALUES ('2');
INSERT INTO xmai_accountscf VALUES ('4');
INSERT INTO xmai_accountscf VALUES ('6');
INSERT INTO xmai_accountscf VALUES ('8');
INSERT INTO xmai_accountscf VALUES ('10');
INSERT INTO xmai_accountscf VALUES ('12');
INSERT INTO xmai_accountscf VALUES ('14');
INSERT INTO xmai_accountscf VALUES ('16');
INSERT INTO xmai_accountscf VALUES ('18');
INSERT INTO xmai_accountscf VALUES ('20');

-- ----------------------------
-- Table structure for `xmai_accountshipads`
-- ----------------------------
DROP TABLE IF EXISTS `xmai_accountshipads`;
CREATE TABLE `xmai_accountshipads` (
  `accountaddressid` int(19) NOT NULL default '0',
  `ship_city` varchar(30) default NULL,
  `ship_code` varchar(30) default NULL,
  `ship_country` varchar(30) default NULL,
  `ship_state` varchar(30) default NULL,
  `ship_pobox` varchar(30) default NULL,
  `ship_street` varchar(250) default NULL,
  PRIMARY KEY  (`accountaddressid`),
  CONSTRAINT `fk_1_xmai_accountshipads` FOREIGN KEY (`accountaddressid`) REFERENCES `xmai_account` (`accountid`) ON DELETE CASCADE
) ENGINE=InnoDB DEFAULT CHARSET=utf8;

-- ----------------------------
-- Records of xmai_accountshipads
-- ----------------------------
INSERT INTO xmai_accountshipads VALUES ('2', 'Sunnyvale', '95218', 'USA', 'CA', '', '123 Anywhere Street');
INSERT INTO xmai_accountshipads VALUES ('4', 'San Mateo', '42851', 'USA', 'CA', '', '999 Baker Way');
INSERT INTO xmai_accountshipads VALUES ('6', 'San Jose', '15668', 'USA', 'CA', '', '345 Sugar Blvd.');
INSERT INTO xmai_accountshipads VALUES ('8', 'San Mateo', '65151', 'USA', 'CA', '', '1715 Scott Dr');
INSERT INTO xmai_accountshipads VALUES ('10', 'San Jose', '86626', 'USA', 'CA', '', '123 Anywhere Street');
INSERT INTO xmai_accountshipads VALUES ('12', 'Sunnyvale', '85031', 'USA', 'CA', '', '999 Baker Way');
INSERT INTO xmai_accountshipads VALUES ('14', 'San Mateo', '74193', 'USA', 'CA', '', '345 Sugar Blvd.');
INSERT INTO xmai_accountshipads VALUES ('16', 'San Mateo', '80795', 'USA', 'CA', '', '999 Baker Way');
INSERT INTO xmai_accountshipads VALUES ('18', 'Sunnyvale', '91191', 'USA', 'CA', '', '999 Baker Way');
INSERT INTO xmai_accountshipads VALUES ('20', 'San Jose', '94732', 'USA', 'CA', '', '999 Baker Way');

-- ----------------------------
-- Table structure for `xmai_accounttype`
-- ----------------------------
DROP TABLE IF EXISTS `xmai_accounttype`;
CREATE TABLE `xmai_accounttype` (
  `accounttypeid` int(19) NOT NULL auto_increment,
  `accounttype` varchar(200) NOT NULL,
  `presence` int(1) NOT NULL default '1',
  `picklist_valueid` int(19) NOT NULL default '0',
  PRIMARY KEY  (`accounttypeid`),
  UNIQUE KEY `accounttype_accounttype_idx` (`accounttype`)
) ENGINE=InnoDB AUTO_INCREMENT=12 DEFAULT CHARSET=utf8;

-- ----------------------------
-- Records of xmai_accounttype
-- ----------------------------
INSERT INTO xmai_accounttype VALUES ('1', '--None--', '1', '1');
INSERT INTO xmai_accounttype VALUES ('2', 'Analyst', '1', '2');
INSERT INTO xmai_accounttype VALUES ('3', 'Competitor', '1', '3');
INSERT INTO xmai_accounttype VALUES ('4', 'Customer', '1', '4');
INSERT INTO xmai_accounttype VALUES ('5', 'Integrator', '1', '5');
INSERT INTO xmai_accounttype VALUES ('6', 'Investor', '1', '6');
INSERT INTO xmai_accounttype VALUES ('7', 'Partner', '1', '7');
INSERT INTO xmai_accounttype VALUES ('8', 'Press', '1', '8');
INSERT INTO xmai_accounttype VALUES ('9', 'Prospect', '1', '9');
INSERT INTO xmai_accounttype VALUES ('10', 'Reseller', '1', '10');
INSERT INTO xmai_accounttype VALUES ('11', 'Other', '1', '11');

-- ----------------------------
-- Table structure for `xmai_accounttype_seq`
-- ----------------------------
DROP TABLE IF EXISTS `xmai_accounttype_seq`;
CREATE TABLE `xmai_accounttype_seq` (
  `id` int(11) NOT NULL
) ENGINE=MyISAM DEFAULT CHARSET=utf8;

-- ----------------------------
-- Records of xmai_accounttype_seq
-- ----------------------------
INSERT INTO xmai_accounttype_seq VALUES ('11');

-- ----------------------------
-- Table structure for `xmai_actionmapping`
-- ----------------------------
DROP TABLE IF EXISTS `xmai_actionmapping`;
CREATE TABLE `xmai_actionmapping` (
  `actionid` int(19) NOT NULL,
  `actionname` varchar(200) NOT NULL,
  `securitycheck` int(19) default NULL,
  PRIMARY KEY  (`actionid`,`actionname`)
) ENGINE=InnoDB DEFAULT CHARSET=utf8;

-- ----------------------------
-- Records of xmai_actionmapping
-- ----------------------------
INSERT INTO xmai_actionmapping VALUES ('0', 'Save', '0');
INSERT INTO xmai_actionmapping VALUES ('0', 'SavePriceBook', '1');
INSERT INTO xmai_actionmapping VALUES ('0', 'SaveVendor', '1');
INSERT INTO xmai_actionmapping VALUES ('1', 'DetailViewAjax', '1');
INSERT INTO xmai_actionmapping VALUES ('1', 'EditView', '0');
INSERT INTO xmai_actionmapping VALUES ('1', 'PriceBookEditView', '1');
INSERT INTO xmai_actionmapping VALUES ('1', 'QuickCreate', '1');
INSERT INTO xmai_actionmapping VALUES ('1', 'VendorEditView', '1');
INSERT INTO xmai_actionmapping VALUES ('2', 'Delete', '0');
INSERT INTO xmai_actionmapping VALUES ('2', 'DeletePriceBook', '1');
INSERT INTO xmai_actionmapping VALUES ('2', 'DeleteVendor', '1');
INSERT INTO xmai_actionmapping VALUES ('3', 'index', '0');
INSERT INTO xmai_actionmapping VALUES ('3', 'Popup', '1');
INSERT INTO xmai_actionmapping VALUES ('4', 'DetailView', '0');
INSERT INTO xmai_actionmapping VALUES ('4', 'PriceBookDetailView', '1');
INSERT INTO xmai_actionmapping VALUES ('4', 'TagCloud', '1');
INSERT INTO xmai_actionmapping VALUES ('4', 'VendorDetailView', '1');
INSERT INTO xmai_actionmapping VALUES ('5', 'Import', '0');
INSERT INTO xmai_actionmapping VALUES ('6', 'Export', '0');
INSERT INTO xmai_actionmapping VALUES ('8', 'Merge', '0');
INSERT INTO xmai_actionmapping VALUES ('9', 'ConvertLead', '0');
INSERT INTO xmai_actionmapping VALUES ('10', 'DuplicatesHandling', '0');

-- ----------------------------
-- Table structure for `xmai_activity`
-- ----------------------------
DROP TABLE IF EXISTS `xmai_activity`;
CREATE TABLE `xmai_activity` (
  `activityid` int(19) NOT NULL default '0',
  `subject` varchar(100) NOT NULL,
  `semodule` varchar(20) default NULL,
  `activitytype` varchar(200) NOT NULL,
  `date_start` date NOT NULL,
  `due_date` date default NULL,
  `time_start` varchar(50) default NULL,
  `time_end` varchar(50) default NULL,
  `sendnotification` varchar(3) NOT NULL default '0',
  `duration_hours` varchar(200) default NULL,
  `duration_minutes` varchar(200) default NULL,
  `status` varchar(200) default NULL,
  `eventstatus` varchar(200) default NULL,
  `priority` varchar(200) default NULL,
  `location` varchar(150) default NULL,
  `notime` varchar(3) NOT NULL default '0',
  `visibility` varchar(50) NOT NULL default 'all',
  `recurringtype` varchar(200) default NULL,
  PRIMARY KEY  (`activityid`),
  KEY `activity_activityid_subject_idx` (`activityid`,`subject`),
  KEY `activity_activitytype_date_start_idx` (`activitytype`,`date_start`),
  KEY `activity_date_start_due_date_idx` (`date_start`,`due_date`),
  KEY `activity_date_start_time_start_idx` (`date_start`,`time_start`),
  KEY `activity_eventstatus_idx` (`eventstatus`),
  KEY `activity_status_idx` (`status`),
  CONSTRAINT `fk_1_xmai_activity` FOREIGN KEY (`activityid`) REFERENCES `xmai_crmentity` (`crmid`) ON DELETE CASCADE
) ENGINE=InnoDB DEFAULT CHARSET=utf8;

-- ----------------------------
-- Records of xmai_activity
-- ----------------------------
INSERT INTO xmai_activity VALUES ('94', 'xmai 5.0.3 Released', '', 'Emails', '2007-07-27', null, '', null, '0', null, null, null, null, null, null, '0', 'all', null);
INSERT INTO xmai_activity VALUES ('95', 'Try xmaicrm!', '', 'Emails', '2007-05-09', null, '', null, '0', null, null, null, null, null, null, '0', 'all', null);
INSERT INTO xmai_activity VALUES ('96', 'Hi There!!!', '', 'Emails', '2007-04-05', null, '', null, '0', null, null, null, null, null, null, '0', 'all', null);
INSERT INTO xmai_activity VALUES ('97', 'Welcome to Open Source', '', 'Emails', '2007-11-01', null, '', null, '0', null, null, null, null, null, null, '0', 'all', null);
INSERT INTO xmai_activity VALUES ('98', 'Help needed in customization of xmai', '', 'Emails', '2007-08-18', null, '', null, '0', null, null, null, null, null, null, '0', 'all', null);
INSERT INTO xmai_activity VALUES ('116', 'Tele Conference', null, 'Task', '2006-06-16', '2006-06-16', '02:27', '', '0', '', '', 'Completed', '', 'High', '', '0', '', '');
INSERT INTO xmai_activity VALUES ('117', 'Call user - John', null, 'Task', '2006-08-05', '2006-08-05', '04:51', '', '0', '', '', 'In Progress', '', 'Medium', '', '0', '', '');
INSERT INTO xmai_activity VALUES ('118', 'Call Smith', null, 'Call', '2006-08-16', '2006-08-16', '04:54', '14:09', '0', '0', '35', null, 'Planned', '', '', '0', 'Private', '');
INSERT INTO xmai_activity VALUES ('119', 'Team Meeting', null, 'Call', '2006-06-06', '2006-06-06', '09:08', '09:29', '0', '2', '49', null, 'Planned', '', '', '0', 'Public', '');
INSERT INTO xmai_activity VALUES ('120', 'Call Richie', null, 'Meeting', '2006-03-09', '2006-03-14', '11:01', '13:15', '0', '0', '30', null, 'Planned', '', '', '0', 'Private', 'Daily');
INSERT INTO xmai_activity VALUES ('121', 'Meeting with Don', null, 'Meeting', '2006-04-05', '2006-05-05', '07:13', '04:13', '0', '3', '37', null, 'Planned', '', '', '0', 'Public', 'Weekly');

-- ----------------------------
-- Table structure for `xmai_activitycf`
-- ----------------------------
DROP TABLE IF EXISTS `xmai_activitycf`;
CREATE TABLE `xmai_activitycf` (
  `activityid` int(19) NOT NULL default '0',
  PRIMARY KEY  (`activityid`)
) ENGINE=InnoDB DEFAULT CHARSET=utf8;

-- ----------------------------
-- Records of xmai_activitycf
-- ----------------------------
INSERT INTO xmai_activitycf VALUES ('116');
INSERT INTO xmai_activitycf VALUES ('117');
INSERT INTO xmai_activitycf VALUES ('118');
INSERT INTO xmai_activitycf VALUES ('119');
INSERT INTO xmai_activitycf VALUES ('120');
INSERT INTO xmai_activitycf VALUES ('121');

-- ----------------------------
-- Table structure for `xmai_activityproductrel`
-- ----------------------------
DROP TABLE IF EXISTS `xmai_activityproductrel`;
CREATE TABLE `xmai_activityproductrel` (
  `activityid` int(19) NOT NULL default '0',
  `productid` int(19) NOT NULL default '0',
  PRIMARY KEY  (`activityid`,`productid`),
  KEY `activityproductrel_activityid_idx` (`activityid`),
  KEY `activityproductrel_productid_idx` (`productid`),
  CONSTRAINT `fk_2_xmai_activityproductrel` FOREIGN KEY (`productid`) REFERENCES `xmai_products` (`productid`) ON DELETE CASCADE
) ENGINE=InnoDB DEFAULT CHARSET=utf8;

-- ----------------------------
-- Records of xmai_activityproductrel
-- ----------------------------

-- ----------------------------
-- Table structure for `xmai_activitytype`
-- ----------------------------
DROP TABLE IF EXISTS `xmai_activitytype`;
CREATE TABLE `xmai_activitytype` (
  `activitytypeid` int(19) NOT NULL auto_increment,
  `activitytype` varchar(200) NOT NULL,
  `presence` int(1) NOT NULL default '1',
  `picklist_valueid` int(19) NOT NULL default '0',
  PRIMARY KEY  (`activitytypeid`),
  UNIQUE KEY `activitytype_activitytype_idx` (`activitytype`)
) ENGINE=InnoDB AUTO_INCREMENT=3 DEFAULT CHARSET=utf8;

-- ----------------------------
-- Records of xmai_activitytype
-- ----------------------------
INSERT INTO xmai_activitytype VALUES ('1', 'Call', '0', '12');
INSERT INTO xmai_activitytype VALUES ('2', 'Meeting', '0', '13');

-- ----------------------------
-- Table structure for `xmai_activitytype_seq`
-- ----------------------------
DROP TABLE IF EXISTS `xmai_activitytype_seq`;
CREATE TABLE `xmai_activitytype_seq` (
  `id` int(11) NOT NULL
) ENGINE=MyISAM DEFAULT CHARSET=utf8;

-- ----------------------------
-- Records of xmai_activitytype_seq
-- ----------------------------
INSERT INTO xmai_activitytype_seq VALUES ('2');

-- ----------------------------
-- Table structure for `xmai_activity_reminder`
-- ----------------------------
DROP TABLE IF EXISTS `xmai_activity_reminder`;
CREATE TABLE `xmai_activity_reminder` (
  `activity_id` int(11) NOT NULL,
  `reminder_time` int(11) NOT NULL,
  `reminder_sent` int(2) NOT NULL,
  `recurringid` int(19) NOT NULL,
  PRIMARY KEY  (`activity_id`,`recurringid`)
) ENGINE=InnoDB DEFAULT CHARSET=utf8;

-- ----------------------------
-- Records of xmai_activity_reminder
-- ----------------------------

-- ----------------------------
-- Table structure for `xmai_activity_reminder_popup`
-- ----------------------------
DROP TABLE IF EXISTS `xmai_activity_reminder_popup`;
CREATE TABLE `xmai_activity_reminder_popup` (
  `reminderid` int(19) NOT NULL auto_increment,
  `semodule` varchar(100) NOT NULL,
  `recordid` int(19) NOT NULL,
  `date_start` date NOT NULL,
  `time_start` varchar(100) NOT NULL,
  `status` int(2) NOT NULL,
  PRIMARY KEY  (`reminderid`)
) ENGINE=InnoDB AUTO_INCREMENT=7 DEFAULT CHARSET=utf8;

-- ----------------------------
-- Records of xmai_activity_reminder_popup
-- ----------------------------
INSERT INTO xmai_activity_reminder_popup VALUES ('1', 'Calendar', '116', '2006-06-16', '02:27', '1');
INSERT INTO xmai_activity_reminder_popup VALUES ('2', 'Calendar', '117', '2006-08-05', '04:51', '1');
INSERT INTO xmai_activity_reminder_popup VALUES ('3', 'Calendar', '118', '2006-08-16', '04:54', '1');
INSERT INTO xmai_activity_reminder_popup VALUES ('4', 'Calendar', '119', '2006-06-06', '09:08', '1');
INSERT INTO xmai_activity_reminder_popup VALUES ('5', 'Calendar', '120', '2006-03-09', '11:01', '1');
INSERT INTO xmai_activity_reminder_popup VALUES ('6', 'Calendar', '121', '2006-04-05', '07:13', '1');

-- ----------------------------
-- Table structure for `xmai_activity_view`
-- ----------------------------
DROP TABLE IF EXISTS `xmai_activity_view`;
CREATE TABLE `xmai_activity_view` (
  `activity_viewid` int(19) NOT NULL auto_increment,
  `activity_view` varchar(200) NOT NULL,
  `sortorderid` int(19) NOT NULL default '0',
  `presence` int(1) NOT NULL default '1',
  PRIMARY KEY  (`activity_viewid`)
) ENGINE=InnoDB AUTO_INCREMENT=5 DEFAULT CHARSET=utf8;

-- ----------------------------
-- Records of xmai_activity_view
-- ----------------------------
INSERT INTO xmai_activity_view VALUES ('1', 'Today', '0', '1');
INSERT INTO xmai_activity_view VALUES ('2', 'This Week', '1', '1');
INSERT INTO xmai_activity_view VALUES ('3', 'This Month', '2', '1');
INSERT INTO xmai_activity_view VALUES ('4', 'This Year', '3', '1');

-- ----------------------------
-- Table structure for `xmai_activity_view_seq`
-- ----------------------------
DROP TABLE IF EXISTS `xmai_activity_view_seq`;
CREATE TABLE `xmai_activity_view_seq` (
  `id` int(11) NOT NULL
) ENGINE=MyISAM DEFAULT CHARSET=utf8;

-- ----------------------------
-- Records of xmai_activity_view_seq
-- ----------------------------
INSERT INTO xmai_activity_view_seq VALUES ('4');

-- ----------------------------
-- Table structure for `xmai_activsubtype`
-- ----------------------------
DROP TABLE IF EXISTS `xmai_activsubtype`;
CREATE TABLE `xmai_activsubtype` (
  `activesubtypeid` int(19) NOT NULL auto_increment,
  `activsubtype` varchar(100) default NULL,
  `sortorderid` int(19) NOT NULL default '0',
  `presence` int(1) NOT NULL default '1',
  PRIMARY KEY  (`activesubtypeid`)
) ENGINE=InnoDB DEFAULT CHARSET=utf8;

-- ----------------------------
-- Records of xmai_activsubtype
-- ----------------------------

-- ----------------------------
-- Table structure for `xmai_announcement`
-- ----------------------------
DROP TABLE IF EXISTS `xmai_announcement`;
CREATE TABLE `xmai_announcement` (
  `creatorid` int(19) NOT NULL,
  `announcement` text,
  `title` varchar(255) default NULL,
  `time` timestamp NOT NULL default CURRENT_TIMESTAMP on update CURRENT_TIMESTAMP,
  PRIMARY KEY  (`creatorid`),
  KEY `announcement_creatorid_idx` (`creatorid`)
) ENGINE=InnoDB DEFAULT CHARSET=utf8;

-- ----------------------------
-- Records of xmai_announcement
-- ----------------------------

-- ----------------------------
-- Table structure for `xmai_assets`
-- ----------------------------
DROP TABLE IF EXISTS `xmai_assets`;
CREATE TABLE `xmai_assets` (
  `assetsid` int(11) NOT NULL,
  `asset_no` varchar(30) NOT NULL,
  `account` int(19) NOT NULL,
  `product` int(19) NOT NULL,
  `serialnumber` varchar(200) NOT NULL,
  `datesold` date NOT NULL,
  `dateinservice` date NOT NULL,
  `assetstatus` varchar(200) default 'In Service',
  `tagnumber` varchar(300) default NULL,
  `invoiceid` int(19) default NULL,
  `shippingmethod` varchar(200) default NULL,
  `shippingtrackingnumber` varchar(200) default NULL,
  `assetname` varchar(100) default NULL,
  PRIMARY KEY  (`assetsid`),
  CONSTRAINT `fk_1_xmai_assets` FOREIGN KEY (`assetsid`) REFERENCES `xmai_crmentity` (`crmid`) ON DELETE CASCADE
) ENGINE=InnoDB DEFAULT CHARSET=utf8;

-- ----------------------------
-- Records of xmai_assets
-- ----------------------------
INSERT INTO xmai_assets VALUES ('125', '', '0', '0', '', '2012-07-28', '2012-07-28', 'In Service', '', '0', '', '', '');

-- ----------------------------
-- Table structure for `xmai_assetscf`
-- ----------------------------
DROP TABLE IF EXISTS `xmai_assetscf`;
CREATE TABLE `xmai_assetscf` (
  `assetsid` int(19) NOT NULL,
  PRIMARY KEY  (`assetsid`)
) ENGINE=InnoDB DEFAULT CHARSET=utf8;

-- ----------------------------
-- Records of xmai_assetscf
-- ----------------------------
INSERT INTO xmai_assetscf VALUES ('125');

-- ----------------------------
-- Table structure for `xmai_assetstatus`
-- ----------------------------
DROP TABLE IF EXISTS `xmai_assetstatus`;
CREATE TABLE `xmai_assetstatus` (
  `assetstatusid` int(11) NOT NULL auto_increment,
  `assetstatus` varchar(200) NOT NULL,
  `presence` int(1) NOT NULL default '1',
  `picklist_valueid` int(11) NOT NULL default '0',
  PRIMARY KEY  (`assetstatusid`)
) ENGINE=InnoDB AUTO_INCREMENT=3 DEFAULT CHARSET=utf8;

-- ----------------------------
-- Records of xmai_assetstatus
-- ----------------------------
INSERT INTO xmai_assetstatus VALUES ('1', 'In Service', '1', '235');
INSERT INTO xmai_assetstatus VALUES ('2', 'Out-of-service', '1', '236');

-- ----------------------------
-- Table structure for `xmai_assetstatus_seq`
-- ----------------------------
DROP TABLE IF EXISTS `xmai_assetstatus_seq`;
CREATE TABLE `xmai_assetstatus_seq` (
  `id` int(11) NOT NULL
) ENGINE=MyISAM DEFAULT CHARSET=utf8;

-- ----------------------------
-- Records of xmai_assetstatus_seq
-- ----------------------------
INSERT INTO xmai_assetstatus_seq VALUES ('2');

-- ----------------------------
-- Table structure for `xmai_asterisk`
-- ----------------------------
DROP TABLE IF EXISTS `xmai_asterisk`;
CREATE TABLE `xmai_asterisk` (
  `server` varchar(30) default NULL,
  `port` varchar(30) default NULL,
  `username` varchar(50) default NULL,
  `password` varchar(50) default NULL,
  `version` varchar(50) default NULL
) ENGINE=InnoDB DEFAULT CHARSET=utf8;

-- ----------------------------
-- Records of xmai_asterisk
-- ----------------------------

-- ----------------------------
-- Table structure for `xmai_asteriskextensions`
-- ----------------------------
DROP TABLE IF EXISTS `xmai_asteriskextensions`;
CREATE TABLE `xmai_asteriskextensions` (
  `userid` int(11) default NULL,
  `asterisk_extension` varchar(50) default NULL,
  `use_asterisk` varchar(3) default NULL
) ENGINE=InnoDB DEFAULT CHARSET=utf8;

-- ----------------------------
-- Records of xmai_asteriskextensions
-- ----------------------------
INSERT INTO xmai_asteriskextensions VALUES ('1', '', '');

-- ----------------------------
-- Table structure for `xmai_asteriskincomingcalls`
-- ----------------------------
DROP TABLE IF EXISTS `xmai_asteriskincomingcalls`;
CREATE TABLE `xmai_asteriskincomingcalls` (
  `from_number` varchar(50) default NULL,
  `from_name` varchar(50) default NULL,
  `to_number` varchar(50) default NULL,
  `callertype` varchar(30) default NULL,
  `flag` int(19) default NULL,
  `timer` int(19) default NULL,
  `refuid` varchar(255) default NULL
) ENGINE=InnoDB DEFAULT CHARSET=utf8;

-- ----------------------------
-- Records of xmai_asteriskincomingcalls
-- ----------------------------

-- ----------------------------
-- Table structure for `xmai_asteriskincomingevents`
-- ----------------------------
DROP TABLE IF EXISTS `xmai_asteriskincomingevents`;
CREATE TABLE `xmai_asteriskincomingevents` (
  `uid` varchar(255) NOT NULL,
  `channel` varchar(100) default NULL,
  `from_number` bigint(20) default NULL,
  `from_name` varchar(100) default NULL,
  `to_number` bigint(20) default NULL,
  `callertype` varchar(100) default NULL,
  `timer` int(20) default NULL,
  `flag` varchar(3) default NULL,
  `pbxrecordid` int(19) default NULL,
  `relcrmid` int(19) default NULL,
  PRIMARY KEY  (`uid`)
) ENGINE=MyISAM DEFAULT CHARSET=utf8;

-- ----------------------------
-- Records of xmai_asteriskincomingevents
-- ----------------------------

-- ----------------------------
-- Table structure for `xmai_attachments`
-- ----------------------------
DROP TABLE IF EXISTS `xmai_attachments`;
CREATE TABLE `xmai_attachments` (
  `attachmentsid` int(19) NOT NULL,
  `name` varchar(255) NOT NULL,
  `description` text,
  `type` varchar(100) default NULL,
  `path` text,
  `subject` varchar(255) default NULL,
  PRIMARY KEY  (`attachmentsid`),
  KEY `attachments_attachmentsid_idx` (`attachmentsid`),
  CONSTRAINT `fk_1_xmai_attachments` FOREIGN KEY (`attachmentsid`) REFERENCES `xmai_crmentity` (`crmid`) ON DELETE CASCADE
) ENGINE=InnoDB DEFAULT CHARSET=utf8;

-- ----------------------------
-- Records of xmai_attachments
-- ----------------------------

-- ----------------------------
-- Table structure for `xmai_attachmentsfolder`
-- ----------------------------
DROP TABLE IF EXISTS `xmai_attachmentsfolder`;
CREATE TABLE `xmai_attachmentsfolder` (
  `folderid` int(19) NOT NULL auto_increment,
  `foldername` varchar(200) NOT NULL,
  `description` varchar(250) default NULL,
  `createdby` int(19) NOT NULL,
  `sequence` int(19) default NULL,
  PRIMARY KEY  (`folderid`)
) ENGINE=InnoDB AUTO_INCREMENT=2 DEFAULT CHARSET=utf8;

-- ----------------------------
-- Records of xmai_attachmentsfolder
-- ----------------------------
INSERT INTO xmai_attachmentsfolder VALUES ('1', 'Default', 'This is a Default Folder', '1', '1');

-- ----------------------------
-- Table structure for `xmai_attachmentsfolder_seq`
-- ----------------------------
DROP TABLE IF EXISTS `xmai_attachmentsfolder_seq`;
CREATE TABLE `xmai_attachmentsfolder_seq` (
  `id` int(11) NOT NULL
) ENGINE=MyISAM DEFAULT CHARSET=utf8;

-- ----------------------------
-- Records of xmai_attachmentsfolder_seq
-- ----------------------------
INSERT INTO xmai_attachmentsfolder_seq VALUES ('1');

-- ----------------------------
-- Table structure for `xmai_audit_trial`
-- ----------------------------
DROP TABLE IF EXISTS `xmai_audit_trial`;
CREATE TABLE `xmai_audit_trial` (
  `auditid` int(19) NOT NULL,
  `userid` int(19) default NULL,
  `module` varchar(255) default NULL,
  `action` varchar(255) default NULL,
  `recordid` varchar(20) default NULL,
  `actiondate` datetime default NULL,
  PRIMARY KEY  (`auditid`)
) ENGINE=InnoDB DEFAULT CHARSET=utf8;

-- ----------------------------
-- Records of xmai_audit_trial
-- ----------------------------

-- ----------------------------
-- Table structure for `xmai_blocks`
-- ----------------------------
DROP TABLE IF EXISTS `xmai_blocks`;
CREATE TABLE `xmai_blocks` (
  `blockid` int(19) NOT NULL,
  `tabid` int(19) NOT NULL,
  `blocklabel` varchar(100) NOT NULL,
  `sequence` int(10) default NULL,
  `show_title` int(2) default NULL,
  `visible` int(2) NOT NULL default '0',
  `create_view` int(2) NOT NULL default '0',
  `edit_view` int(2) NOT NULL default '0',
  `detail_view` int(2) NOT NULL default '0',
  `display_status` int(1) NOT NULL default '1',
  `iscustom` int(1) NOT NULL default '0',
  PRIMARY KEY  (`blockid`),
  KEY `block_tabid_idx` (`tabid`),
  CONSTRAINT `fk_1_xmai_blocks` FOREIGN KEY (`tabid`) REFERENCES `xmai_tab` (`tabid`) ON DELETE CASCADE
) ENGINE=InnoDB DEFAULT CHARSET=utf8;

-- ----------------------------
-- Records of xmai_blocks
-- ----------------------------
INSERT INTO xmai_blocks VALUES ('1', '2', 'LBL_OPPORTUNITY_INFORMATION', '1', '0', '0', '0', '0', '0', '1', '0');
INSERT INTO xmai_blocks VALUES ('2', '2', 'LBL_CUSTOM_INFORMATION', '2', '0', '0', '0', '0', '0', '1', '0');
INSERT INTO xmai_blocks VALUES ('3', '2', 'LBL_DESCRIPTION_INFORMATION', '3', '0', '0', '0', '0', '0', '1', '0');
INSERT INTO xmai_blocks VALUES ('4', '4', 'LBL_CONTACT_INFORMATION', '1', '0', '0', '0', '0', '0', '1', '0');
INSERT INTO xmai_blocks VALUES ('5', '4', 'LBL_CUSTOM_INFORMATION', '2', '0', '0', '0', '0', '0', '1', '0');
INSERT INTO xmai_blocks VALUES ('6', '4', 'LBL_CUSTOMER_PORTAL_INFORMATION', '3', '0', '0', '0', '0', '0', '1', '0');
INSERT INTO xmai_blocks VALUES ('7', '4', 'LBL_ADDRESS_INFORMATION', '4', '0', '0', '0', '0', '0', '1', '0');
INSERT INTO xmai_blocks VALUES ('8', '4', 'LBL_DESCRIPTION_INFORMATION', '5', '0', '0', '0', '0', '0', '1', '0');
INSERT INTO xmai_blocks VALUES ('9', '6', 'LBL_ACCOUNT_INFORMATION', '1', '0', '0', '0', '0', '0', '1', '0');
INSERT INTO xmai_blocks VALUES ('10', '6', 'LBL_CUSTOM_INFORMATION', '2', '0', '0', '0', '0', '0', '1', '0');
INSERT INTO xmai_blocks VALUES ('11', '6', 'LBL_ADDRESS_INFORMATION', '3', '0', '0', '0', '0', '0', '1', '0');
INSERT INTO xmai_blocks VALUES ('12', '6', 'LBL_DESCRIPTION_INFORMATION', '4', '0', '0', '0', '0', '0', '1', '0');
INSERT INTO xmai_blocks VALUES ('13', '7', 'LBL_LEAD_INFORMATION', '1', '0', '0', '0', '0', '0', '1', '0');
INSERT INTO xmai_blocks VALUES ('14', '7', 'LBL_CUSTOM_INFORMATION', '2', '0', '0', '0', '0', '0', '1', '0');
INSERT INTO xmai_blocks VALUES ('15', '7', 'LBL_ADDRESS_INFORMATION', '3', '0', '0', '0', '0', '0', '1', '0');
INSERT INTO xmai_blocks VALUES ('16', '7', 'LBL_DESCRIPTION_INFORMATION', '4', '0', '0', '0', '0', '0', '1', '0');
INSERT INTO xmai_blocks VALUES ('17', '8', 'LBL_NOTE_INFORMATION', '1', '0', '0', '0', '0', '0', '1', '0');
INSERT INTO xmai_blocks VALUES ('18', '8', 'LBL_FILE_INFORMATION', '3', '1', '0', '0', '0', '0', '1', '0');
INSERT INTO xmai_blocks VALUES ('19', '9', 'LBL_TASK_INFORMATION', '1', '0', '0', '0', '0', '0', '1', '0');
INSERT INTO xmai_blocks VALUES ('20', '9', '', '2', '1', '0', '0', '0', '0', '1', '0');
INSERT INTO xmai_blocks VALUES ('21', '10', 'LBL_EMAIL_INFORMATION', '1', '0', '0', '0', '0', '0', '1', '0');
INSERT INTO xmai_blocks VALUES ('22', '10', '', '2', '1', '0', '0', '0', '0', '1', '0');
INSERT INTO xmai_blocks VALUES ('23', '10', '', '3', '1', '0', '0', '0', '0', '1', '0');
INSERT INTO xmai_blocks VALUES ('24', '10', '', '4', '1', '0', '0', '0', '0', '1', '0');
INSERT INTO xmai_blocks VALUES ('25', '13', 'LBL_TICKET_INFORMATION', '1', '0', '0', '0', '0', '0', '1', '0');
INSERT INTO xmai_blocks VALUES ('26', '13', '', '2', '1', '0', '0', '0', '0', '1', '0');
INSERT INTO xmai_blocks VALUES ('27', '13', 'LBL_CUSTOM_INFORMATION', '3', '0', '0', '0', '0', '0', '1', '0');
INSERT INTO xmai_blocks VALUES ('28', '13', 'LBL_DESCRIPTION_INFORMATION', '4', '0', '0', '0', '0', '0', '1', '0');
INSERT INTO xmai_blocks VALUES ('29', '13', 'LBL_TICKET_RESOLUTION', '5', '0', '0', '1', '0', '0', '1', '0');
INSERT INTO xmai_blocks VALUES ('30', '13', 'LBL_COMMENTS', '6', '0', '0', '1', '0', '0', '1', '0');
INSERT INTO xmai_blocks VALUES ('31', '14', 'LBL_PRODUCT_INFORMATION', '1', '0', '0', '0', '0', '0', '1', '0');
INSERT INTO xmai_blocks VALUES ('32', '14', 'LBL_PRICING_INFORMATION', '2', '0', '0', '0', '0', '0', '1', '0');
INSERT INTO xmai_blocks VALUES ('33', '14', 'LBL_STOCK_INFORMATION', '3', '0', '0', '0', '0', '0', '1', '0');
INSERT INTO xmai_blocks VALUES ('34', '14', 'LBL_CUSTOM_INFORMATION', '4', '0', '0', '0', '0', '0', '1', '0');
INSERT INTO xmai_blocks VALUES ('35', '14', 'LBL_IMAGE_INFORMATION', '5', '0', '0', '0', '0', '0', '1', '0');
INSERT INTO xmai_blocks VALUES ('36', '14', 'LBL_DESCRIPTION_INFORMATION', '6', '0', '0', '0', '0', '0', '1', '0');
INSERT INTO xmai_blocks VALUES ('37', '15', 'LBL_FAQ_INFORMATION', '1', '0', '0', '0', '0', '0', '1', '0');
INSERT INTO xmai_blocks VALUES ('38', '15', 'LBL_COMMENT_INFORMATION', '4', '0', '0', '1', '0', '0', '1', '0');
INSERT INTO xmai_blocks VALUES ('39', '16', 'LBL_EVENT_INFORMATION', '1', '0', '0', '0', '0', '0', '1', '0');
INSERT INTO xmai_blocks VALUES ('40', '16', '', '2', '1', '0', '0', '0', '0', '1', '0');
INSERT INTO xmai_blocks VALUES ('41', '16', '', '3', '1', '0', '0', '0', '0', '1', '0');
INSERT INTO xmai_blocks VALUES ('42', '18', 'LBL_VENDOR_INFORMATION', '1', '0', '0', '0', '0', '0', '1', '0');
INSERT INTO xmai_blocks VALUES ('43', '18', 'LBL_CUSTOM_INFORMATION', '2', '0', '0', '0', '0', '0', '1', '0');
INSERT INTO xmai_blocks VALUES ('44', '18', 'LBL_VENDOR_ADDRESS_INFORMATION', '3', '0', '0', '0', '0', '0', '1', '0');
INSERT INTO xmai_blocks VALUES ('45', '18', 'LBL_DESCRIPTION_INFORMATION', '4', '0', '0', '0', '0', '0', '1', '0');
INSERT INTO xmai_blocks VALUES ('46', '19', 'LBL_PRICEBOOK_INFORMATION', '1', '0', '0', '0', '0', '0', '1', '0');
INSERT INTO xmai_blocks VALUES ('47', '19', 'LBL_CUSTOM_INFORMATION', '2', '0', '0', '0', '0', '0', '1', '0');
INSERT INTO xmai_blocks VALUES ('48', '19', 'LBL_DESCRIPTION_INFORMATION', '3', '0', '0', '0', '0', '0', '1', '0');
INSERT INTO xmai_blocks VALUES ('49', '20', 'LBL_QUOTE_INFORMATION', '1', '0', '0', '0', '0', '0', '1', '0');
INSERT INTO xmai_blocks VALUES ('50', '20', 'LBL_CUSTOM_INFORMATION', '2', '0', '0', '0', '0', '0', '1', '0');
INSERT INTO xmai_blocks VALUES ('51', '20', 'LBL_ADDRESS_INFORMATION', '3', '0', '0', '0', '0', '0', '1', '0');
INSERT INTO xmai_blocks VALUES ('52', '20', 'LBL_RELATED_PRODUCTS', '4', '0', '0', '0', '0', '0', '1', '0');
INSERT INTO xmai_blocks VALUES ('53', '20', 'LBL_TERMS_INFORMATION', '5', '0', '0', '0', '0', '0', '1', '0');
INSERT INTO xmai_blocks VALUES ('54', '20', 'LBL_DESCRIPTION_INFORMATION', '6', '0', '0', '0', '0', '0', '1', '0');
INSERT INTO xmai_blocks VALUES ('55', '21', 'LBL_PO_INFORMATION', '1', '0', '0', '0', '0', '0', '1', '0');
INSERT INTO xmai_blocks VALUES ('56', '21', 'LBL_CUSTOM_INFORMATION', '2', '0', '0', '0', '0', '0', '1', '0');
INSERT INTO xmai_blocks VALUES ('57', '21', 'LBL_ADDRESS_INFORMATION', '3', '0', '0', '0', '0', '0', '1', '0');
INSERT INTO xmai_blocks VALUES ('58', '21', 'LBL_RELATED_PRODUCTS', '4', '0', '0', '0', '0', '0', '1', '0');
INSERT INTO xmai_blocks VALUES ('59', '21', 'LBL_TERMS_INFORMATION', '5', '0', '0', '0', '0', '0', '1', '0');
INSERT INTO xmai_blocks VALUES ('60', '21', 'LBL_DESCRIPTION_INFORMATION', '6', '0', '0', '0', '0', '0', '1', '0');
INSERT INTO xmai_blocks VALUES ('61', '22', 'LBL_SO_INFORMATION', '1', '0', '0', '0', '0', '0', '1', '0');
INSERT INTO xmai_blocks VALUES ('62', '22', 'LBL_CUSTOM_INFORMATION', '3', '0', '0', '0', '0', '0', '1', '0');
INSERT INTO xmai_blocks VALUES ('63', '22', 'LBL_ADDRESS_INFORMATION', '4', '0', '0', '0', '0', '0', '1', '0');
INSERT INTO xmai_blocks VALUES ('64', '22', 'LBL_RELATED_PRODUCTS', '5', '0', '0', '0', '0', '0', '1', '0');
INSERT INTO xmai_blocks VALUES ('65', '22', 'LBL_TERMS_INFORMATION', '6', '0', '0', '0', '0', '0', '1', '0');
INSERT INTO xmai_blocks VALUES ('66', '22', 'LBL_DESCRIPTION_INFORMATION', '7', '0', '0', '0', '0', '0', '1', '0');
INSERT INTO xmai_blocks VALUES ('67', '23', 'LBL_INVOICE_INFORMATION', '1', '0', '0', '0', '0', '0', '1', '0');
INSERT INTO xmai_blocks VALUES ('68', '23', 'LBL_CUSTOM_INFORMATION', '2', '0', '0', '0', '0', '0', '1', '0');
INSERT INTO xmai_blocks VALUES ('69', '23', 'LBL_ADDRESS_INFORMATION', '3', '0', '0', '0', '0', '0', '1', '0');
INSERT INTO xmai_blocks VALUES ('70', '23', 'LBL_RELATED_PRODUCTS', '4', '0', '0', '0', '0', '0', '1', '0');
INSERT INTO xmai_blocks VALUES ('71', '23', 'LBL_TERMS_INFORMATION', '5', '0', '0', '0', '0', '0', '1', '0');
INSERT INTO xmai_blocks VALUES ('72', '23', 'LBL_DESCRIPTION_INFORMATION', '6', '0', '0', '0', '0', '0', '1', '0');
INSERT INTO xmai_blocks VALUES ('73', '4', 'LBL_IMAGE_INFORMATION', '6', '0', '0', '0', '0', '0', '1', '0');
INSERT INTO xmai_blocks VALUES ('74', '26', 'LBL_CAMPAIGN_INFORMATION', '1', '0', '0', '0', '0', '0', '1', '0');
INSERT INTO xmai_blocks VALUES ('75', '26', 'LBL_CUSTOM_INFORMATION', '2', '0', '0', '0', '0', '0', '1', '0');
INSERT INTO xmai_blocks VALUES ('76', '26', 'LBL_EXPECTATIONS_AND_ACTUALS', '3', '0', '0', '0', '0', '0', '1', '0');
INSERT INTO xmai_blocks VALUES ('77', '29', 'LBL_USERLOGIN_ROLE', '1', '0', '0', '0', '0', '0', '1', '0');
INSERT INTO xmai_blocks VALUES ('78', '29', 'LBL_CURRENCY_CONFIGURATION', '2', '0', '0', '0', '0', '0', '1', '0');
INSERT INTO xmai_blocks VALUES ('79', '29', 'LBL_MORE_INFORMATION', '3', '0', '0', '0', '0', '0', '1', '0');
INSERT INTO xmai_blocks VALUES ('80', '29', 'LBL_ADDRESS_INFORMATION', '4', '0', '0', '0', '0', '0', '1', '0');
INSERT INTO xmai_blocks VALUES ('81', '26', 'LBL_DESCRIPTION_INFORMATION', '4', '0', '0', '0', '0', '0', '1', '0');
INSERT INTO xmai_blocks VALUES ('82', '29', 'LBL_USER_IMAGE_INFORMATION', '4', '0', '0', '0', '0', '0', '1', '0');
INSERT INTO xmai_blocks VALUES ('83', '29', 'LBL_USER_ADV_OPTIONS', '5', '0', '0', '0', '0', '0', '1', '0');
INSERT INTO xmai_blocks VALUES ('84', '8', 'LBL_DESCRIPTION', '2', '0', '0', '0', '0', '0', '1', '0');
INSERT INTO xmai_blocks VALUES ('85', '22', 'Recurring Invoice Information', '2', '0', '0', '0', '0', '0', '1', '0');
INSERT INTO xmai_blocks VALUES ('86', '9', 'LBL_CUSTOM_INFORMATION', '3', '0', '0', '0', '0', '0', '1', '0');
INSERT INTO xmai_blocks VALUES ('87', '16', 'LBL_CUSTOM_INFORMATION', '4', '0', '0', '0', '0', '0', '1', '0');
INSERT INTO xmai_blocks VALUES ('88', '36', 'LBL_CALL_INFORMATION', '1', '0', '0', '0', '0', '0', '1', '0');
INSERT INTO xmai_blocks VALUES ('89', '36', 'LBL_CUSTOM_INFORMATION', '2', '0', '0', '0', '0', '0', '1', '0');
INSERT INTO xmai_blocks VALUES ('90', '29', 'Asterisk Configuration', '6', '0', '0', '0', '0', '0', '1', '0');
INSERT INTO xmai_blocks VALUES ('91', '37', 'LBL_SERVICE_CONTRACT_INFORMATION', '1', '0', '0', '0', '0', '0', '1', '0');
INSERT INTO xmai_blocks VALUES ('92', '37', 'LBL_CUSTOM_INFORMATION', '2', '0', '0', '0', '0', '0', '1', '0');
INSERT INTO xmai_blocks VALUES ('93', '38', 'LBL_SERVICE_INFORMATION', '1', '0', '0', '0', '0', '0', '1', '0');
INSERT INTO xmai_blocks VALUES ('94', '38', 'LBL_PRICING_INFORMATION', '2', '0', '0', '0', '0', '0', '1', '0');
INSERT INTO xmai_blocks VALUES ('95', '38', 'LBL_CUSTOM_INFORMATION', '3', '0', '0', '0', '0', '0', '1', '0');
INSERT INTO xmai_blocks VALUES ('96', '38', 'LBL_DESCRIPTION_INFORMATION', '4', '0', '0', '0', '0', '0', '1', '0');
INSERT INTO xmai_blocks VALUES ('97', '41', 'LBL_ASSET_INFORMATION', '1', '0', '0', '0', '0', '0', '1', '0');
INSERT INTO xmai_blocks VALUES ('98', '41', 'LBL_CUSTOM_INFORMATION', '2', '0', '0', '0', '0', '0', '1', '0');
INSERT INTO xmai_blocks VALUES ('99', '41', 'LBL_DESCRIPTION_INFORMATION', '3', '0', '0', '0', '0', '0', '1', '0');
INSERT INTO xmai_blocks VALUES ('100', '45', 'LBL_MODCOMMENTS_INFORMATION', '1', '0', '0', '0', '0', '0', '1', '0');
INSERT INTO xmai_blocks VALUES ('101', '45', 'LBL_OTHER_INFORMATION', '2', '0', '0', '0', '0', '0', '1', '0');
INSERT INTO xmai_blocks VALUES ('102', '45', 'LBL_CUSTOM_INFORMATION', '3', '0', '0', '0', '0', '0', '1', '0');
INSERT INTO xmai_blocks VALUES ('103', '46', 'LBL_PROJECT_MILESTONE_INFORMATION', '1', '0', '0', '0', '0', '0', '1', '0');
INSERT INTO xmai_blocks VALUES ('104', '46', 'LBL_CUSTOM_INFORMATION', '2', '0', '0', '0', '0', '0', '1', '0');
INSERT INTO xmai_blocks VALUES ('105', '46', 'LBL_DESCRIPTION_INFORMATION', '3', '0', '0', '0', '0', '0', '1', '0');
INSERT INTO xmai_blocks VALUES ('106', '47', 'LBL_PROJECT_TASK_INFORMATION', '1', '0', '0', '0', '0', '0', '1', '0');
INSERT INTO xmai_blocks VALUES ('107', '47', 'LBL_CUSTOM_INFORMATION', '2', '0', '0', '0', '0', '0', '1', '0');
INSERT INTO xmai_blocks VALUES ('108', '47', 'LBL_DESCRIPTION_INFORMATION', '3', '0', '0', '0', '0', '0', '1', '0');
INSERT INTO xmai_blocks VALUES ('109', '48', 'LBL_PROJECT_INFORMATION', '1', '0', '0', '0', '0', '0', '1', '0');
INSERT INTO xmai_blocks VALUES ('110', '48', 'LBL_CUSTOM_INFORMATION', '2', '0', '0', '0', '0', '0', '1', '0');
INSERT INTO xmai_blocks VALUES ('111', '48', 'LBL_DESCRIPTION_INFORMATION', '3', '0', '0', '0', '0', '0', '1', '0');
INSERT INTO xmai_blocks VALUES ('112', '50', 'LBL_SMSNOTIFIER_INFORMATION', '1', '0', '0', '0', '0', '0', '1', '0');
INSERT INTO xmai_blocks VALUES ('113', '50', 'LBL_CUSTOM_INFORMATION', '2', '0', '0', '0', '0', '0', '1', '0');
INSERT INTO xmai_blocks VALUES ('114', '50', 'StatusInformation', '3', '0', '0', '0', '0', '0', '1', '0');

-- ----------------------------
-- Table structure for `xmai_blocks_seq`
-- ----------------------------
DROP TABLE IF EXISTS `xmai_blocks_seq`;
CREATE TABLE `xmai_blocks_seq` (
  `id` int(11) NOT NULL
) ENGINE=MyISAM DEFAULT CHARSET=utf8;

-- ----------------------------
-- Records of xmai_blocks_seq
-- ----------------------------
INSERT INTO xmai_blocks_seq VALUES ('114');

-- ----------------------------
-- Table structure for `xmai_businesstype`
-- ----------------------------
DROP TABLE IF EXISTS `xmai_businesstype`;
CREATE TABLE `xmai_businesstype` (
  `businesstypeid` int(19) NOT NULL auto_increment,
  `businesstype` varchar(200) NOT NULL,
  `sortorderid` int(19) NOT NULL default '0',
  `presence` int(1) NOT NULL default '1',
  PRIMARY KEY  (`businesstypeid`),
  UNIQUE KEY `businesstype_businesstype_idx` (`businesstype`)
) ENGINE=InnoDB DEFAULT CHARSET=utf8;

-- ----------------------------
-- Records of xmai_businesstype
-- ----------------------------

-- ----------------------------
-- Table structure for `xmai_campaign`
-- ----------------------------
DROP TABLE IF EXISTS `xmai_campaign`;
CREATE TABLE `xmai_campaign` (
  `campaign_no` varchar(100) NOT NULL,
  `campaignname` varchar(255) default NULL,
  `campaigntype` varchar(200) default NULL,
  `campaignstatus` varchar(200) default NULL,
  `expectedrevenue` decimal(25,3) default NULL,
  `budgetcost` decimal(25,3) default NULL,
  `actualcost` decimal(25,3) default NULL,
  `expectedresponse` varchar(200) default NULL,
  `numsent` decimal(11,0) default NULL,
  `product_id` int(19) default NULL,
  `sponsor` varchar(255) default NULL,
  `targetaudience` varchar(255) default NULL,
  `targetsize` int(19) default NULL,
  `expectedresponsecount` int(19) default NULL,
  `expectedsalescount` int(19) default NULL,
  `expectedroi` decimal(25,3) default NULL,
  `actualresponsecount` int(19) default NULL,
  `actualsalescount` int(19) default NULL,
  `actualroi` decimal(25,3) default NULL,
  `campaignid` int(19) NOT NULL,
  `closingdate` date default NULL,
  PRIMARY KEY  (`campaignid`),
  KEY `campaign_campaignstatus_idx` (`campaignstatus`),
  KEY `campaign_campaignname_idx` (`campaignname`),
  KEY `campaign_campaignid_idx` (`campaignid`)
) ENGINE=InnoDB DEFAULT CHARSET=utf8;

-- ----------------------------
-- Records of xmai_campaign
-- ----------------------------
INSERT INTO xmai_campaign VALUES ('CAM1', 'User Conference', 'Conference', 'Planning', '250000.000', '25000.000', '23500.000', '', '2000', '0', 'Finace', 'Managers', '210000', '2500', '25000', '23.000', '250', '1250', '21.000', '122', '2003-01-02');
INSERT INTO xmai_campaign VALUES ('CAM2', 'International Electrical Engineers Association Trade Show', 'Trade Show', 'Planning', '750000.000', '50000.000', '45000.000', '', '2500', '0', 'Marketing', 'CEOs', '13390', '7500', '50000', '45.000', '750', '5200', '14.000', '123', '2004-02-03');
INSERT INTO xmai_campaign VALUES ('CAM3', 'DM Campaign to Top Customers', 'Direct Mail', 'Completed', '500000.000', '90000.000', '80000.000', '', '3000', '0', 'Sales', 'Rookies', '187424', '5000', '90000', '82.000', '1500', '2390', '12.000', '124', '2005-04-12');

-- ----------------------------
-- Table structure for `xmai_campaignaccountrel`
-- ----------------------------
DROP TABLE IF EXISTS `xmai_campaignaccountrel`;
CREATE TABLE `xmai_campaignaccountrel` (
  `campaignid` int(19) default NULL,
  `accountid` int(19) default NULL,
  `campaignrelstatusid` int(19) default NULL
) ENGINE=InnoDB DEFAULT CHARSET=utf8;

-- ----------------------------
-- Records of xmai_campaignaccountrel
-- ----------------------------

-- ----------------------------
-- Table structure for `xmai_campaigncontrel`
-- ----------------------------
DROP TABLE IF EXISTS `xmai_campaigncontrel`;
CREATE TABLE `xmai_campaigncontrel` (
  `campaignid` int(19) NOT NULL default '0',
  `contactid` int(19) NOT NULL default '0',
  `campaignrelstatusid` int(19) NOT NULL default '0',
  PRIMARY KEY  (`campaignid`,`contactid`,`campaignrelstatusid`),
  KEY `campaigncontrel_contractid_idx` (`contactid`),
  CONSTRAINT `fk_2_xmai_campaigncontrel` FOREIGN KEY (`contactid`) REFERENCES `xmai_contactdetails` (`contactid`) ON DELETE CASCADE
) ENGINE=InnoDB DEFAULT CHARSET=utf8;

-- ----------------------------
-- Records of xmai_campaigncontrel
-- ----------------------------

-- ----------------------------
-- Table structure for `xmai_campaignleadrel`
-- ----------------------------
DROP TABLE IF EXISTS `xmai_campaignleadrel`;
CREATE TABLE `xmai_campaignleadrel` (
  `campaignid` int(19) NOT NULL default '0',
  `leadid` int(19) NOT NULL default '0',
  `campaignrelstatusid` int(19) NOT NULL default '0',
  PRIMARY KEY  (`campaignid`,`leadid`,`campaignrelstatusid`),
  KEY `campaignleadrel_leadid_campaignid_idx` (`leadid`,`campaignid`),
  CONSTRAINT `fk_2_xmai_campaignleadrel` FOREIGN KEY (`leadid`) REFERENCES `xmai_leaddetails` (`leadid`) ON DELETE CASCADE
) ENGINE=InnoDB DEFAULT CHARSET=utf8;

-- ----------------------------
-- Records of xmai_campaignleadrel
-- ----------------------------

-- ----------------------------
-- Table structure for `xmai_campaignrelstatus`
-- ----------------------------
DROP TABLE IF EXISTS `xmai_campaignrelstatus`;
CREATE TABLE `xmai_campaignrelstatus` (
  `campaignrelstatusid` int(19) default NULL,
  `campaignrelstatus` varchar(256) default NULL,
  `sortorderid` int(19) default NULL,
  `presence` int(19) default NULL
) ENGINE=InnoDB DEFAULT CHARSET=utf8;

-- ----------------------------
-- Records of xmai_campaignrelstatus
-- ----------------------------
INSERT INTO xmai_campaignrelstatus VALUES ('1', '--None--', '0', '1');
INSERT INTO xmai_campaignrelstatus VALUES ('2', 'Contacted - Successful', '1', '1');
INSERT INTO xmai_campaignrelstatus VALUES ('3', 'Contacted - Unsuccessful', '2', '1');
INSERT INTO xmai_campaignrelstatus VALUES ('4', 'Contacted - Never Contact Again', '3', '1');

-- ----------------------------
-- Table structure for `xmai_campaignrelstatus_seq`
-- ----------------------------
DROP TABLE IF EXISTS `xmai_campaignrelstatus_seq`;
CREATE TABLE `xmai_campaignrelstatus_seq` (
  `id` int(11) NOT NULL
) ENGINE=MyISAM DEFAULT CHARSET=utf8;

-- ----------------------------
-- Records of xmai_campaignrelstatus_seq
-- ----------------------------
INSERT INTO xmai_campaignrelstatus_seq VALUES ('4');

-- ----------------------------
-- Table structure for `xmai_campaignscf`
-- ----------------------------
DROP TABLE IF EXISTS `xmai_campaignscf`;
CREATE TABLE `xmai_campaignscf` (
  `campaignid` int(19) NOT NULL default '0',
  PRIMARY KEY  (`campaignid`),
  CONSTRAINT `fk_1_xmai_campaignscf` FOREIGN KEY (`campaignid`) REFERENCES `xmai_campaign` (`campaignid`) ON DELETE CASCADE
) ENGINE=InnoDB DEFAULT CHARSET=utf8;

-- ----------------------------
-- Records of xmai_campaignscf
-- ----------------------------
INSERT INTO xmai_campaignscf VALUES ('122');
INSERT INTO xmai_campaignscf VALUES ('123');
INSERT INTO xmai_campaignscf VALUES ('124');

-- ----------------------------
-- Table structure for `xmai_campaignstatus`
-- ----------------------------
DROP TABLE IF EXISTS `xmai_campaignstatus`;
CREATE TABLE `xmai_campaignstatus` (
  `campaignstatusid` int(19) NOT NULL auto_increment,
  `campaignstatus` varchar(200) NOT NULL,
  `presence` int(1) NOT NULL default '1',
  `picklist_valueid` int(19) NOT NULL default '0',
  PRIMARY KEY  (`campaignstatusid`),
  KEY `campaignstatus_campaignstatus_idx` (`campaignstatus`)
) ENGINE=InnoDB AUTO_INCREMENT=7 DEFAULT CHARSET=utf8;

-- ----------------------------
-- Records of xmai_campaignstatus
-- ----------------------------
INSERT INTO xmai_campaignstatus VALUES ('1', '--None--', '1', '14');
INSERT INTO xmai_campaignstatus VALUES ('2', 'Planning', '1', '15');
INSERT INTO xmai_campaignstatus VALUES ('3', 'Active', '1', '16');
INSERT INTO xmai_campaignstatus VALUES ('4', 'Inactive', '1', '17');
INSERT INTO xmai_campaignstatus VALUES ('5', 'Completed', '1', '18');
INSERT INTO xmai_campaignstatus VALUES ('6', 'Cancelled', '1', '19');

-- ----------------------------
-- Table structure for `xmai_campaignstatus_seq`
-- ----------------------------
DROP TABLE IF EXISTS `xmai_campaignstatus_seq`;
CREATE TABLE `xmai_campaignstatus_seq` (
  `id` int(11) NOT NULL
) ENGINE=MyISAM DEFAULT CHARSET=utf8;

-- ----------------------------
-- Records of xmai_campaignstatus_seq
-- ----------------------------
INSERT INTO xmai_campaignstatus_seq VALUES ('6');

-- ----------------------------
-- Table structure for `xmai_campaigntype`
-- ----------------------------
DROP TABLE IF EXISTS `xmai_campaigntype`;
CREATE TABLE `xmai_campaigntype` (
  `campaigntypeid` int(19) NOT NULL auto_increment,
  `campaigntype` varchar(200) NOT NULL,
  `presence` int(1) NOT NULL default '1',
  `picklist_valueid` int(19) NOT NULL default '0',
  PRIMARY KEY  (`campaigntypeid`),
  UNIQUE KEY `campaigntype_campaigntype_idx` (`campaigntype`)
) ENGINE=InnoDB AUTO_INCREMENT=14 DEFAULT CHARSET=utf8;

-- ----------------------------
-- Records of xmai_campaigntype
-- ----------------------------
INSERT INTO xmai_campaigntype VALUES ('1', '--None--', '1', '20');
INSERT INTO xmai_campaigntype VALUES ('2', 'Conference', '1', '21');
INSERT INTO xmai_campaigntype VALUES ('3', 'Webinar', '1', '22');
INSERT INTO xmai_campaigntype VALUES ('4', 'Trade Show', '1', '23');
INSERT INTO xmai_campaigntype VALUES ('5', 'Public Relations', '1', '24');
INSERT INTO xmai_campaigntype VALUES ('6', 'Partners', '1', '25');
INSERT INTO xmai_campaigntype VALUES ('7', 'Referral Program', '1', '26');
INSERT INTO xmai_campaigntype VALUES ('8', 'Advertisement', '1', '27');
INSERT INTO xmai_campaigntype VALUES ('9', 'Banner Ads', '1', '28');
INSERT INTO xmai_campaigntype VALUES ('10', 'Direct Mail', '1', '29');
INSERT INTO xmai_campaigntype VALUES ('11', 'Email', '1', '30');
INSERT INTO xmai_campaigntype VALUES ('12', 'Telemarketing', '1', '31');
INSERT INTO xmai_campaigntype VALUES ('13', 'Others', '1', '32');

-- ----------------------------
-- Table structure for `xmai_campaigntype_seq`
-- ----------------------------
DROP TABLE IF EXISTS `xmai_campaigntype_seq`;
CREATE TABLE `xmai_campaigntype_seq` (
  `id` int(11) NOT NULL
) ENGINE=MyISAM DEFAULT CHARSET=utf8;

-- ----------------------------
-- Records of xmai_campaigntype_seq
-- ----------------------------
INSERT INTO xmai_campaigntype_seq VALUES ('13');

-- ----------------------------
-- Table structure for `xmai_carrier`
-- ----------------------------
DROP TABLE IF EXISTS `xmai_carrier`;
CREATE TABLE `xmai_carrier` (
  `carrierid` int(19) NOT NULL auto_increment,
  `carrier` varchar(200) NOT NULL,
  `presence` int(1) NOT NULL default '1',
  `picklist_valueid` int(19) NOT NULL default '0',
  PRIMARY KEY  (`carrierid`),
  UNIQUE KEY `carrier_carrier_idx` (`carrier`)
) ENGINE=InnoDB AUTO_INCREMENT=6 DEFAULT CHARSET=utf8;

-- ----------------------------
-- Records of xmai_carrier
-- ----------------------------
INSERT INTO xmai_carrier VALUES ('1', 'FedEx', '1', '33');
INSERT INTO xmai_carrier VALUES ('2', 'UPS', '1', '34');
INSERT INTO xmai_carrier VALUES ('3', 'USPS', '1', '35');
INSERT INTO xmai_carrier VALUES ('4', 'DHL', '1', '36');
INSERT INTO xmai_carrier VALUES ('5', 'BlueDart', '1', '37');

-- ----------------------------
-- Table structure for `xmai_carrier_seq`
-- ----------------------------
DROP TABLE IF EXISTS `xmai_carrier_seq`;
CREATE TABLE `xmai_carrier_seq` (
  `id` int(11) NOT NULL
) ENGINE=MyISAM DEFAULT CHARSET=utf8;

-- ----------------------------
-- Records of xmai_carrier_seq
-- ----------------------------
INSERT INTO xmai_carrier_seq VALUES ('5');

-- ----------------------------
-- Table structure for `xmai_chat_msg`
-- ----------------------------
DROP TABLE IF EXISTS `xmai_chat_msg`;
CREATE TABLE `xmai_chat_msg` (
  `id` int(20) NOT NULL auto_increment,
  `chat_from` int(20) NOT NULL default '0',
  `chat_to` int(20) NOT NULL default '0',
  `born` datetime default NULL,
  `msg` varchar(255) NOT NULL,
  PRIMARY KEY  (`id`),
  KEY `chat_msg_chat_from_idx` (`chat_from`),
  KEY `chat_msg_chat_to_idx` (`chat_to`),
  KEY `chat_msg_born_idx` (`born`),
  CONSTRAINT `fk_1_xmai_chat_msg` FOREIGN KEY (`chat_from`) REFERENCES `xmai_chat_users` (`id`) ON DELETE CASCADE
) ENGINE=InnoDB DEFAULT CHARSET=utf8;

-- ----------------------------
-- Records of xmai_chat_msg
-- ----------------------------

-- ----------------------------
-- Table structure for `xmai_chat_pchat`
-- ----------------------------
DROP TABLE IF EXISTS `xmai_chat_pchat`;
CREATE TABLE `xmai_chat_pchat` (
  `id` int(20) NOT NULL auto_increment,
  `msg` int(20) default '0',
  PRIMARY KEY  (`id`),
  UNIQUE KEY `chat_pchat_msg_idx` (`msg`),
  CONSTRAINT `fk_1_xmai_chat_pchat` FOREIGN KEY (`msg`) REFERENCES `xmai_chat_msg` (`id`) ON DELETE CASCADE
) ENGINE=InnoDB DEFAULT CHARSET=utf8;

-- ----------------------------
-- Records of xmai_chat_pchat
-- ----------------------------

-- ----------------------------
-- Table structure for `xmai_chat_pvchat`
-- ----------------------------
DROP TABLE IF EXISTS `xmai_chat_pvchat`;
CREATE TABLE `xmai_chat_pvchat` (
  `id` int(20) NOT NULL auto_increment,
  `msg` int(20) default '0',
  PRIMARY KEY  (`id`),
  UNIQUE KEY `chat_pvchat_msg_idx` (`msg`),
  CONSTRAINT `fk_1_xmai_chat_pvchat` FOREIGN KEY (`msg`) REFERENCES `xmai_chat_msg` (`id`) ON DELETE CASCADE
) ENGINE=InnoDB DEFAULT CHARSET=utf8;

-- ----------------------------
-- Records of xmai_chat_pvchat
-- ----------------------------

-- ----------------------------
-- Table structure for `xmai_chat_users`
-- ----------------------------
DROP TABLE IF EXISTS `xmai_chat_users`;
CREATE TABLE `xmai_chat_users` (
  `id` int(20) NOT NULL auto_increment,
  `nick` varchar(50) NOT NULL,
  `session` varchar(50) NOT NULL,
  `ip` varchar(20) NOT NULL default '000.000.000.000',
  `ping` datetime default NULL,
  PRIMARY KEY  (`id`),
  KEY `chat_users_nick_idx` (`nick`),
  KEY `chat_users_session_idx` (`session`),
  KEY `chat_users_ping_idx` (`ping`)
) ENGINE=InnoDB DEFAULT CHARSET=utf8;

-- ----------------------------
-- Records of xmai_chat_users
-- ----------------------------

-- ----------------------------
-- Table structure for `xmai_cntactivityrel`
-- ----------------------------
DROP TABLE IF EXISTS `xmai_cntactivityrel`;
CREATE TABLE `xmai_cntactivityrel` (
  `contactid` int(19) NOT NULL default '0',
  `activityid` int(19) NOT NULL default '0',
  PRIMARY KEY  (`contactid`,`activityid`),
  KEY `cntactivityrel_contactid_idx` (`contactid`),
  KEY `cntactivityrel_activityid_idx` (`activityid`),
  CONSTRAINT `fk_2_xmai_cntactivityrel` FOREIGN KEY (`contactid`) REFERENCES `xmai_contactdetails` (`contactid`) ON DELETE CASCADE
) ENGINE=InnoDB DEFAULT CHARSET=utf8;

-- ----------------------------
-- Records of xmai_cntactivityrel
-- ----------------------------
INSERT INTO xmai_cntactivityrel VALUES ('22', '117');
INSERT INTO xmai_cntactivityrel VALUES ('24', '120');
INSERT INTO xmai_cntactivityrel VALUES ('25', '116');
INSERT INTO xmai_cntactivityrel VALUES ('27', '118');
INSERT INTO xmai_cntactivityrel VALUES ('30', '121');
INSERT INTO xmai_cntactivityrel VALUES ('31', '119');

-- ----------------------------
-- Table structure for `xmai_competitor`
-- ----------------------------
DROP TABLE IF EXISTS `xmai_competitor`;
CREATE TABLE `xmai_competitor` (
  `competitorid` int(19) NOT NULL,
  `competitorname` varchar(100) NOT NULL,
  `website` varchar(100) default NULL,
  `strength` varchar(250) default NULL,
  `weakness` varchar(250) default NULL,
  PRIMARY KEY  (`competitorid`),
  CONSTRAINT `fk_1_xmai_competitor` FOREIGN KEY (`competitorid`) REFERENCES `xmai_crmentity` (`crmid`) ON DELETE CASCADE
) ENGINE=InnoDB DEFAULT CHARSET=utf8;

-- ----------------------------
-- Records of xmai_competitor
-- ----------------------------

-- ----------------------------
-- Table structure for `xmai_contactaddress`
-- ----------------------------
DROP TABLE IF EXISTS `xmai_contactaddress`;
CREATE TABLE `xmai_contactaddress` (
  `contactaddressid` int(19) NOT NULL default '0',
  `mailingcity` varchar(40) default NULL,
  `mailingstreet` varchar(250) default NULL,
  `mailingcountry` varchar(40) default NULL,
  `othercountry` varchar(30) default NULL,
  `mailingstate` varchar(30) default NULL,
  `mailingpobox` varchar(30) default NULL,
  `othercity` varchar(40) default NULL,
  `otherstate` varchar(50) default NULL,
  `mailingzip` varchar(30) default NULL,
  `otherzip` varchar(30) default NULL,
  `otherstreet` varchar(250) default NULL,
  `otherpobox` varchar(30) default NULL,
  PRIMARY KEY  (`contactaddressid`),
  CONSTRAINT `fk_1_xmai_contactaddress` FOREIGN KEY (`contactaddressid`) REFERENCES `xmai_contactdetails` (`contactid`) ON DELETE CASCADE
) ENGINE=InnoDB DEFAULT CHARSET=utf8;

-- ----------------------------
-- Records of xmai_contactaddress
-- ----------------------------
INSERT INTO xmai_contactaddress VALUES ('22', 'Sunnyvale', '345 Sugar Blvd.', 'USA', '', 'CA', '', '', '', '99999', '', '', '');
INSERT INTO xmai_contactaddress VALUES ('23', 'San Jose', '123 Anywhere Street', 'USA', '', 'CA', '', '', '', '99999', '', '', '');
INSERT INTO xmai_contactaddress VALUES ('24', 'San Mateo', '999 Baker Way', 'USA', '', 'CA', '', '', '', '99999', '', '', '');
INSERT INTO xmai_contactaddress VALUES ('25', 'San Mateo', '123 Anywhere Street', 'USA', '', 'CA', '', '', '', '99999', '', '', '');
INSERT INTO xmai_contactaddress VALUES ('26', 'San Mateo', '999 Baker Way', 'USA', '', 'CA', '', '', '', '99999', '', '', '');
INSERT INTO xmai_contactaddress VALUES ('27', 'Sunnyvale', '123 Anywhere Street', 'USA', '', 'CA', '', '', '', '99999', '', '', '');
INSERT INTO xmai_contactaddress VALUES ('28', 'Sunnyvale', '1715 Scott Dr', 'USA', '', 'CA', '', '', '', '99999', '', '', '');
INSERT INTO xmai_contactaddress VALUES ('29', 'San Jose', '999 Baker Way', 'USA', '', 'CA', '', '', '', '99999', '', '', '');
INSERT INTO xmai_contactaddress VALUES ('30', 'San Mateo', '345 Sugar Blvd.', 'USA', '', 'CA', '', '', '', '99999', '', '', '');
INSERT INTO xmai_contactaddress VALUES ('31', 'Sunnyvale', '345 Sugar Blvd.', 'USA', '', 'CA', '', '', '', '99999', '', '', '');

-- ----------------------------
-- Table structure for `xmai_contactdetails`
-- ----------------------------
DROP TABLE IF EXISTS `xmai_contactdetails`;
CREATE TABLE `xmai_contactdetails` (
  `contactid` int(19) NOT NULL default '0',
  `contact_no` varchar(100) NOT NULL,
  `accountid` int(19) default NULL,
  `salutation` varchar(200) default NULL,
  `firstname` varchar(40) default NULL,
  `lastname` varchar(80) NOT NULL,
  `email` varchar(100) default NULL,
  `phone` varchar(50) default NULL,
  `mobile` varchar(50) default NULL,
  `title` varchar(50) default NULL,
  `department` varchar(30) default NULL,
  `fax` varchar(50) default NULL,
  `reportsto` varchar(30) default NULL,
  `training` varchar(50) default NULL,
  `usertype` varchar(50) default NULL,
  `contacttype` varchar(50) default NULL,
  `otheremail` varchar(100) default NULL,
  `secondaryemail` varchar(100) default NULL,
  `donotcall` varchar(3) default NULL,
  `emailoptout` varchar(3) default '0',
  `imagename` varchar(150) default NULL,
  `reference` varchar(3) default NULL,
  `notify_owner` varchar(3) default '0',
  PRIMARY KEY  (`contactid`),
  KEY `contactdetails_accountid_idx` (`accountid`),
  CONSTRAINT `fk_1_xmai_contactdetails` FOREIGN KEY (`contactid`) REFERENCES `xmai_crmentity` (`crmid`) ON DELETE CASCADE
) ENGINE=InnoDB DEFAULT CHARSET=utf8;

-- ----------------------------
-- Records of xmai_contactdetails
-- ----------------------------
INSERT INTO xmai_contactdetails VALUES ('22', 'CON1', '8', '', 'Mary', 'Smith', 'mary_smith@company.com', '(438) 276-6887', '(592) 570-0468', 'Director Operations', '', '', '0', null, null, null, null, '', '0', '0', '', '0', '0');
INSERT INTO xmai_contactdetails VALUES ('23', 'CON2', '10', '', 'Patricia', 'Johnson', 'patricia_johnson@company.com', '(232) 059-0634', '(753) 914-4482', 'Mgr Operations', '', '', '0', null, null, null, null, '', '0', '0', '', '0', '0');
INSERT INTO xmai_contactdetails VALUES ('24', 'CON3', '8', '', 'Linda', 'Williams', 'linda_williams@company.com', '(405) 458-6306', '(262) 536-5988', 'VP Operations', '', '', '0', null, null, null, null, '', '0', '0', '', '0', '0');
INSERT INTO xmai_contactdetails VALUES ('25', 'CON4', '20', '', 'Barbara', 'Jones', 'barbara_jones@company.com', '(924) 414-5887', '(660) 932-5094', '', '', '', '0', null, null, null, null, '', '0', '0', '', '0', '0');
INSERT INTO xmai_contactdetails VALUES ('26', 'CON5', '14', '', 'Elizabeth', 'Brown', 'elizabeth_brown@company.com', '(993) 553-2583', '(430) 758-4924', 'VP Sales', '', '', '0', null, null, null, null, '', '0', '0', '', '0', '0');
INSERT INTO xmai_contactdetails VALUES ('27', 'CON6', '12', '', 'Jennifer', 'Davis', 'jennifer_davis@company.com', '(096) 020-0876', '(620) 469-8110', 'Mgr Operations', '', '', '0', null, null, null, null, '', '0', '0', '', '0', '0');
INSERT INTO xmai_contactdetails VALUES ('28', 'CON7', '12', '', 'Maria', 'Miller', 'maria_miller@company.com', '(120) 900-7636', '(589) 079-8740', 'Director Operations', '', '', '0', null, null, null, null, '', '0', '0', '', '0', '0');
INSERT INTO xmai_contactdetails VALUES ('29', 'CON8', '10', '', 'Susan', 'Wilson', 'susan_wilson@company.com', '(845) 121-0294', '(391) 327-7009', 'Director Operations', '', '', '0', null, null, null, null, '', '0', '0', '', '0', '0');
INSERT INTO xmai_contactdetails VALUES ('30', 'CON9', '16', '', 'Margaret', 'Moore', 'margaret_moore@company.com', '(541) 224-0322', '(235) 515-6160', 'Director Operations', '', '', '0', null, null, null, null, '', '0', '0', '', '0', '0');
INSERT INTO xmai_contactdetails VALUES ('31', 'CON10', '16', '', 'Dorothy', 'Taylor', 'dorothy_taylor@company.com', '(838) 962-5682', '(951) 441-8280', 'VP Sales', '', '', '0', null, null, null, null, '', '0', '0', '', '0', '0');

-- ----------------------------
-- Table structure for `xmai_contactscf`
-- ----------------------------
DROP TABLE IF EXISTS `xmai_contactscf`;
CREATE TABLE `xmai_contactscf` (
  `contactid` int(19) NOT NULL default '0',
  PRIMARY KEY  (`contactid`),
  CONSTRAINT `fk_1_xmai_contactscf` FOREIGN KEY (`contactid`) REFERENCES `xmai_contactdetails` (`contactid`) ON DELETE CASCADE
) ENGINE=InnoDB DEFAULT CHARSET=utf8;

-- ----------------------------
-- Records of xmai_contactscf
-- ----------------------------
INSERT INTO xmai_contactscf VALUES ('22');
INSERT INTO xmai_contactscf VALUES ('23');
INSERT INTO xmai_contactscf VALUES ('24');
INSERT INTO xmai_contactscf VALUES ('25');
INSERT INTO xmai_contactscf VALUES ('26');
INSERT INTO xmai_contactscf VALUES ('27');
INSERT INTO xmai_contactscf VALUES ('28');
INSERT INTO xmai_contactscf VALUES ('29');
INSERT INTO xmai_contactscf VALUES ('30');
INSERT INTO xmai_contactscf VALUES ('31');

-- ----------------------------
-- Table structure for `xmai_contactsubdetails`
-- ----------------------------
DROP TABLE IF EXISTS `xmai_contactsubdetails`;
CREATE TABLE `xmai_contactsubdetails` (
  `contactsubscriptionid` int(19) NOT NULL default '0',
  `homephone` varchar(50) default NULL,
  `otherphone` varchar(50) default NULL,
  `assistant` varchar(30) default NULL,
  `assistantphone` varchar(50) default NULL,
  `birthday` date default NULL,
  `laststayintouchrequest` int(30) default '0',
  `laststayintouchsavedate` int(19) default '0',
  `leadsource` varchar(200) default NULL,
  PRIMARY KEY  (`contactsubscriptionid`),
  CONSTRAINT `fk_1_xmai_contactsubdetails` FOREIGN KEY (`contactsubscriptionid`) REFERENCES `xmai_contactdetails` (`contactid`) ON DELETE CASCADE
) ENGINE=InnoDB DEFAULT CHARSET=utf8;

-- ----------------------------
-- Records of xmai_contactsubdetails
-- ----------------------------
INSERT INTO xmai_contactsubdetails VALUES ('22', '(778) 193-0055', '', '', '', null, '0', '0', 'Self Generated');
INSERT INTO xmai_contactsubdetails VALUES ('23', '(976) 357-7803', '', '', '', null, '0', '0', 'Direct Mail');
INSERT INTO xmai_contactsubdetails VALUES ('24', '(100) 229-4922', '', '', '', null, '0', '0', 'Trade Show');
INSERT INTO xmai_contactsubdetails VALUES ('25', '(476) 248-4426', '', '', '', null, '0', '0', 'Trade Show');
INSERT INTO xmai_contactsubdetails VALUES ('26', '(005) 595-5389', '', '', '', null, '0', '0', 'Self Generated');
INSERT INTO xmai_contactsubdetails VALUES ('27', '(883) 887-3006', '', '', '', null, '0', '0', 'Trade Show');
INSERT INTO xmai_contactsubdetails VALUES ('28', '(633) 757-6997', '', '', '', null, '0', '0', 'Cold Call');
INSERT INTO xmai_contactsubdetails VALUES ('29', '(206) 967-5307', '', '', '', null, '0', '0', 'Employee');
INSERT INTO xmai_contactsubdetails VALUES ('30', '(559) 099-4386', '', '', '', null, '0', '0', 'Other');
INSERT INTO xmai_contactsubdetails VALUES ('31', '(964) 589-1968', '', '', '', null, '0', '0', 'Web Site');

-- ----------------------------
-- Table structure for `xmai_contacttype`
-- ----------------------------
DROP TABLE IF EXISTS `xmai_contacttype`;
CREATE TABLE `xmai_contacttype` (
  `contacttypeid` int(19) NOT NULL auto_increment,
  `contacttype` varchar(200) NOT NULL,
  `sortorderid` int(19) NOT NULL default '0',
  `presence` int(1) NOT NULL default '1',
  PRIMARY KEY  (`contacttypeid`),
  UNIQUE KEY `contacttype_contacttype_idx` (`contacttype`)
) ENGINE=InnoDB DEFAULT CHARSET=utf8;

-- ----------------------------
-- Records of xmai_contacttype
-- ----------------------------

-- ----------------------------
-- Table structure for `xmai_contpotentialrel`
-- ----------------------------
DROP TABLE IF EXISTS `xmai_contpotentialrel`;
CREATE TABLE `xmai_contpotentialrel` (
  `contactid` int(19) NOT NULL default '0',
  `potentialid` int(19) NOT NULL default '0',
  PRIMARY KEY  (`contactid`,`potentialid`),
  KEY `contpotentialrel_potentialid_idx` (`potentialid`),
  KEY `contpotentialrel_contactid_idx` (`contactid`),
  CONSTRAINT `fk_2_xmai_contpotentialrel` FOREIGN KEY (`potentialid`) REFERENCES `xmai_potential` (`potentialid`) ON DELETE CASCADE
) ENGINE=InnoDB DEFAULT CHARSET=utf8;

-- ----------------------------
-- Records of xmai_contpotentialrel
-- ----------------------------
INSERT INTO xmai_contpotentialrel VALUES ('22', '3');
INSERT INTO xmai_contpotentialrel VALUES ('29', '3');
INSERT INTO xmai_contpotentialrel VALUES ('26', '5');
INSERT INTO xmai_contpotentialrel VALUES ('23', '7');
INSERT INTO xmai_contpotentialrel VALUES ('28', '9');
INSERT INTO xmai_contpotentialrel VALUES ('30', '9');
INSERT INTO xmai_contpotentialrel VALUES ('31', '11');
INSERT INTO xmai_contpotentialrel VALUES ('25', '13');
INSERT INTO xmai_contpotentialrel VALUES ('27', '15');
INSERT INTO xmai_contpotentialrel VALUES ('24', '17');

-- ----------------------------
-- Table structure for `xmai_contract_priority`
-- ----------------------------
DROP TABLE IF EXISTS `xmai_contract_priority`;
CREATE TABLE `xmai_contract_priority` (
  `contract_priorityid` int(11) NOT NULL auto_increment,
  `contract_priority` varchar(200) NOT NULL,
  `presence` int(1) NOT NULL default '1',
  `picklist_valueid` int(11) NOT NULL default '0',
  PRIMARY KEY  (`contract_priorityid`)
) ENGINE=InnoDB AUTO_INCREMENT=4 DEFAULT CHARSET=utf8;

-- ----------------------------
-- Records of xmai_contract_priority
-- ----------------------------
INSERT INTO xmai_contract_priority VALUES ('1', 'Low', '1', '220');
INSERT INTO xmai_contract_priority VALUES ('2', 'Normal', '1', '221');
INSERT INTO xmai_contract_priority VALUES ('3', 'High', '1', '222');

-- ----------------------------
-- Table structure for `xmai_contract_priority_seq`
-- ----------------------------
DROP TABLE IF EXISTS `xmai_contract_priority_seq`;
CREATE TABLE `xmai_contract_priority_seq` (
  `id` int(11) NOT NULL
) ENGINE=MyISAM DEFAULT CHARSET=utf8;

-- ----------------------------
-- Records of xmai_contract_priority_seq
-- ----------------------------
INSERT INTO xmai_contract_priority_seq VALUES ('3');

-- ----------------------------
-- Table structure for `xmai_contract_status`
-- ----------------------------
DROP TABLE IF EXISTS `xmai_contract_status`;
CREATE TABLE `xmai_contract_status` (
  `contract_statusid` int(11) NOT NULL auto_increment,
  `contract_status` varchar(200) NOT NULL,
  `presence` int(1) NOT NULL default '1',
  `picklist_valueid` int(11) NOT NULL default '0',
  PRIMARY KEY  (`contract_statusid`)
) ENGINE=InnoDB AUTO_INCREMENT=7 DEFAULT CHARSET=utf8;

-- ----------------------------
-- Records of xmai_contract_status
-- ----------------------------
INSERT INTO xmai_contract_status VALUES ('1', 'Undefined', '1', '214');
INSERT INTO xmai_contract_status VALUES ('2', 'In Planning', '1', '215');
INSERT INTO xmai_contract_status VALUES ('3', 'In Progress', '1', '216');
INSERT INTO xmai_contract_status VALUES ('4', 'On Hold', '1', '217');
INSERT INTO xmai_contract_status VALUES ('5', 'Complete', '0', '218');
INSERT INTO xmai_contract_status VALUES ('6', 'Archived', '1', '219');

-- ----------------------------
-- Table structure for `xmai_contract_status_seq`
-- ----------------------------
DROP TABLE IF EXISTS `xmai_contract_status_seq`;
CREATE TABLE `xmai_contract_status_seq` (
  `id` int(11) NOT NULL
) ENGINE=MyISAM DEFAULT CHARSET=utf8;

-- ----------------------------
-- Records of xmai_contract_status_seq
-- ----------------------------
INSERT INTO xmai_contract_status_seq VALUES ('6');

-- ----------------------------
-- Table structure for `xmai_contract_type`
-- ----------------------------
DROP TABLE IF EXISTS `xmai_contract_type`;
CREATE TABLE `xmai_contract_type` (
  `contract_typeid` int(11) NOT NULL auto_increment,
  `contract_type` varchar(200) NOT NULL,
  `presence` int(1) NOT NULL default '1',
  `picklist_valueid` int(11) NOT NULL default '0',
  PRIMARY KEY  (`contract_typeid`)
) ENGINE=InnoDB AUTO_INCREMENT=4 DEFAULT CHARSET=utf8;

-- ----------------------------
-- Records of xmai_contract_type
-- ----------------------------
INSERT INTO xmai_contract_type VALUES ('1', 'Support', '1', '223');
INSERT INTO xmai_contract_type VALUES ('2', 'Services', '1', '224');
INSERT INTO xmai_contract_type VALUES ('3', 'Administrative', '1', '225');

-- ----------------------------
-- Table structure for `xmai_contract_type_seq`
-- ----------------------------
DROP TABLE IF EXISTS `xmai_contract_type_seq`;
CREATE TABLE `xmai_contract_type_seq` (
  `id` int(11) NOT NULL
) ENGINE=MyISAM DEFAULT CHARSET=utf8;

-- ----------------------------
-- Records of xmai_contract_type_seq
-- ----------------------------
INSERT INTO xmai_contract_type_seq VALUES ('3');

-- ----------------------------
-- Table structure for `xmai_convertleadmapping`
-- ----------------------------
DROP TABLE IF EXISTS `xmai_convertleadmapping`;
CREATE TABLE `xmai_convertleadmapping` (
  `cfmid` int(19) NOT NULL auto_increment,
  `leadfid` int(19) NOT NULL,
  `accountfid` int(19) default NULL,
  `contactfid` int(19) default NULL,
  `potentialfid` int(19) default NULL,
  `editable` int(19) default '1',
  PRIMARY KEY  (`cfmid`)
) ENGINE=InnoDB AUTO_INCREMENT=32 DEFAULT CHARSET=utf8;

-- ----------------------------
-- Records of xmai_convertleadmapping
-- ----------------------------
INSERT INTO xmai_convertleadmapping VALUES ('1', '43', '1', '0', '110', '0');
INSERT INTO xmai_convertleadmapping VALUES ('2', '49', '14', '0', '0', '1');
INSERT INTO xmai_convertleadmapping VALUES ('3', '40', '3', '69', '0', null);
INSERT INTO xmai_convertleadmapping VALUES ('4', '0', '0', '0', '0', null);
INSERT INTO xmai_convertleadmapping VALUES ('5', '44', '5', '77', '0', '1');
INSERT INTO xmai_convertleadmapping VALUES ('6', '52', '13', '0', '0', '1');
INSERT INTO xmai_convertleadmapping VALUES ('7', '46', '9', '80', '0', '0');
INSERT INTO xmai_convertleadmapping VALUES ('8', '48', '4', '0', '0', '1');
INSERT INTO xmai_convertleadmapping VALUES ('9', '61', '26', '98', '0', '1');
INSERT INTO xmai_convertleadmapping VALUES ('10', '60', '30', '0', '0', '1');
INSERT INTO xmai_convertleadmapping VALUES ('11', '62', '32', '104', '0', '1');
INSERT INTO xmai_convertleadmapping VALUES ('12', '63', '28', '100', '0', '1');
INSERT INTO xmai_convertleadmapping VALUES ('13', '59', '24', '96', '0', '1');
INSERT INTO xmai_convertleadmapping VALUES ('14', '64', '34', '106', '0', '1');
INSERT INTO xmai_convertleadmapping VALUES ('15', '61', '27', '0', '0', '1');
INSERT INTO xmai_convertleadmapping VALUES ('16', '60', '31', '0', '0', '1');
INSERT INTO xmai_convertleadmapping VALUES ('17', '62', '33', '0', '0', '1');
INSERT INTO xmai_convertleadmapping VALUES ('18', '63', '29', '0', '0', '1');
INSERT INTO xmai_convertleadmapping VALUES ('19', '59', '25', '0', '0', '1');
INSERT INTO xmai_convertleadmapping VALUES ('20', '64', '35', '0', '0', '1');
INSERT INTO xmai_convertleadmapping VALUES ('21', '65', '36', '109', '125', '1');
INSERT INTO xmai_convertleadmapping VALUES ('22', '37', '0', '66', '0', '1');
INSERT INTO xmai_convertleadmapping VALUES ('23', '38', '0', '67', '0', '0');
INSERT INTO xmai_convertleadmapping VALUES ('24', '41', '0', '70', '0', '0');
INSERT INTO xmai_convertleadmapping VALUES ('25', '42', '0', '71', '0', '1');
INSERT INTO xmai_convertleadmapping VALUES ('26', '45', '0', '76', '0', '1');
INSERT INTO xmai_convertleadmapping VALUES ('27', '55', '0', '83', '0', '1');
INSERT INTO xmai_convertleadmapping VALUES ('28', '47', '0', '74', '117', '1');
INSERT INTO xmai_convertleadmapping VALUES ('29', '50', '0', '0', '0', '1');
INSERT INTO xmai_convertleadmapping VALUES ('30', '53', '10', '0', '0', '1');
INSERT INTO xmai_convertleadmapping VALUES ('31', '51', '17', '0', '0', '1');

-- ----------------------------
-- Table structure for `xmai_crmentity`
-- ----------------------------
DROP TABLE IF EXISTS `xmai_crmentity`;
CREATE TABLE `xmai_crmentity` (
  `crmid` int(19) NOT NULL,
  `smcreatorid` int(19) NOT NULL default '0',
  `smownerid` int(19) NOT NULL default '0',
  `modifiedby` int(19) NOT NULL default '0',
  `setype` varchar(30) NOT NULL,
  `description` text,
  `createdtime` datetime NOT NULL,
  `modifiedtime` datetime NOT NULL,
  `viewedtime` datetime default NULL,
  `status` varchar(50) default NULL,
  `version` int(19) NOT NULL default '0',
  `presence` int(1) default '1',
  `deleted` int(1) NOT NULL default '0',
  PRIMARY KEY  (`crmid`),
  KEY `crmentity_smcreatorid_idx` (`smcreatorid`),
  KEY `crmentity_modifiedby_idx` (`modifiedby`),
  KEY `crmentity_deleted_idx` (`deleted`),
  KEY `crm_ownerid_del_setype_idx` (`smownerid`,`deleted`,`setype`)
) ENGINE=InnoDB DEFAULT CHARSET=utf8;

-- ----------------------------
-- Records of xmai_crmentity
-- ----------------------------
INSERT INTO xmai_crmentity VALUES ('2', '1', '1', '1', 'Accounts', '', '2012-07-28 12:03:00', '2012-07-28 12:03:00', null, null, '0', '1', '0');
INSERT INTO xmai_crmentity VALUES ('3', '1', '1', '1', 'Potentials', '', '2012-07-28 12:03:00', '2012-07-28 12:03:00', null, null, '0', '1', '0');
INSERT INTO xmai_crmentity VALUES ('4', '1', '1', '1', 'Accounts', '', '2012-07-28 12:03:00', '2012-07-28 12:03:00', null, null, '0', '1', '0');
INSERT INTO xmai_crmentity VALUES ('5', '1', '1', '1', 'Potentials', '', '2012-07-28 12:03:01', '2012-07-28 12:03:01', null, null, '0', '1', '0');
INSERT INTO xmai_crmentity VALUES ('6', '1', '1', '1', 'Accounts', '', '2012-07-28 12:03:01', '2012-07-28 12:03:01', null, null, '0', '1', '0');
INSERT INTO xmai_crmentity VALUES ('7', '1', '1', '1', 'Potentials', '', '2012-07-28 12:03:01', '2012-07-28 12:03:01', null, null, '0', '1', '0');
INSERT INTO xmai_crmentity VALUES ('8', '1', '1', '1', 'Accounts', '', '2012-07-28 12:03:01', '2012-07-28 12:03:01', null, null, '0', '1', '0');
INSERT INTO xmai_crmentity VALUES ('9', '1', '1', '1', 'Potentials', '', '2012-07-28 12:03:02', '2012-07-28 12:03:02', null, null, '0', '1', '0');
INSERT INTO xmai_crmentity VALUES ('10', '1', '1', '1', 'Accounts', '', '2012-07-28 12:03:02', '2012-07-28 12:03:02', null, null, '0', '1', '0');
INSERT INTO xmai_crmentity VALUES ('11', '1', '1', '1', 'Potentials', '', '2012-07-28 12:03:02', '2012-07-28 12:03:02', null, null, '0', '1', '0');
INSERT INTO xmai_crmentity VALUES ('12', '1', '1', '1', 'Accounts', '', '2012-07-28 12:03:02', '2012-07-28 12:03:02', null, null, '0', '1', '0');
INSERT INTO xmai_crmentity VALUES ('13', '1', '1', '1', 'Potentials', '', '2012-07-28 12:03:03', '2012-07-28 12:03:03', null, null, '0', '1', '0');
INSERT INTO xmai_crmentity VALUES ('14', '1', '1', '1', 'Accounts', '', '2012-07-28 12:03:03', '2012-07-28 12:03:03', null, null, '0', '1', '0');
INSERT INTO xmai_crmentity VALUES ('15', '1', '1', '1', 'Potentials', '', '2012-07-28 12:03:03', '2012-07-28 12:03:03', null, null, '0', '1', '0');
INSERT INTO xmai_crmentity VALUES ('16', '1', '1', '1', 'Accounts', '', '2012-07-28 12:03:03', '2012-07-28 12:03:03', null, null, '0', '1', '0');
INSERT INTO xmai_crmentity VALUES ('17', '1', '1', '1', 'Potentials', '', '2012-07-28 12:03:04', '2012-07-28 12:03:04', null, null, '0', '1', '0');
INSERT INTO xmai_crmentity VALUES ('18', '1', '1', '1', 'Accounts', '', '2012-07-28 12:03:04', '2012-07-28 12:03:04', null, null, '0', '1', '0');
INSERT INTO xmai_crmentity VALUES ('19', '1', '1', '1', 'Potentials', '', '2012-07-28 12:03:05', '2012-07-28 12:03:05', null, null, '0', '1', '0');
INSERT INTO xmai_crmentity VALUES ('20', '1', '1', '1', 'Accounts', '', '2012-07-28 12:03:05', '2012-07-28 12:03:05', null, null, '0', '1', '0');
INSERT INTO xmai_crmentity VALUES ('21', '1', '1', '1', 'Potentials', '', '2012-07-28 12:03:05', '2012-07-28 12:03:05', null, null, '0', '1', '0');
INSERT INTO xmai_crmentity VALUES ('22', '1', '1', '1', 'Contacts', '', '2012-07-28 12:03:05', '2012-07-28 12:03:05', null, null, '0', '1', '0');
INSERT INTO xmai_crmentity VALUES ('23', '1', '1', '1', 'Contacts', '', '2012-07-28 12:03:06', '2012-07-28 12:03:06', null, null, '0', '1', '0');
INSERT INTO xmai_crmentity VALUES ('24', '1', '1', '1', 'Contacts', '', '2012-07-28 12:03:06', '2012-07-28 12:03:06', null, null, '0', '1', '0');
INSERT INTO xmai_crmentity VALUES ('25', '1', '1', '1', 'Contacts', '', '2012-07-28 12:03:07', '2012-07-28 12:03:07', null, null, '0', '1', '0');
INSERT INTO xmai_crmentity VALUES ('26', '1', '1', '1', 'Contacts', '', '2012-07-28 12:03:07', '2012-07-28 12:03:07', null, null, '0', '1', '0');
INSERT INTO xmai_crmentity VALUES ('27', '1', '1', '1', 'Contacts', '', '2012-07-28 12:03:07', '2012-07-28 12:03:07', null, null, '0', '1', '0');
INSERT INTO xmai_crmentity VALUES ('28', '1', '1', '1', 'Contacts', '', '2012-07-28 12:03:08', '2012-07-28 12:03:08', null, null, '0', '1', '0');
INSERT INTO xmai_crmentity VALUES ('29', '1', '1', '1', 'Contacts', '', '2012-07-28 12:03:08', '2012-07-28 12:03:08', null, null, '0', '1', '0');
INSERT INTO xmai_crmentity VALUES ('30', '1', '1', '1', 'Contacts', '', '2012-07-28 12:03:09', '2012-07-28 12:03:09', null, null, '0', '1', '0');
INSERT INTO xmai_crmentity VALUES ('31', '1', '1', '1', 'Contacts', '', '2012-07-28 12:03:09', '2012-07-28 12:03:09', null, null, '0', '1', '0');
INSERT INTO xmai_crmentity VALUES ('32', '1', '1', '1', 'Leads', '', '2012-07-28 12:03:09', '2012-07-28 12:03:09', null, null, '0', '1', '0');
INSERT INTO xmai_crmentity VALUES ('33', '1', '1', '1', 'Leads', '', '2012-07-28 12:03:09', '2012-07-28 12:03:09', null, null, '0', '1', '0');
INSERT INTO xmai_crmentity VALUES ('34', '1', '1', '1', 'Leads', '', '2012-07-28 12:03:10', '2012-07-28 12:03:10', null, null, '0', '1', '0');
INSERT INTO xmai_crmentity VALUES ('35', '1', '1', '1', 'Leads', '', '2012-07-28 12:03:10', '2012-07-28 12:03:10', null, null, '0', '1', '0');
INSERT INTO xmai_crmentity VALUES ('36', '1', '1', '1', 'Leads', '', '2012-07-28 12:03:10', '2012-07-28 12:03:10', null, null, '0', '1', '0');
INSERT INTO xmai_crmentity VALUES ('37', '1', '1', '1', 'Leads', '', '2012-07-28 12:03:11', '2012-07-28 12:03:11', null, null, '0', '1', '0');
INSERT INTO xmai_crmentity VALUES ('38', '1', '1', '1', 'Leads', '', '2012-07-28 12:03:11', '2012-07-28 12:03:11', null, null, '0', '1', '0');
INSERT INTO xmai_crmentity VALUES ('39', '1', '1', '1', 'Leads', '', '2012-07-28 12:03:11', '2012-07-28 12:03:11', null, null, '0', '1', '0');
INSERT INTO xmai_crmentity VALUES ('40', '1', '1', '1', 'Leads', '', '2012-07-28 12:03:11', '2012-07-28 12:03:11', null, null, '0', '1', '0');
INSERT INTO xmai_crmentity VALUES ('41', '1', '1', '1', 'Leads', '', '2012-07-28 12:03:12', '2012-07-28 12:03:12', null, null, '0', '1', '0');
INSERT INTO xmai_crmentity VALUES ('42', '1', '1', '1', 'Vendors', '', '2012-07-28 12:03:12', '2012-07-28 12:03:12', null, null, '0', '1', '0');
INSERT INTO xmai_crmentity VALUES ('43', '1', '1', '1', 'Vendors', '', '2012-07-28 12:03:12', '2012-07-28 12:03:12', null, null, '0', '1', '0');
INSERT INTO xmai_crmentity VALUES ('44', '1', '1', '1', 'Vendors', '', '2012-07-28 12:03:12', '2012-07-28 12:03:12', null, null, '0', '1', '0');
INSERT INTO xmai_crmentity VALUES ('45', '1', '1', '1', 'Vendors', '', '2012-07-28 12:03:12', '2012-07-28 12:03:12', null, null, '0', '1', '0');
INSERT INTO xmai_crmentity VALUES ('46', '1', '1', '1', 'Vendors', '', '2012-07-28 12:03:13', '2012-07-28 12:03:13', null, null, '0', '1', '0');
INSERT INTO xmai_crmentity VALUES ('47', '1', '1', '1', 'Vendors', '', '2012-07-28 12:03:13', '2012-07-28 12:03:13', null, null, '0', '1', '0');
INSERT INTO xmai_crmentity VALUES ('48', '1', '1', '1', 'Vendors', '', '2012-07-28 12:03:13', '2012-07-28 12:03:13', null, null, '0', '1', '0');
INSERT INTO xmai_crmentity VALUES ('49', '1', '1', '1', 'Vendors', '', '2012-07-28 12:03:13', '2012-07-28 12:03:13', null, null, '0', '1', '0');
INSERT INTO xmai_crmentity VALUES ('50', '1', '1', '1', 'Vendors', '', '2012-07-28 12:03:13', '2012-07-28 12:03:13', null, null, '0', '1', '0');
INSERT INTO xmai_crmentity VALUES ('51', '1', '1', '1', 'Vendors', '', '2012-07-28 12:03:13', '2012-07-28 12:03:13', null, null, '0', '1', '0');
INSERT INTO xmai_crmentity VALUES ('52', '1', '1', '1', 'Products', '', '2012-07-28 12:03:14', '2012-07-28 12:03:14', null, null, '0', '1', '0');
INSERT INTO xmai_crmentity VALUES ('53', '1', '1', '1', 'Products', '', '2012-07-28 12:03:14', '2012-07-28 12:03:14', null, null, '0', '1', '0');
INSERT INTO xmai_crmentity VALUES ('54', '1', '1', '1', 'Products', '', '2012-07-28 12:03:14', '2012-07-28 12:03:14', null, null, '0', '1', '0');
INSERT INTO xmai_crmentity VALUES ('55', '1', '1', '1', 'Products', '', '2012-07-28 12:03:14', '2012-07-28 12:03:14', null, null, '0', '1', '0');
INSERT INTO xmai_crmentity VALUES ('56', '1', '1', '1', 'Products', '', '2012-07-28 12:03:15', '2012-07-28 12:03:15', null, null, '0', '1', '0');
INSERT INTO xmai_crmentity VALUES ('57', '1', '1', '1', 'Products', '', '2012-07-28 12:03:15', '2012-07-28 12:03:15', null, null, '0', '1', '0');
INSERT INTO xmai_crmentity VALUES ('58', '1', '1', '1', 'Products', '', '2012-07-28 12:03:15', '2012-07-28 12:03:15', null, null, '0', '1', '0');
INSERT INTO xmai_crmentity VALUES ('59', '1', '1', '1', 'Products', '', '2012-07-28 12:03:15', '2012-07-28 12:03:15', null, null, '0', '1', '0');
INSERT INTO xmai_crmentity VALUES ('60', '1', '1', '1', 'Products', '', '2012-07-28 12:03:15', '2012-07-28 12:03:15', null, null, '0', '1', '0');
INSERT INTO xmai_crmentity VALUES ('61', '1', '1', '1', 'Products', '', '2012-07-28 12:03:16', '2012-07-28 12:03:16', null, null, '0', '1', '0');
INSERT INTO xmai_crmentity VALUES ('62', '1', '1', '1', 'Faq', null, '2012-07-28 12:03:16', '2012-07-28 12:03:16', null, null, '0', '1', '0');
INSERT INTO xmai_crmentity VALUES ('63', '1', '1', '1', 'Faq', null, '2012-07-28 12:03:16', '2012-07-28 12:03:16', null, null, '0', '1', '0');
INSERT INTO xmai_crmentity VALUES ('64', '1', '1', '1', 'Faq', null, '2012-07-28 12:03:16', '2012-07-28 12:03:16', null, null, '0', '1', '0');
INSERT INTO xmai_crmentity VALUES ('65', '1', '1', '1', 'Faq', null, '2012-07-28 12:03:17', '2012-07-28 12:03:17', null, null, '0', '1', '0');
INSERT INTO xmai_crmentity VALUES ('66', '1', '1', '1', 'Faq', null, '2012-07-28 12:03:17', '2012-07-28 12:03:17', null, null, '0', '1', '0');
INSERT INTO xmai_crmentity VALUES ('67', '1', '1', '1', 'Faq', null, '2012-07-28 12:03:17', '2012-07-28 12:03:17', null, null, '0', '1', '0');
INSERT INTO xmai_crmentity VALUES ('68', '1', '1', '1', 'Faq', null, '2012-07-28 12:03:17', '2012-07-28 12:03:17', null, null, '0', '1', '0');
INSERT INTO xmai_crmentity VALUES ('69', '1', '1', '1', 'Faq', null, '2012-07-28 12:03:17', '2012-07-28 12:03:17', null, null, '0', '1', '0');
INSERT INTO xmai_crmentity VALUES ('70', '1', '1', '1', 'Faq', null, '2012-07-28 12:03:17', '2012-07-28 12:03:17', null, null, '0', '1', '0');
INSERT INTO xmai_crmentity VALUES ('71', '1', '1', '1', 'Faq', null, '2012-07-28 12:03:18', '2012-07-28 12:03:18', null, null, '0', '1', '0');
INSERT INTO xmai_crmentity VALUES ('72', '1', '1', '1', 'Faq', null, '2012-07-28 12:03:18', '2012-07-28 12:03:18', null, null, '0', '1', '0');
INSERT INTO xmai_crmentity VALUES ('73', '1', '1', '1', 'Faq', null, '2012-07-28 12:03:18', '2012-07-28 12:03:18', null, null, '0', '1', '0');
INSERT INTO xmai_crmentity VALUES ('74', '1', '1', '1', 'Quotes', '', '2012-07-28 12:03:18', '2012-07-28 12:03:18', null, null, '0', '1', '0');
INSERT INTO xmai_crmentity VALUES ('75', '1', '1', '1', 'Quotes', '', '2012-07-28 12:03:18', '2012-07-28 12:03:18', null, null, '0', '1', '0');
INSERT INTO xmai_crmentity VALUES ('76', '1', '1', '1', 'Quotes', '', '2012-07-28 12:03:19', '2012-07-28 12:03:19', null, null, '0', '1', '0');
INSERT INTO xmai_crmentity VALUES ('77', '1', '1', '1', 'Quotes', '', '2012-07-28 12:03:19', '2012-07-28 12:03:19', null, null, '0', '1', '0');
INSERT INTO xmai_crmentity VALUES ('78', '1', '1', '1', 'Quotes', '', '2012-07-28 12:03:20', '2012-07-28 12:03:20', null, null, '0', '1', '0');
INSERT INTO xmai_crmentity VALUES ('79', '1', '1', '1', 'SalesOrder', '', '2012-07-28 12:03:20', '2012-07-28 12:03:20', null, null, '0', '1', '0');
INSERT INTO xmai_crmentity VALUES ('80', '1', '1', '1', 'SalesOrder', '', '2012-07-28 12:03:21', '2012-07-28 12:03:21', null, null, '0', '1', '0');
INSERT INTO xmai_crmentity VALUES ('81', '1', '1', '1', 'SalesOrder', '', '2012-07-28 12:03:22', '2012-07-28 12:03:22', null, null, '0', '1', '0');
INSERT INTO xmai_crmentity VALUES ('82', '1', '1', '1', 'SalesOrder', '', '2012-07-28 12:03:22', '2012-07-28 12:03:22', null, null, '0', '1', '0');
INSERT INTO xmai_crmentity VALUES ('83', '1', '1', '1', 'SalesOrder', '', '2012-07-28 12:03:23', '2012-07-28 12:03:23', null, null, '0', '1', '0');
INSERT INTO xmai_crmentity VALUES ('84', '1', '1', '1', 'PurchaseOrder', '', '2012-07-28 12:03:24', '2012-07-28 12:03:24', null, null, '0', '1', '0');
INSERT INTO xmai_crmentity VALUES ('85', '1', '1', '1', 'PurchaseOrder', '', '2012-07-28 12:03:24', '2012-07-28 12:03:24', null, null, '0', '1', '0');
INSERT INTO xmai_crmentity VALUES ('86', '1', '1', '1', 'PurchaseOrder', '', '2012-07-28 12:03:25', '2012-07-28 12:03:25', null, null, '0', '1', '0');
INSERT INTO xmai_crmentity VALUES ('87', '1', '1', '1', 'PurchaseOrder', '', '2012-07-28 12:03:25', '2012-07-28 12:03:25', null, null, '0', '1', '0');
INSERT INTO xmai_crmentity VALUES ('88', '1', '1', '1', 'PurchaseOrder', '', '2012-07-28 12:03:26', '2012-07-28 12:03:26', null, null, '0', '1', '0');
INSERT INTO xmai_crmentity VALUES ('89', '1', '1', '1', 'Invoice', '', '2012-07-28 12:03:26', '2012-07-28 12:03:26', null, null, '0', '1', '0');
INSERT INTO xmai_crmentity VALUES ('90', '1', '1', '1', 'Invoice', '', '2012-07-28 12:03:27', '2012-07-28 12:03:27', null, null, '0', '1', '0');
INSERT INTO xmai_crmentity VALUES ('91', '1', '1', '1', 'Invoice', '', '2012-07-28 12:03:28', '2012-07-28 12:03:28', null, null, '0', '1', '0');
INSERT INTO xmai_crmentity VALUES ('92', '1', '1', '1', 'Invoice', '', '2012-07-28 12:03:28', '2012-07-28 12:03:28', null, null, '0', '1', '0');
INSERT INTO xmai_crmentity VALUES ('93', '1', '1', '1', 'Invoice', '', '2012-07-28 12:03:29', '2012-07-28 12:03:29', null, null, '0', '1', '0');
INSERT INTO xmai_crmentity VALUES ('94', '1', '1', '1', 'Emails', 'This release has close to 500 fixes in it and has gone through almost 7 rounds of validation. We think it is a stable product that you can directly use in deployment! ', '2012-07-28 12:03:30', '2012-07-28 12:03:30', null, null, '0', '1', '0');
INSERT INTO xmai_crmentity VALUES ('95', '1', '1', '1', 'Emails', 'Nice to have you visit us, very nice of you. Stay for sometime and have a look at our product. I am sure you will like it', '2012-07-28 12:03:30', '2012-07-28 12:03:30', null, null, '0', '1', '0');
INSERT INTO xmai_crmentity VALUES ('96', '1', '1', '1', 'Emails', 'This will take some time to fix. Can you provide me more details please?', '2012-07-28 12:03:30', '2012-07-28 12:03:30', null, null, '0', '1', '0');
INSERT INTO xmai_crmentity VALUES ('97', '1', '1', '1', 'Emails', 'What a cool tool! I wish I had found it earlier. Oh it has a lot of my friends name in it too! I too can contribute. But how?', '2012-07-28 12:03:30', '2012-07-28 12:03:30', null, null, '0', '1', '0');
INSERT INTO xmai_crmentity VALUES ('98', '1', '1', '1', 'Emails', 'Urgent. I need this done last week! Guys, you are the ones I am depending on. Do something!', '2012-07-28 12:03:30', '2012-07-28 12:03:30', null, null, '0', '1', '0');
INSERT INTO xmai_crmentity VALUES ('99', '1', '1', '1', 'PriceBooks', '', '2012-07-28 12:03:30', '2012-07-28 12:03:30', null, null, '0', '1', '0');
INSERT INTO xmai_crmentity VALUES ('100', '1', '1', '1', 'PriceBooks', '', '2012-07-28 12:03:31', '2012-07-28 12:03:31', null, null, '0', '1', '0');
INSERT INTO xmai_crmentity VALUES ('101', '1', '1', '1', 'PriceBooks', '', '2012-07-28 12:03:31', '2012-07-28 12:03:31', null, null, '0', '1', '0');
INSERT INTO xmai_crmentity VALUES ('102', '1', '1', '1', 'PriceBooks', '', '2012-07-28 12:03:31', '2012-07-28 12:03:31', null, null, '0', '1', '0');
INSERT INTO xmai_crmentity VALUES ('103', '1', '1', '1', 'PriceBooks', '', '2012-07-28 12:03:31', '2012-07-28 12:03:31', null, null, '0', '1', '0');
INSERT INTO xmai_crmentity VALUES ('104', '1', '1', '1', 'PriceBooks', '', '2012-07-28 12:03:31', '2012-07-28 12:03:31', null, null, '0', '1', '0');
INSERT INTO xmai_crmentity VALUES ('105', '1', '1', '1', 'PriceBooks', '', '2012-07-28 12:03:31', '2012-07-28 12:03:31', null, null, '0', '1', '0');
INSERT INTO xmai_crmentity VALUES ('106', '1', '1', '1', 'PriceBooks', '', '2012-07-28 12:03:32', '2012-07-28 12:03:32', null, null, '0', '1', '0');
INSERT INTO xmai_crmentity VALUES ('107', '1', '1', '1', 'PriceBooks', '', '2012-07-28 12:03:32', '2012-07-28 12:03:32', null, null, '0', '1', '0');
INSERT INTO xmai_crmentity VALUES ('108', '1', '1', '1', 'PriceBooks', '', '2012-07-28 12:03:32', '2012-07-28 12:03:32', null, null, '0', '1', '0');
INSERT INTO xmai_crmentity VALUES ('109', '1', '1', '1', 'PriceBooks', '', '2012-07-28 12:03:32', '2012-07-28 12:03:32', null, null, '0', '1', '0');
INSERT INTO xmai_crmentity VALUES ('110', '1', '1', '1', 'PriceBooks', '', '2012-07-28 12:03:32', '2012-07-28 12:03:32', null, null, '0', '1', '0');
INSERT INTO xmai_crmentity VALUES ('111', '1', '1', '1', 'HelpDesk', '', '2012-07-28 12:03:33', '2012-07-28 12:03:33', null, null, '0', '1', '0');
INSERT INTO xmai_crmentity VALUES ('112', '1', '1', '1', 'HelpDesk', '', '2012-07-28 12:03:33', '2012-07-28 12:03:33', null, null, '0', '1', '0');
INSERT INTO xmai_crmentity VALUES ('113', '1', '1', '1', 'HelpDesk', '', '2012-07-28 12:03:33', '2012-07-28 12:03:33', null, null, '0', '1', '0');
INSERT INTO xmai_crmentity VALUES ('114', '1', '1', '1', 'HelpDesk', '', '2012-07-28 12:03:33', '2012-07-28 12:03:33', null, null, '0', '1', '0');
INSERT INTO xmai_crmentity VALUES ('115', '1', '1', '1', 'HelpDesk', '', '2012-07-28 12:03:34', '2012-07-28 12:03:34', null, null, '0', '1', '0');
INSERT INTO xmai_crmentity VALUES ('116', '1', '1', '1', 'Calendar', '', '2012-07-28 12:03:34', '2012-07-28 12:03:34', null, null, '0', '1', '0');
INSERT INTO xmai_crmentity VALUES ('117', '1', '1', '1', 'Calendar', '', '2012-07-28 12:03:34', '2012-07-28 12:03:34', null, null, '0', '1', '0');
INSERT INTO xmai_crmentity VALUES ('118', '1', '1', '1', 'Calendar', '', '2012-07-28 12:03:35', '2012-07-28 12:03:35', null, null, '0', '1', '0');
INSERT INTO xmai_crmentity VALUES ('119', '1', '1', '1', 'Calendar', '', '2012-07-28 12:03:35', '2012-07-28 12:03:35', null, null, '0', '1', '0');
INSERT INTO xmai_crmentity VALUES ('120', '1', '1', '1', 'Calendar', '', '2012-07-28 12:03:35', '2012-07-28 12:03:35', null, null, '0', '1', '0');
INSERT INTO xmai_crmentity VALUES ('121', '1', '1', '1', 'Calendar', '', '2012-07-28 12:03:36', '2012-07-28 12:03:36', null, null, '0', '1', '0');
INSERT INTO xmai_crmentity VALUES ('122', '1', '1', '1', 'Campaigns', '', '2012-07-28 12:03:36', '2012-07-28 12:03:36', null, null, '0', '1', '0');
INSERT INTO xmai_crmentity VALUES ('123', '1', '1', '1', 'Campaigns', '', '2012-07-28 12:03:36', '2012-07-28 12:03:36', null, null, '0', '1', '0');
INSERT INTO xmai_crmentity VALUES ('124', '1', '1', '1', 'Campaigns', '', '2012-07-28 12:03:37', '2012-07-28 12:03:37', null, null, '0', '1', '0');
INSERT INTO xmai_crmentity VALUES ('125', '1', '1', '1', 'Assets', '', '2012-07-28 12:39:07', '2012-07-28 12:39:07', '2012-07-28 12:39:09', null, '0', '1', '0');

-- ----------------------------
-- Table structure for `xmai_crmentitynotesrel`
-- ----------------------------
DROP TABLE IF EXISTS `xmai_crmentitynotesrel`;
CREATE TABLE `xmai_crmentitynotesrel` (
  `crmid` int(19) NOT NULL default '0',
  `notesid` int(19) NOT NULL default '0',
  PRIMARY KEY  (`crmid`,`notesid`),
  KEY `crmentitynotesrel_notesid_idx` (`notesid`),
  KEY `crmentitynotesrel_crmid_idx` (`crmid`),
  CONSTRAINT `fk_2_xmai_crmentitynotesrel` FOREIGN KEY (`notesid`) REFERENCES `xmai_notes` (`notesid`) ON DELETE CASCADE
) ENGINE=InnoDB DEFAULT CHARSET=utf8;

-- ----------------------------
-- Records of xmai_crmentitynotesrel
-- ----------------------------

-- ----------------------------
-- Table structure for `xmai_crmentityrel`
-- ----------------------------
DROP TABLE IF EXISTS `xmai_crmentityrel`;
CREATE TABLE `xmai_crmentityrel` (
  `crmid` int(11) NOT NULL,
  `module` varchar(100) NOT NULL,
  `relcrmid` int(11) NOT NULL,
  `relmodule` varchar(100) NOT NULL
) ENGINE=InnoDB DEFAULT CHARSET=utf8;

-- ----------------------------
-- Records of xmai_crmentityrel
-- ----------------------------

-- ----------------------------
-- Table structure for `xmai_crmentity_seq`
-- ----------------------------
DROP TABLE IF EXISTS `xmai_crmentity_seq`;
CREATE TABLE `xmai_crmentity_seq` (
  `id` int(11) NOT NULL
) ENGINE=MyISAM DEFAULT CHARSET=utf8;

-- ----------------------------
-- Records of xmai_crmentity_seq
-- ----------------------------
INSERT INTO xmai_crmentity_seq VALUES ('125');

-- ----------------------------
-- Table structure for `xmai_cron_task`
-- ----------------------------
DROP TABLE IF EXISTS `xmai_cron_task`;
CREATE TABLE `xmai_cron_task` (
  `id` int(11) NOT NULL auto_increment,
  `name` varchar(100) default NULL,
  `handler_file` varchar(100) default NULL,
  `frequency` int(11) default NULL,
  `laststart` mediumtext,
  `lastend` mediumtext,
  `status` int(11) default NULL,
  `module` varchar(100) default NULL,
  `sequence` int(11) default NULL,
  `description` text,
  PRIMARY KEY  (`id`),
  UNIQUE KEY `name` (`name`),
  UNIQUE KEY `handler_file` (`handler_file`)
) ENGINE=InnoDB AUTO_INCREMENT=7 DEFAULT CHARSET=utf8;

-- ----------------------------
-- Records of xmai_cron_task
-- ----------------------------
INSERT INTO xmai_cron_task VALUES ('1', 'Workflow', 'cron/modules/com_xmai_workflow/com_xmai_workflow.service', '900', null, null, '1', 'com_xmai_workflow', '1', 'Recommended frequency for Workflow is 15 mins');
INSERT INTO xmai_cron_task VALUES ('2', 'RecurringInvoice', 'cron/modules/SalesOrder/RecurringInvoice.service', '43200', null, null, '1', 'SalesOrder', '2', 'Recommended frequency for RecurringInvoice is 12 hours');
INSERT INTO xmai_cron_task VALUES ('3', 'SendReminder', 'cron/SendReminder.service', '900', null, null, '1', 'Calendar', '3', 'Recommended frequency for SendReminder is 15 mins');
INSERT INTO xmai_cron_task VALUES ('4', 'ScheduleReports', 'cron/modules/Reports/ScheduleReports.service', '900', null, null, '1', 'Reports', '4', 'Recommended frequency for ScheduleReports is 15 mins');
INSERT INTO xmai_cron_task VALUES ('5', 'MailScanner', 'cron/MailScanner.service', '900', null, null, '1', 'Settings', '5', 'Recommended frequency for MailScanner is 15 mins');
INSERT INTO xmai_cron_task VALUES ('6', 'Scheduled Import', 'cron/modules/Import/ScheduledImport.service', '900', null, null, '1', 'Import', '6', '');

-- ----------------------------
-- Table structure for `xmai_currencies`
-- ----------------------------
DROP TABLE IF EXISTS `xmai_currencies`;
CREATE TABLE `xmai_currencies` (
  `currencyid` int(19) NOT NULL auto_increment,
  `currency_name` varchar(200) default NULL,
  `currency_code` varchar(50) default NULL,
  `currency_symbol` varchar(11) default NULL,
  PRIMARY KEY  (`currencyid`)
) ENGINE=InnoDB AUTO_INCREMENT=130 DEFAULT CHARSET=utf8;

-- ----------------------------
-- Records of xmai_currencies
-- ----------------------------
INSERT INTO xmai_currencies VALUES ('1', 'Albania, Leke', 'ALL', 'Lek');
INSERT INTO xmai_currencies VALUES ('2', 'Argentina, Pesos', 'ARS', '$');
INSERT INTO xmai_currencies VALUES ('3', 'Aruba, Guilders', 'AWG', '');
INSERT INTO xmai_currencies VALUES ('4', 'Australia, Dollars', 'AUD', '$');
INSERT INTO xmai_currencies VALUES ('5', 'Azerbaijan, New Manats', 'AZN', '');
INSERT INTO xmai_currencies VALUES ('6', 'Bahamas, Dollars', 'BSD', '$');
INSERT INTO xmai_currencies VALUES ('7', 'Bahrain, Dinar', 'BHD', 'BD');
INSERT INTO xmai_currencies VALUES ('8', 'Barbados, Dollars', 'BBD', '$');
INSERT INTO xmai_currencies VALUES ('9', 'Belarus, Rubles', 'BYR', 'p.');
INSERT INTO xmai_currencies VALUES ('10', 'Belize, Dollars', 'BZD', 'BZ$');
INSERT INTO xmai_currencies VALUES ('11', 'Bermuda, Dollars', 'BMD', '$');
INSERT INTO xmai_currencies VALUES ('12', 'Bolivia, Bolivianos', 'BOB', '$b');
INSERT INTO xmai_currencies VALUES ('13', 'China, Yuan Renminbi', 'CNY', '');
INSERT INTO xmai_currencies VALUES ('14', 'Convertible Marka', 'BAM', 'KM');
INSERT INTO xmai_currencies VALUES ('15', 'Botswana, Pulas', 'BWP', 'P');
INSERT INTO xmai_currencies VALUES ('16', 'Bulgaria, Leva', 'BGN', '');
INSERT INTO xmai_currencies VALUES ('17', 'Brazil, Reais', 'BRL', 'R$');
INSERT INTO xmai_currencies VALUES ('18', 'Great Britain Pounds', 'GBP', '');
INSERT INTO xmai_currencies VALUES ('19', 'Brunei Darussalam, Dollars', 'BND', '$');
INSERT INTO xmai_currencies VALUES ('20', 'Canada, Dollars', 'CAD', '$');
INSERT INTO xmai_currencies VALUES ('21', 'Cayman Islands, Dollars', 'KYD', '$');
INSERT INTO xmai_currencies VALUES ('22', 'Chile, Pesos', 'CLP', '$');
INSERT INTO xmai_currencies VALUES ('23', 'Colombia, Pesos', 'COP', '$');
INSERT INTO xmai_currencies VALUES ('24', 'Costa Rica, Coln', 'CRC', '');
INSERT INTO xmai_currencies VALUES ('25', 'Croatia, Kuna', 'HRK', 'kn');
INSERT INTO xmai_currencies VALUES ('26', 'Cuba, Pesos', 'CUP', '');
INSERT INTO xmai_currencies VALUES ('27', 'Czech Republic, Koruny', 'CZK', 'K');
INSERT INTO xmai_currencies VALUES ('28', 'Cyprus, Pounds', 'CYP', '');
INSERT INTO xmai_currencies VALUES ('29', 'Denmark, Kroner', 'DKK', 'kr');
INSERT INTO xmai_currencies VALUES ('30', 'Dominican Republic, Pesos', 'DOP', 'RD$');
INSERT INTO xmai_currencies VALUES ('31', 'East Caribbean, Dollars', 'XCD', '$');
INSERT INTO xmai_currencies VALUES ('32', 'Egypt, Pounds', 'EGP', '');
INSERT INTO xmai_currencies VALUES ('33', 'El Salvador, Coln', 'SVC', '');
INSERT INTO xmai_currencies VALUES ('34', 'England, Pounds', 'GBP', '');
INSERT INTO xmai_currencies VALUES ('35', 'Estonia, Krooni', 'EEK', 'kr');
INSERT INTO xmai_currencies VALUES ('36', 'Euro', 'EUR', '');
INSERT INTO xmai_currencies VALUES ('37', 'Falkland Islands, Pounds', 'FKP', '');
INSERT INTO xmai_currencies VALUES ('38', 'Fiji, Dollars', 'FJD', '$');
INSERT INTO xmai_currencies VALUES ('39', 'Ghana, Cedis', 'GHC', '');
INSERT INTO xmai_currencies VALUES ('40', 'Gibraltar, Pounds', 'GIP', '');
INSERT INTO xmai_currencies VALUES ('41', 'Guatemala, Quetzales', 'GTQ', 'Q');
INSERT INTO xmai_currencies VALUES ('42', 'Guernsey, Pounds', 'GGP', '');
INSERT INTO xmai_currencies VALUES ('43', 'Guyana, Dollars', 'GYD', '$');
INSERT INTO xmai_currencies VALUES ('44', 'Honduras, Lempiras', 'HNL', 'L');
INSERT INTO xmai_currencies VALUES ('45', 'LvHong Kong, Dollars ', 'HKD', 'HK$');
INSERT INTO xmai_currencies VALUES ('46', 'Hungary, Forint', 'HUF', 'Ft');
INSERT INTO xmai_currencies VALUES ('47', 'Iceland, Krona', 'ISK', 'kr');
INSERT INTO xmai_currencies VALUES ('48', 'India, Rupees', 'INR', '');
INSERT INTO xmai_currencies VALUES ('49', 'Indonesia, Rupiahs', 'IDR', 'Rp');
INSERT INTO xmai_currencies VALUES ('50', 'Iran, Rials', 'IRR', '');
INSERT INTO xmai_currencies VALUES ('51', 'Isle of Man, Pounds', 'IMP', '');
INSERT INTO xmai_currencies VALUES ('52', 'Israel, New Shekels', 'ILS', '');
INSERT INTO xmai_currencies VALUES ('53', 'Jamaica, Dollars', 'JMD', 'J$');
INSERT INTO xmai_currencies VALUES ('54', 'Japan, Yen', 'JPY', '');
INSERT INTO xmai_currencies VALUES ('55', 'Jersey, Pounds', 'JEP', '');
INSERT INTO xmai_currencies VALUES ('56', 'Jordan, Dinar', 'JOD', 'JOD');
INSERT INTO xmai_currencies VALUES ('57', 'Kazakhstan, Tenge', 'KZT', '');
INSERT INTO xmai_currencies VALUES ('58', 'Kenya, Shilling', 'KES', 'KES');
INSERT INTO xmai_currencies VALUES ('59', 'Korea (North), Won', 'KPW', '');
INSERT INTO xmai_currencies VALUES ('60', 'Korea (South), Won', 'KRW', '');
INSERT INTO xmai_currencies VALUES ('61', 'Kuwait, Dinar', 'KWD', 'KWD');
INSERT INTO xmai_currencies VALUES ('62', 'Kyrgyzstan, Soms', 'KGS', '');
INSERT INTO xmai_currencies VALUES ('63', 'Laos, Kips', 'LAK', '');
INSERT INTO xmai_currencies VALUES ('64', 'Latvia, Lati', 'LVL', 'Ls');
INSERT INTO xmai_currencies VALUES ('65', 'Lebanon, Pounds', 'LBP', '');
INSERT INTO xmai_currencies VALUES ('66', 'Liberia, Dollars', 'LRD', '$');
INSERT INTO xmai_currencies VALUES ('67', 'Switzerland Francs', 'CHF', 'CHF');
INSERT INTO xmai_currencies VALUES ('68', 'Lithuania, Litai', 'LTL', 'Lt');
INSERT INTO xmai_currencies VALUES ('69', 'MADAGASCAR, Malagasy Ariary', 'MGA', 'MGA');
INSERT INTO xmai_currencies VALUES ('70', 'Macedonia, Denars', 'MKD', '');
INSERT INTO xmai_currencies VALUES ('71', 'Malaysia, Ringgits', 'MYR', 'RM');
INSERT INTO xmai_currencies VALUES ('72', 'Malta, Liri', 'MTL', '');
INSERT INTO xmai_currencies VALUES ('73', 'Mauritius, Rupees', 'MUR', '');
INSERT INTO xmai_currencies VALUES ('74', 'Mexico, Pesos', 'MXN', '$');
INSERT INTO xmai_currencies VALUES ('75', 'Mongolia, Tugriks', 'MNT', '');
INSERT INTO xmai_currencies VALUES ('76', 'Mozambique, Meticais', 'MZN', 'MT');
INSERT INTO xmai_currencies VALUES ('77', 'Namibia, Dollars', 'NAD', '$');
INSERT INTO xmai_currencies VALUES ('78', 'Nepal, Rupees', 'NPR', '');
INSERT INTO xmai_currencies VALUES ('79', 'Netherlands Antilles, Guilders', 'ANG', '');
INSERT INTO xmai_currencies VALUES ('80', 'New Zealand, Dollars', 'NZD', '$');
INSERT INTO xmai_currencies VALUES ('81', 'Nicaragua, Cordobas', 'NIO', 'C$');
INSERT INTO xmai_currencies VALUES ('82', 'Nigeria, Nairas', 'NGN', '');
INSERT INTO xmai_currencies VALUES ('83', 'North Korea, Won', 'KPW', '');
INSERT INTO xmai_currencies VALUES ('84', 'Norway, Krone', 'NOK', 'kr');
INSERT INTO xmai_currencies VALUES ('85', 'Oman, Rials', 'OMR', '');
INSERT INTO xmai_currencies VALUES ('86', 'Pakistan, Rupees', 'PKR', '');
INSERT INTO xmai_currencies VALUES ('87', 'Panama, Balboa', 'PAB', 'B/.');
INSERT INTO xmai_currencies VALUES ('88', 'Paraguay, Guarani', 'PYG', 'Gs');
INSERT INTO xmai_currencies VALUES ('89', 'Peru, Nuevos Soles', 'PEN', 'S/.');
INSERT INTO xmai_currencies VALUES ('90', 'Philippines, Pesos', 'PHP', 'Php');
INSERT INTO xmai_currencies VALUES ('91', 'Poland, Zlotych', 'PLN', 'z');
INSERT INTO xmai_currencies VALUES ('92', 'Qatar, Rials', 'QAR', '');
INSERT INTO xmai_currencies VALUES ('93', 'Romania, New Lei', 'RON', 'lei');
INSERT INTO xmai_currencies VALUES ('94', 'Russia, Rubles', 'RUB', '');
INSERT INTO xmai_currencies VALUES ('95', 'Saint Helena, Pounds', 'SHP', '');
INSERT INTO xmai_currencies VALUES ('96', 'Saudi Arabia, Riyals', 'SAR', '');
INSERT INTO xmai_currencies VALUES ('97', 'Serbia, Dinars', 'RSD', '.');
INSERT INTO xmai_currencies VALUES ('98', 'Seychelles, Rupees', 'SCR', '');
INSERT INTO xmai_currencies VALUES ('99', 'Singapore, Dollars', 'SGD', '$');
INSERT INTO xmai_currencies VALUES ('100', 'Solomon Islands, Dollars', 'SBD', '$');
INSERT INTO xmai_currencies VALUES ('101', 'Somalia, Shillings', 'SOS', 'S');
INSERT INTO xmai_currencies VALUES ('102', 'South Africa, Rand', 'ZAR', 'R');
INSERT INTO xmai_currencies VALUES ('103', 'South Korea, Won', 'KRW', '');
INSERT INTO xmai_currencies VALUES ('104', 'Sri Lanka, Rupees', 'LKR', '');
INSERT INTO xmai_currencies VALUES ('105', 'Sweden, Kronor', 'SEK', 'kr');
INSERT INTO xmai_currencies VALUES ('106', 'Switzerland, Francs', 'CHF', 'CHF');
INSERT INTO xmai_currencies VALUES ('107', 'Suriname, Dollars', 'SRD', '$');
INSERT INTO xmai_currencies VALUES ('108', 'Syria, Pounds', 'SYP', '');
INSERT INTO xmai_currencies VALUES ('109', 'Taiwan, New Dollars', 'TWD', 'NT$');
INSERT INTO xmai_currencies VALUES ('110', 'Thailand, Baht', 'THB', '');
INSERT INTO xmai_currencies VALUES ('111', 'Trinidad and Tobago, Dollars', 'TTD', 'TT$');
INSERT INTO xmai_currencies VALUES ('112', 'Turkey, New Lira', 'TRY', 'YTL');
INSERT INTO xmai_currencies VALUES ('113', 'Turkey, Liras', 'TRL', '');
INSERT INTO xmai_currencies VALUES ('114', 'Tuvalu, Dollars', 'TVD', '$');
INSERT INTO xmai_currencies VALUES ('115', 'Ukraine, Hryvnia', 'UAH', '');
INSERT INTO xmai_currencies VALUES ('116', 'United Arab Emirates, Dirham', 'AED', 'AED');
INSERT INTO xmai_currencies VALUES ('117', 'United Kingdom, Pounds', 'GBP', '');
INSERT INTO xmai_currencies VALUES ('118', 'United Republic of Tanzania, Shilling', 'TZS', 'TZS');
INSERT INTO xmai_currencies VALUES ('119', 'USA, Dollars', 'USD', '$');
INSERT INTO xmai_currencies VALUES ('120', 'Uruguay, Pesos', 'UYU', '$U');
INSERT INTO xmai_currencies VALUES ('121', 'Uzbekistan, Sums', 'UZS', '');
INSERT INTO xmai_currencies VALUES ('122', 'Venezuela, Bolivares Fuertes', 'VEF', 'Bs');
INSERT INTO xmai_currencies VALUES ('123', 'Vietnam, Dong', 'VND', '');
INSERT INTO xmai_currencies VALUES ('124', 'Zambia, Kwacha', 'ZMK', 'ZMK');
INSERT INTO xmai_currencies VALUES ('125', 'Yemen, Rials', 'YER', '');
INSERT INTO xmai_currencies VALUES ('126', 'Zimbabwe Dollars', 'ZWD', 'Z$');
INSERT INTO xmai_currencies VALUES ('127', 'Malawi, Kwacha', 'MWK', 'MK');
INSERT INTO xmai_currencies VALUES ('128', 'Tunisian, Dinar', 'TD', 'TD');
INSERT INTO xmai_currencies VALUES ('129', 'Moroccan, Dirham', 'MAD', '');

-- ----------------------------
-- Table structure for `xmai_currencies_seq`
-- ----------------------------
DROP TABLE IF EXISTS `xmai_currencies_seq`;
CREATE TABLE `xmai_currencies_seq` (
  `id` int(11) NOT NULL
) ENGINE=MyISAM DEFAULT CHARSET=utf8;

-- ----------------------------
-- Records of xmai_currencies_seq
-- ----------------------------
INSERT INTO xmai_currencies_seq VALUES ('129');

-- ----------------------------
-- Table structure for `xmai_currency`
-- ----------------------------
DROP TABLE IF EXISTS `xmai_currency`;
CREATE TABLE `xmai_currency` (
  `currencyid` int(19) NOT NULL auto_increment,
  `currency` varchar(200) NOT NULL,
  `sortorderid` int(19) NOT NULL default '0',
  `presence` int(1) NOT NULL default '1',
  PRIMARY KEY  (`currencyid`),
  UNIQUE KEY `currency_currency_idx` (`currency`)
) ENGINE=InnoDB DEFAULT CHARSET=utf8;

-- ----------------------------
-- Records of xmai_currency
-- ----------------------------

-- ----------------------------
-- Table structure for `xmai_currency_decimal_separator`
-- ----------------------------
DROP TABLE IF EXISTS `xmai_currency_decimal_separator`;
CREATE TABLE `xmai_currency_decimal_separator` (
  `currency_decimal_separatorid` int(19) NOT NULL auto_increment,
  `currency_decimal_separator` varchar(2) NOT NULL,
  `sortorderid` int(19) NOT NULL default '0',
  `presence` int(1) NOT NULL default '1',
  PRIMARY KEY  (`currency_decimal_separatorid`)
) ENGINE=InnoDB AUTO_INCREMENT=6 DEFAULT CHARSET=utf8;

-- ----------------------------
-- Records of xmai_currency_decimal_separator
-- ----------------------------
INSERT INTO xmai_currency_decimal_separator VALUES ('1', '.', '0', '1');
INSERT INTO xmai_currency_decimal_separator VALUES ('2', ',', '1', '1');
INSERT INTO xmai_currency_decimal_separator VALUES ('3', '\'', '2', '1');
INSERT INTO xmai_currency_decimal_separator VALUES ('4', ' ', '3', '1');
INSERT INTO xmai_currency_decimal_separator VALUES ('5', '$', '4', '1');

-- ----------------------------
-- Table structure for `xmai_currency_decimal_separator_seq`
-- ----------------------------
DROP TABLE IF EXISTS `xmai_currency_decimal_separator_seq`;
CREATE TABLE `xmai_currency_decimal_separator_seq` (
  `id` int(11) NOT NULL
) ENGINE=MyISAM DEFAULT CHARSET=utf8;

-- ----------------------------
-- Records of xmai_currency_decimal_separator_seq
-- ----------------------------
INSERT INTO xmai_currency_decimal_separator_seq VALUES ('5');

-- ----------------------------
-- Table structure for `xmai_currency_grouping_pattern`
-- ----------------------------
DROP TABLE IF EXISTS `xmai_currency_grouping_pattern`;
CREATE TABLE `xmai_currency_grouping_pattern` (
  `currency_grouping_patternid` int(19) NOT NULL auto_increment,
  `currency_grouping_pattern` varchar(200) NOT NULL,
  `sortorderid` int(19) NOT NULL default '0',
  `presence` int(1) NOT NULL default '1',
  PRIMARY KEY  (`currency_grouping_patternid`)
) ENGINE=InnoDB AUTO_INCREMENT=5 DEFAULT CHARSET=utf8;

-- ----------------------------
-- Records of xmai_currency_grouping_pattern
-- ----------------------------
INSERT INTO xmai_currency_grouping_pattern VALUES ('1', '123,456,789', '0', '1');
INSERT INTO xmai_currency_grouping_pattern VALUES ('2', '123456789', '1', '1');
INSERT INTO xmai_currency_grouping_pattern VALUES ('3', '123456,789', '2', '1');
INSERT INTO xmai_currency_grouping_pattern VALUES ('4', '12,34,56,789', '3', '1');

-- ----------------------------
-- Table structure for `xmai_currency_grouping_pattern_seq`
-- ----------------------------
DROP TABLE IF EXISTS `xmai_currency_grouping_pattern_seq`;
CREATE TABLE `xmai_currency_grouping_pattern_seq` (
  `id` int(11) NOT NULL
) ENGINE=MyISAM DEFAULT CHARSET=utf8;

-- ----------------------------
-- Records of xmai_currency_grouping_pattern_seq
-- ----------------------------
INSERT INTO xmai_currency_grouping_pattern_seq VALUES ('4');

-- ----------------------------
-- Table structure for `xmai_currency_grouping_separator`
-- ----------------------------
DROP TABLE IF EXISTS `xmai_currency_grouping_separator`;
CREATE TABLE `xmai_currency_grouping_separator` (
  `currency_grouping_separatorid` int(19) NOT NULL auto_increment,
  `currency_grouping_separator` varchar(2) NOT NULL,
  `sortorderid` int(19) NOT NULL default '0',
  `presence` int(1) NOT NULL default '1',
  PRIMARY KEY  (`currency_grouping_separatorid`)
) ENGINE=InnoDB AUTO_INCREMENT=6 DEFAULT CHARSET=utf8;

-- ----------------------------
-- Records of xmai_currency_grouping_separator
-- ----------------------------
INSERT INTO xmai_currency_grouping_separator VALUES ('1', '.', '0', '1');
INSERT INTO xmai_currency_grouping_separator VALUES ('2', ',', '1', '1');
INSERT INTO xmai_currency_grouping_separator VALUES ('3', '\'', '2', '1');
INSERT INTO xmai_currency_grouping_separator VALUES ('4', ' ', '3', '1');
INSERT INTO xmai_currency_grouping_separator VALUES ('5', '$', '4', '1');

-- ----------------------------
-- Table structure for `xmai_currency_grouping_separator_seq`
-- ----------------------------
DROP TABLE IF EXISTS `xmai_currency_grouping_separator_seq`;
CREATE TABLE `xmai_currency_grouping_separator_seq` (
  `id` int(11) NOT NULL
) ENGINE=MyISAM DEFAULT CHARSET=utf8;

-- ----------------------------
-- Records of xmai_currency_grouping_separator_seq
-- ----------------------------
INSERT INTO xmai_currency_grouping_separator_seq VALUES ('5');

-- ----------------------------
-- Table structure for `xmai_currency_info`
-- ----------------------------
DROP TABLE IF EXISTS `xmai_currency_info`;
CREATE TABLE `xmai_currency_info` (
  `id` int(11) NOT NULL auto_increment,
  `currency_name` varchar(100) default NULL,
  `currency_code` varchar(100) default NULL,
  `currency_symbol` varchar(30) default NULL,
  `conversion_rate` decimal(10,3) default NULL,
  `currency_status` varchar(25) default NULL,
  `defaultid` varchar(10) NOT NULL default '0',
  `deleted` int(1) NOT NULL default '0',
  PRIMARY KEY  (`id`)
) ENGINE=InnoDB AUTO_INCREMENT=2 DEFAULT CHARSET=utf8;

-- ----------------------------
-- Records of xmai_currency_info
-- ----------------------------
INSERT INTO xmai_currency_info VALUES ('1', 'China, Yuan Renminbi', 'CNY', '', '1.000', 'Active', '-11', '0');

-- ----------------------------
-- Table structure for `xmai_currency_info_seq`
-- ----------------------------
DROP TABLE IF EXISTS `xmai_currency_info_seq`;
CREATE TABLE `xmai_currency_info_seq` (
  `id` int(11) NOT NULL
) ENGINE=MyISAM DEFAULT CHARSET=utf8;

-- ----------------------------
-- Records of xmai_currency_info_seq
-- ----------------------------
INSERT INTO xmai_currency_info_seq VALUES ('1');

-- ----------------------------
-- Table structure for `xmai_currency_symbol_placement`
-- ----------------------------
DROP TABLE IF EXISTS `xmai_currency_symbol_placement`;
CREATE TABLE `xmai_currency_symbol_placement` (
  `currency_symbol_placementid` int(19) NOT NULL auto_increment,
  `currency_symbol_placement` varchar(30) NOT NULL,
  `sortorderid` int(19) NOT NULL default '0',
  `presence` int(1) NOT NULL default '1',
  PRIMARY KEY  (`currency_symbol_placementid`)
) ENGINE=InnoDB AUTO_INCREMENT=3 DEFAULT CHARSET=utf8;

-- ----------------------------
-- Records of xmai_currency_symbol_placement
-- ----------------------------
INSERT INTO xmai_currency_symbol_placement VALUES ('1', '$1.0', '0', '1');
INSERT INTO xmai_currency_symbol_placement VALUES ('2', '1.0$', '1', '1');

-- ----------------------------
-- Table structure for `xmai_currency_symbol_placement_seq`
-- ----------------------------
DROP TABLE IF EXISTS `xmai_currency_symbol_placement_seq`;
CREATE TABLE `xmai_currency_symbol_placement_seq` (
  `id` int(11) NOT NULL
) ENGINE=MyISAM DEFAULT CHARSET=utf8;

-- ----------------------------
-- Records of xmai_currency_symbol_placement_seq
-- ----------------------------
INSERT INTO xmai_currency_symbol_placement_seq VALUES ('2');

-- ----------------------------
-- Table structure for `xmai_customaction`
-- ----------------------------
DROP TABLE IF EXISTS `xmai_customaction`;
CREATE TABLE `xmai_customaction` (
  `cvid` int(19) NOT NULL,
  `subject` varchar(250) NOT NULL,
  `module` varchar(50) NOT NULL,
  `content` text,
  KEY `customaction_cvid_idx` (`cvid`),
  CONSTRAINT `fk_1_xmai_customaction` FOREIGN KEY (`cvid`) REFERENCES `xmai_customview` (`cvid`) ON DELETE CASCADE
) ENGINE=InnoDB DEFAULT CHARSET=utf8;

-- ----------------------------
-- Records of xmai_customaction
-- ----------------------------

-- ----------------------------
-- Table structure for `xmai_customerdetails`
-- ----------------------------
DROP TABLE IF EXISTS `xmai_customerdetails`;
CREATE TABLE `xmai_customerdetails` (
  `customerid` int(19) NOT NULL,
  `portal` varchar(3) default NULL,
  `support_start_date` date default NULL,
  `support_end_date` date default NULL,
  PRIMARY KEY  (`customerid`),
  CONSTRAINT `fk_1_xmai_customerdetails` FOREIGN KEY (`customerid`) REFERENCES `xmai_contactdetails` (`contactid`) ON DELETE CASCADE
) ENGINE=InnoDB DEFAULT CHARSET=utf8;

-- ----------------------------
-- Records of xmai_customerdetails
-- ----------------------------
INSERT INTO xmai_customerdetails VALUES ('22', '0', null, null);
INSERT INTO xmai_customerdetails VALUES ('23', '0', null, null);
INSERT INTO xmai_customerdetails VALUES ('24', '0', null, null);
INSERT INTO xmai_customerdetails VALUES ('25', '0', null, null);
INSERT INTO xmai_customerdetails VALUES ('26', '0', null, null);
INSERT INTO xmai_customerdetails VALUES ('27', '0', null, null);
INSERT INTO xmai_customerdetails VALUES ('28', '0', null, null);
INSERT INTO xmai_customerdetails VALUES ('29', '0', null, null);
INSERT INTO xmai_customerdetails VALUES ('30', '0', null, null);
INSERT INTO xmai_customerdetails VALUES ('31', '0', null, null);

-- ----------------------------
-- Table structure for `xmai_customerportal_fields`
-- ----------------------------
DROP TABLE IF EXISTS `xmai_customerportal_fields`;
CREATE TABLE `xmai_customerportal_fields` (
  `tabid` int(19) NOT NULL,
  `fieldid` int(19) default NULL,
  `visible` int(1) default NULL
) ENGINE=InnoDB DEFAULT CHARSET=utf8;

-- ----------------------------
-- Records of xmai_customerportal_fields
-- ----------------------------

-- ----------------------------
-- Table structure for `xmai_customerportal_prefs`
-- ----------------------------
DROP TABLE IF EXISTS `xmai_customerportal_prefs`;
CREATE TABLE `xmai_customerportal_prefs` (
  `tabid` int(19) NOT NULL,
  `prefkey` varchar(100) NOT NULL,
  `prefvalue` int(20) default NULL,
  PRIMARY KEY  (`tabid`,`prefkey`)
) ENGINE=InnoDB DEFAULT CHARSET=utf8;

-- ----------------------------
-- Records of xmai_customerportal_prefs
-- ----------------------------
INSERT INTO xmai_customerportal_prefs VALUES ('0', 'defaultassignee', '1');
INSERT INTO xmai_customerportal_prefs VALUES ('0', 'userid', '1');
INSERT INTO xmai_customerportal_prefs VALUES ('4', 'showrelatedinfo', '1');
INSERT INTO xmai_customerportal_prefs VALUES ('6', 'showrelatedinfo', '1');
INSERT INTO xmai_customerportal_prefs VALUES ('8', 'showrelatedinfo', '1');
INSERT INTO xmai_customerportal_prefs VALUES ('13', 'showrelatedinfo', '1');
INSERT INTO xmai_customerportal_prefs VALUES ('14', 'showrelatedinfo', '1');
INSERT INTO xmai_customerportal_prefs VALUES ('15', 'showrelatedinfo', '1');
INSERT INTO xmai_customerportal_prefs VALUES ('20', 'showrelatedinfo', '1');
INSERT INTO xmai_customerportal_prefs VALUES ('23', 'showrelatedinfo', '1');
INSERT INTO xmai_customerportal_prefs VALUES ('38', 'showrelatedinfo', '1');
INSERT INTO xmai_customerportal_prefs VALUES ('41', 'showrelatedinfo', '1');
INSERT INTO xmai_customerportal_prefs VALUES ('46', 'showrelatedinfo', '1');
INSERT INTO xmai_customerportal_prefs VALUES ('47', 'showrelatedinfo', '1');
INSERT INTO xmai_customerportal_prefs VALUES ('48', 'showrelatedinfo', '1');

-- ----------------------------
-- Table structure for `xmai_customerportal_tabs`
-- ----------------------------
DROP TABLE IF EXISTS `xmai_customerportal_tabs`;
CREATE TABLE `xmai_customerportal_tabs` (
  `tabid` int(19) NOT NULL,
  `visible` int(1) default '1',
  `sequence` int(1) default NULL,
  PRIMARY KEY  (`tabid`)
) ENGINE=InnoDB DEFAULT CHARSET=utf8;

-- ----------------------------
-- Records of xmai_customerportal_tabs
-- ----------------------------
INSERT INTO xmai_customerportal_tabs VALUES ('4', '1', '9');
INSERT INTO xmai_customerportal_tabs VALUES ('6', '1', '10');
INSERT INTO xmai_customerportal_tabs VALUES ('8', '1', '8');
INSERT INTO xmai_customerportal_tabs VALUES ('13', '1', '2');
INSERT INTO xmai_customerportal_tabs VALUES ('14', '1', '6');
INSERT INTO xmai_customerportal_tabs VALUES ('15', '1', '3');
INSERT INTO xmai_customerportal_tabs VALUES ('20', '1', '5');
INSERT INTO xmai_customerportal_tabs VALUES ('23', '1', '4');
INSERT INTO xmai_customerportal_tabs VALUES ('38', '1', '7');
INSERT INTO xmai_customerportal_tabs VALUES ('41', '1', '11');
INSERT INTO xmai_customerportal_tabs VALUES ('46', '1', '12');
INSERT INTO xmai_customerportal_tabs VALUES ('47', '1', '13');
INSERT INTO xmai_customerportal_tabs VALUES ('48', '1', '14');

-- ----------------------------
-- Table structure for `xmai_customview`
-- ----------------------------
DROP TABLE IF EXISTS `xmai_customview`;
CREATE TABLE `xmai_customview` (
  `cvid` int(19) NOT NULL,
  `viewname` varchar(100) NOT NULL,
  `setdefault` int(1) default '0',
  `setmetrics` int(1) default '0',
  `entitytype` varchar(25) NOT NULL,
  `status` int(1) default '1',
  `userid` int(19) default '1',
  PRIMARY KEY  (`cvid`),
  KEY `customview_entitytype_idx` (`entitytype`),
  CONSTRAINT `fk_1_xmai_customview` FOREIGN KEY (`entitytype`) REFERENCES `xmai_tab` (`name`) ON DELETE CASCADE
) ENGINE=InnoDB DEFAULT CHARSET=utf8;

-- ----------------------------
-- Records of xmai_customview
-- ----------------------------
INSERT INTO xmai_customview VALUES ('1', 'All', '1', '0', 'Leads', '0', '1');
INSERT INTO xmai_customview VALUES ('2', 'Hot Leads', '0', '1', 'Leads', '3', '1');
INSERT INTO xmai_customview VALUES ('3', 'This Month Leads', '0', '0', 'Leads', '3', '1');
INSERT INTO xmai_customview VALUES ('4', 'All', '1', '0', 'Accounts', '0', '1');
INSERT INTO xmai_customview VALUES ('5', 'Prospect Accounts', '0', '1', 'Accounts', '3', '1');
INSERT INTO xmai_customview VALUES ('6', 'New This Week', '0', '0', 'Accounts', '3', '1');
INSERT INTO xmai_customview VALUES ('7', 'All', '1', '0', 'Contacts', '0', '1');
INSERT INTO xmai_customview VALUES ('8', 'Contacts Address', '0', '0', 'Contacts', '3', '1');
INSERT INTO xmai_customview VALUES ('9', 'Todays Birthday', '0', '0', 'Contacts', '3', '1');
INSERT INTO xmai_customview VALUES ('10', 'All', '1', '0', 'Potentials', '0', '1');
INSERT INTO xmai_customview VALUES ('11', 'Potentials Won', '0', '1', 'Potentials', '3', '1');
INSERT INTO xmai_customview VALUES ('12', 'Prospecting', '0', '0', 'Potentials', '3', '1');
INSERT INTO xmai_customview VALUES ('13', 'All', '1', '0', 'HelpDesk', '0', '1');
INSERT INTO xmai_customview VALUES ('14', 'Open Tickets', '0', '1', 'HelpDesk', '3', '1');
INSERT INTO xmai_customview VALUES ('15', 'High Prioriy Tickets', '0', '0', 'HelpDesk', '3', '1');
INSERT INTO xmai_customview VALUES ('16', 'All', '1', '0', 'Quotes', '0', '1');
INSERT INTO xmai_customview VALUES ('17', 'Open Quotes', '0', '1', 'Quotes', '3', '1');
INSERT INTO xmai_customview VALUES ('18', 'Rejected Quotes', '0', '0', 'Quotes', '3', '1');
INSERT INTO xmai_customview VALUES ('19', 'All', '1', '0', 'Calendar', '0', '1');
INSERT INTO xmai_customview VALUES ('20', 'All', '1', '0', 'Emails', '0', '1');
INSERT INTO xmai_customview VALUES ('21', 'All', '1', '0', 'Invoice', '0', '1');
INSERT INTO xmai_customview VALUES ('22', 'All', '1', '0', 'Documents', '0', '1');
INSERT INTO xmai_customview VALUES ('23', 'All', '1', '0', 'PriceBooks', '0', '1');
INSERT INTO xmai_customview VALUES ('24', 'All', '1', '0', 'Products', '0', '1');
INSERT INTO xmai_customview VALUES ('25', 'All', '1', '0', 'PurchaseOrder', '0', '1');
INSERT INTO xmai_customview VALUES ('26', 'All', '1', '0', 'SalesOrder', '0', '1');
INSERT INTO xmai_customview VALUES ('27', 'All', '1', '0', 'Vendors', '0', '1');
INSERT INTO xmai_customview VALUES ('28', 'All', '1', '0', 'Faq', '0', '1');
INSERT INTO xmai_customview VALUES ('29', 'All', '1', '0', 'Campaigns', '0', '1');
INSERT INTO xmai_customview VALUES ('30', 'All', '1', '0', 'Webmails', '0', '1');
INSERT INTO xmai_customview VALUES ('31', 'Drafted FAQ', '0', '0', 'Faq', '3', '1');
INSERT INTO xmai_customview VALUES ('32', 'Published FAQ', '0', '0', 'Faq', '3', '1');
INSERT INTO xmai_customview VALUES ('33', 'Open Purchase Orders', '0', '0', 'PurchaseOrder', '3', '1');
INSERT INTO xmai_customview VALUES ('34', 'Received Purchase Orders', '0', '0', 'PurchaseOrder', '3', '1');
INSERT INTO xmai_customview VALUES ('35', 'Open Invoices', '0', '0', 'Invoice', '3', '1');
INSERT INTO xmai_customview VALUES ('36', 'Paid Invoices', '0', '0', 'Invoice', '3', '1');
INSERT INTO xmai_customview VALUES ('37', 'Pending Sales Orders', '0', '0', 'SalesOrder', '3', '1');
INSERT INTO xmai_customview VALUES ('38', 'All', '1', '0', 'PBXManager', '0', '1');
INSERT INTO xmai_customview VALUES ('39', 'Missed', '0', '0', 'PBXManager', '3', '1');
INSERT INTO xmai_customview VALUES ('40', 'Dialed', '0', '0', 'PBXManager', '3', '1');
INSERT INTO xmai_customview VALUES ('41', 'Received', '0', '0', 'PBXManager', '3', '1');
INSERT INTO xmai_customview VALUES ('42', 'All', '1', '0', 'ServiceContracts', '0', '1');
INSERT INTO xmai_customview VALUES ('43', 'All', '1', '0', 'Services', '0', '1');
INSERT INTO xmai_customview VALUES ('44', 'All', '1', '0', 'Assets', '0', '1');
INSERT INTO xmai_customview VALUES ('45', 'All', '0', '0', 'ModComments', '0', '1');
INSERT INTO xmai_customview VALUES ('46', 'All', '1', '0', 'ProjectMilestone', '0', '1');
INSERT INTO xmai_customview VALUES ('47', 'All', '1', '0', 'ProjectTask', '0', '1');
INSERT INTO xmai_customview VALUES ('48', 'All', '1', '0', 'Project', '0', '1');
INSERT INTO xmai_customview VALUES ('49', 'All', '0', '0', 'SMSNotifier', '0', '1');

-- ----------------------------
-- Table structure for `xmai_customview_seq`
-- ----------------------------
DROP TABLE IF EXISTS `xmai_customview_seq`;
CREATE TABLE `xmai_customview_seq` (
  `id` int(11) NOT NULL
) ENGINE=MyISAM DEFAULT CHARSET=utf8;

-- ----------------------------
-- Records of xmai_customview_seq
-- ----------------------------
INSERT INTO xmai_customview_seq VALUES ('49');

-- ----------------------------
-- Table structure for `xmai_cvadvfilter`
-- ----------------------------
DROP TABLE IF EXISTS `xmai_cvadvfilter`;
CREATE TABLE `xmai_cvadvfilter` (
  `cvid` int(19) NOT NULL,
  `columnindex` int(11) NOT NULL,
  `columnname` varchar(250) default '',
  `comparator` varchar(10) default '',
  `value` varchar(200) default '',
  `groupid` int(11) default '1',
  `column_condition` varchar(255) default 'and',
  PRIMARY KEY  (`cvid`,`columnindex`),
  KEY `cvadvfilter_cvid_idx` (`cvid`),
  CONSTRAINT `fk_1_xmai_cvadvfilter` FOREIGN KEY (`cvid`) REFERENCES `xmai_customview` (`cvid`) ON DELETE CASCADE
) ENGINE=InnoDB DEFAULT CHARSET=utf8;

-- ----------------------------
-- Records of xmai_cvadvfilter
-- ----------------------------
INSERT INTO xmai_cvadvfilter VALUES ('2', '0', 'xmai_leaddetails:leadstatus:leadstatus:Leads_Lead_Status:V', 'e', 'Hot', '1', 'and');
INSERT INTO xmai_cvadvfilter VALUES ('5', '0', 'xmai_account:account_type:accounttype:Accounts_Type:V', 'e', 'Prospect', '1', 'and');
INSERT INTO xmai_cvadvfilter VALUES ('11', '0', 'xmai_potential:sales_stage:sales_stage:Potentials_Sales_Stage:V', 'e', 'Closed Won', '1', 'and');
INSERT INTO xmai_cvadvfilter VALUES ('12', '0', 'xmai_potential:sales_stage:sales_stage:Potentials_Sales_Stage:V', 'e', 'Prospecting', '1', 'and');
INSERT INTO xmai_cvadvfilter VALUES ('14', '0', 'xmai_troubletickets:status:ticketstatus:HelpDesk_Status:V', 'n', 'Closed', '1', 'and');
INSERT INTO xmai_cvadvfilter VALUES ('15', '0', 'xmai_troubletickets:priority:ticketpriorities:HelpDesk_Priority:V', 'e', 'High', '1', 'and');
INSERT INTO xmai_cvadvfilter VALUES ('17', '0', 'xmai_quotes:quotestage:quotestage:Quotes_Quote_Stage:V', 'n', 'Accepted', '1', 'and');
INSERT INTO xmai_cvadvfilter VALUES ('17', '1', 'xmai_quotes:quotestage:quotestage:Quotes_Quote_Stage:V', 'n', 'Rejected', '1', 'and');
INSERT INTO xmai_cvadvfilter VALUES ('18', '0', 'xmai_quotes:quotestage:quotestage:Quotes_Quote_Stage:V', 'e', 'Rejected', '1', 'and');
INSERT INTO xmai_cvadvfilter VALUES ('31', '0', 'xmai_faq:status:faqstatus:Faq_Status:V', 'e', 'Draft', '1', 'and');
INSERT INTO xmai_cvadvfilter VALUES ('32', '0', 'xmai_faq:status:faqstatus:Faq_Status:V', 'e', 'Published', '1', 'and');
INSERT INTO xmai_cvadvfilter VALUES ('33', '0', 'xmai_purchaseorder:postatus:postatus:PurchaseOrder_Status:V', 'e', 'Created, Approved, Delivered', '1', 'and');
INSERT INTO xmai_cvadvfilter VALUES ('34', '0', 'xmai_purchaseorder:postatus:postatus:PurchaseOrder_Status:V', 'e', 'Received Shipment', '1', 'and');
INSERT INTO xmai_cvadvfilter VALUES ('35', '0', 'xmai_invoice:invoicestatus:invoicestatus:Invoice_Status:V', 'e', 'Created, Approved, Sent', '1', 'and');
INSERT INTO xmai_cvadvfilter VALUES ('36', '0', 'xmai_invoice:invoicestatus:invoicestatus:Invoice_Status:V', 'e', 'Paid', '1', 'and');
INSERT INTO xmai_cvadvfilter VALUES ('37', '0', 'xmai_salesorder:sostatus:sostatus:SalesOrder_Status:V', 'e', 'Created, Approved', '1', 'and');
INSERT INTO xmai_cvadvfilter VALUES ('39', '0', 'xmai_pbxmanager:status:status:PBXManager_Status:V', 'c', 'Missed', '1', 'and');
INSERT INTO xmai_cvadvfilter VALUES ('40', '0', 'xmai_pbxmanager:status:status:PBXManager_Status:V', 'c', 'outgoing', '1', 'and');
INSERT INTO xmai_cvadvfilter VALUES ('41', '0', 'xmai_pbxmanager:status:status:PBXManager_Status:V', 'c', 'received', '1', 'and');

-- ----------------------------
-- Table structure for `xmai_cvadvfilter_grouping`
-- ----------------------------
DROP TABLE IF EXISTS `xmai_cvadvfilter_grouping`;
CREATE TABLE `xmai_cvadvfilter_grouping` (
  `groupid` int(11) NOT NULL,
  `cvid` int(19) NOT NULL,
  `group_condition` varchar(255) default NULL,
  `condition_expression` text,
  PRIMARY KEY  (`groupid`,`cvid`)
) ENGINE=InnoDB DEFAULT CHARSET=utf8;

-- ----------------------------
-- Records of xmai_cvadvfilter_grouping
-- ----------------------------
INSERT INTO xmai_cvadvfilter_grouping VALUES ('1', '2', '', '');
INSERT INTO xmai_cvadvfilter_grouping VALUES ('1', '5', '', '');
INSERT INTO xmai_cvadvfilter_grouping VALUES ('1', '11', '', '');
INSERT INTO xmai_cvadvfilter_grouping VALUES ('1', '12', '', '');
INSERT INTO xmai_cvadvfilter_grouping VALUES ('1', '14', '', '');
INSERT INTO xmai_cvadvfilter_grouping VALUES ('1', '15', '', '');
INSERT INTO xmai_cvadvfilter_grouping VALUES ('1', '17', '', '');
INSERT INTO xmai_cvadvfilter_grouping VALUES ('1', '18', '', '');
INSERT INTO xmai_cvadvfilter_grouping VALUES ('1', '31', '', '');
INSERT INTO xmai_cvadvfilter_grouping VALUES ('1', '32', '', '');
INSERT INTO xmai_cvadvfilter_grouping VALUES ('1', '33', '', '');
INSERT INTO xmai_cvadvfilter_grouping VALUES ('1', '34', '', '');
INSERT INTO xmai_cvadvfilter_grouping VALUES ('1', '35', '', '');
INSERT INTO xmai_cvadvfilter_grouping VALUES ('1', '36', '', '');
INSERT INTO xmai_cvadvfilter_grouping VALUES ('1', '37', '', '');

-- ----------------------------
-- Table structure for `xmai_cvcolumnlist`
-- ----------------------------
DROP TABLE IF EXISTS `xmai_cvcolumnlist`;
CREATE TABLE `xmai_cvcolumnlist` (
  `cvid` int(19) NOT NULL,
  `columnindex` int(11) NOT NULL,
  `columnname` varchar(250) default '',
  PRIMARY KEY  (`cvid`,`columnindex`),
  KEY `cvcolumnlist_columnindex_idx` (`columnindex`),
  KEY `cvcolumnlist_cvid_idx` (`cvid`),
  CONSTRAINT `fk_1_xmai_cvcolumnlist` FOREIGN KEY (`cvid`) REFERENCES `xmai_customview` (`cvid`) ON DELETE CASCADE
) ENGINE=InnoDB DEFAULT CHARSET=utf8;

-- ----------------------------
-- Records of xmai_cvcolumnlist
-- ----------------------------
INSERT INTO xmai_cvcolumnlist VALUES ('1', '0', 'xmai_leaddetails:lead_no:lead_no:Leads_Lead_No:V');
INSERT INTO xmai_cvcolumnlist VALUES ('1', '1', 'xmai_leaddetails:lastname:lastname:Leads_Last_Name:V');
INSERT INTO xmai_cvcolumnlist VALUES ('1', '2', 'xmai_leaddetails:firstname:firstname:Leads_First_Name:V');
INSERT INTO xmai_cvcolumnlist VALUES ('1', '3', 'xmai_leaddetails:company:company:Leads_Company:V');
INSERT INTO xmai_cvcolumnlist VALUES ('1', '4', 'xmai_leadaddress:phone:phone:Leads_Phone:V');
INSERT INTO xmai_cvcolumnlist VALUES ('1', '5', 'xmai_leadsubdetails:website:website:Leads_Website:V');
INSERT INTO xmai_cvcolumnlist VALUES ('1', '6', 'xmai_leaddetails:email:email:Leads_Email:E');
INSERT INTO xmai_cvcolumnlist VALUES ('1', '7', 'xmai_crmentity:smownerid:assigned_user_id:Leads_Assigned_To:V');
INSERT INTO xmai_cvcolumnlist VALUES ('2', '0', 'xmai_leaddetails:firstname:firstname:Leads_First_Name:V');
INSERT INTO xmai_cvcolumnlist VALUES ('2', '1', 'xmai_leaddetails:lastname:lastname:Leads_Last_Name:V');
INSERT INTO xmai_cvcolumnlist VALUES ('2', '2', 'xmai_leaddetails:company:company:Leads_Company:V');
INSERT INTO xmai_cvcolumnlist VALUES ('2', '3', 'xmai_leaddetails:leadsource:leadsource:Leads_Lead_Source:V');
INSERT INTO xmai_cvcolumnlist VALUES ('2', '4', 'xmai_leadsubdetails:website:website:Leads_Website:V');
INSERT INTO xmai_cvcolumnlist VALUES ('2', '5', 'xmai_leaddetails:email:email:Leads_Email:E');
INSERT INTO xmai_cvcolumnlist VALUES ('3', '0', 'xmai_leaddetails:firstname:firstname:Leads_First_Name:V');
INSERT INTO xmai_cvcolumnlist VALUES ('3', '1', 'xmai_leaddetails:lastname:lastname:Leads_Last_Name:V');
INSERT INTO xmai_cvcolumnlist VALUES ('3', '2', 'xmai_leaddetails:company:company:Leads_Company:V');
INSERT INTO xmai_cvcolumnlist VALUES ('3', '3', 'xmai_leaddetails:leadsource:leadsource:Leads_Lead_Source:V');
INSERT INTO xmai_cvcolumnlist VALUES ('3', '4', 'xmai_leadsubdetails:website:website:Leads_Website:V');
INSERT INTO xmai_cvcolumnlist VALUES ('3', '5', 'xmai_leaddetails:email:email:Leads_Email:E');
INSERT INTO xmai_cvcolumnlist VALUES ('4', '0', 'xmai_account:account_no:account_no:Accounts_Account_No:V');
INSERT INTO xmai_cvcolumnlist VALUES ('4', '1', 'xmai_account:accountname:accountname:Accounts_Account_Name:V');
INSERT INTO xmai_cvcolumnlist VALUES ('4', '2', 'xmai_accountbillads:bill_city:bill_city:Accounts_City:V');
INSERT INTO xmai_cvcolumnlist VALUES ('4', '3', 'xmai_account:website:website:Accounts_Website:V');
INSERT INTO xmai_cvcolumnlist VALUES ('4', '4', 'xmai_account:phone:phone:Accounts_Phone:V');
INSERT INTO xmai_cvcolumnlist VALUES ('4', '5', 'xmai_crmentity:smownerid:assigned_user_id:Accounts_Assigned_To:V');
INSERT INTO xmai_cvcolumnlist VALUES ('5', '0', 'xmai_account:accountname:accountname:Accounts_Account_Name:V');
INSERT INTO xmai_cvcolumnlist VALUES ('5', '1', 'xmai_account:phone:phone:Accounts_Phone:V');
INSERT INTO xmai_cvcolumnlist VALUES ('5', '2', 'xmai_account:website:website:Accounts_Website:V');
INSERT INTO xmai_cvcolumnlist VALUES ('5', '3', 'xmai_account:rating:rating:Accounts_Rating:V');
INSERT INTO xmai_cvcolumnlist VALUES ('5', '4', 'xmai_crmentity:smownerid:assigned_user_id:Accounts_Assigned_To:V');
INSERT INTO xmai_cvcolumnlist VALUES ('6', '0', 'xmai_account:accountname:accountname:Accounts_Account_Name:V');
INSERT INTO xmai_cvcolumnlist VALUES ('6', '1', 'xmai_account:phone:phone:Accounts_Phone:V');
INSERT INTO xmai_cvcolumnlist VALUES ('6', '2', 'xmai_account:website:website:Accounts_Website:V');
INSERT INTO xmai_cvcolumnlist VALUES ('6', '3', 'xmai_accountbillads:bill_city:bill_city:Accounts_City:V');
INSERT INTO xmai_cvcolumnlist VALUES ('6', '4', 'xmai_crmentity:smownerid:assigned_user_id:Accounts_Assigned_To:V');
INSERT INTO xmai_cvcolumnlist VALUES ('7', '0', 'xmai_contactdetails:contact_no:contact_no:Contacts_Contact_Id:V');
INSERT INTO xmai_cvcolumnlist VALUES ('7', '1', 'xmai_contactdetails:firstname:firstname:Contacts_First_Name:V');
INSERT INTO xmai_cvcolumnlist VALUES ('7', '2', 'xmai_contactdetails:lastname:lastname:Contacts_Last_Name:V');
INSERT INTO xmai_cvcolumnlist VALUES ('7', '3', 'xmai_contactdetails:title:title:Contacts_Title:V');
INSERT INTO xmai_cvcolumnlist VALUES ('7', '4', 'xmai_contactdetails:accountid:account_id:Contacts_Account_Name:I');
INSERT INTO xmai_cvcolumnlist VALUES ('7', '5', 'xmai_contactdetails:email:email:Contacts_Email:E');
INSERT INTO xmai_cvcolumnlist VALUES ('7', '6', 'xmai_contactdetails:phone:phone:Contacts_Office_Phone:V');
INSERT INTO xmai_cvcolumnlist VALUES ('7', '7', 'xmai_crmentity:smownerid:assigned_user_id:Contacts_Assigned_To:V');
INSERT INTO xmai_cvcolumnlist VALUES ('8', '0', 'xmai_contactdetails:firstname:firstname:Contacts_First_Name:V');
INSERT INTO xmai_cvcolumnlist VALUES ('8', '1', 'xmai_contactdetails:lastname:lastname:Contacts_Last_Name:V');
INSERT INTO xmai_cvcolumnlist VALUES ('8', '2', 'xmai_contactaddress:mailingstreet:mailingstreet:Contacts_Mailing_Street:V');
INSERT INTO xmai_cvcolumnlist VALUES ('8', '3', 'xmai_contactaddress:mailingcity:mailingcity:Contacts_Mailing_City:V');
INSERT INTO xmai_cvcolumnlist VALUES ('8', '4', 'xmai_contactaddress:mailingstate:mailingstate:Contacts_Mailing_State:V');
INSERT INTO xmai_cvcolumnlist VALUES ('8', '5', 'xmai_contactaddress:mailingzip:mailingzip:Contacts_Mailing_Zip:V');
INSERT INTO xmai_cvcolumnlist VALUES ('8', '6', 'xmai_contactaddress:mailingcountry:mailingcountry:Contacts_Mailing_Country:V');
INSERT INTO xmai_cvcolumnlist VALUES ('9', '0', 'xmai_contactdetails:firstname:firstname:Contacts_First_Name:V');
INSERT INTO xmai_cvcolumnlist VALUES ('9', '1', 'xmai_contactdetails:lastname:lastname:Contacts_Last_Name:V');
INSERT INTO xmai_cvcolumnlist VALUES ('9', '2', 'xmai_contactdetails:title:title:Contacts_Title:V');
INSERT INTO xmai_cvcolumnlist VALUES ('9', '3', 'xmai_contactdetails:accountid:account_id:Contacts_Account_Name:I');
INSERT INTO xmai_cvcolumnlist VALUES ('9', '4', 'xmai_contactdetails:email:email:Contacts_Email:E');
INSERT INTO xmai_cvcolumnlist VALUES ('9', '5', 'xmai_contactsubdetails:otherphone:otherphone:Contacts_Phone:V');
INSERT INTO xmai_cvcolumnlist VALUES ('9', '6', 'xmai_crmentity:smownerid:assigned_user_id:Contacts_Assigned_To:V');
INSERT INTO xmai_cvcolumnlist VALUES ('10', '0', 'xmai_potential:potential_no:potential_no:Potentials_Potential_No:V');
INSERT INTO xmai_cvcolumnlist VALUES ('10', '1', 'xmai_potential:potentialname:potentialname:Potentials_Potential_Name:V');
INSERT INTO xmai_cvcolumnlist VALUES ('10', '2', 'xmai_potential:related_to:related_to:Potentials_Related_To:V');
INSERT INTO xmai_cvcolumnlist VALUES ('10', '3', 'xmai_potential:sales_stage:sales_stage:Potentials_Sales_Stage:V');
INSERT INTO xmai_cvcolumnlist VALUES ('10', '4', 'xmai_potential:leadsource:leadsource:Potentials_Lead_Source:V');
INSERT INTO xmai_cvcolumnlist VALUES ('10', '5', 'xmai_potential:closingdate:closingdate:Potentials_Expected_Close_Date:D');
INSERT INTO xmai_cvcolumnlist VALUES ('10', '6', 'xmai_crmentity:smownerid:assigned_user_id:Potentials_Assigned_To:V');
INSERT INTO xmai_cvcolumnlist VALUES ('11', '0', 'xmai_potential:potentialname:potentialname:Potentials_Potential_Name:V');
INSERT INTO xmai_cvcolumnlist VALUES ('11', '1', 'xmai_potential:related_to:related_to:Potentials_Related_To:V');
INSERT INTO xmai_cvcolumnlist VALUES ('11', '2', 'xmai_potential:amount:amount:Potentials_Amount:N');
INSERT INTO xmai_cvcolumnlist VALUES ('11', '3', 'xmai_potential:closingdate:closingdate:Potentials_Expected_Close_Date:D');
INSERT INTO xmai_cvcolumnlist VALUES ('11', '4', 'xmai_crmentity:smownerid:assigned_user_id:Potentials_Assigned_To:V');
INSERT INTO xmai_cvcolumnlist VALUES ('12', '0', 'xmai_potential:potentialname:potentialname:Potentials_Potential_Name:V');
INSERT INTO xmai_cvcolumnlist VALUES ('12', '1', 'xmai_potential:related_to:related_to:Potentials_Related_To:V');
INSERT INTO xmai_cvcolumnlist VALUES ('12', '2', 'xmai_potential:amount:amount:Potentials_Amount:N');
INSERT INTO xmai_cvcolumnlist VALUES ('12', '3', 'xmai_potential:leadsource:leadsource:Potentials_Lead_Source:V');
INSERT INTO xmai_cvcolumnlist VALUES ('12', '4', 'xmai_potential:closingdate:closingdate:Potentials_Expected_Close_Date:D');
INSERT INTO xmai_cvcolumnlist VALUES ('12', '5', 'xmai_crmentity:smownerid:assigned_user_id:Potentials_Assigned_To:V');
INSERT INTO xmai_cvcolumnlist VALUES ('13', '0', 'xmai_troubletickets:ticket_no:ticket_no:HelpDesk_Ticket_No:V');
INSERT INTO xmai_cvcolumnlist VALUES ('13', '1', 'xmai_troubletickets:title:ticket_title:HelpDesk_Title:V');
INSERT INTO xmai_cvcolumnlist VALUES ('13', '2', 'xmai_troubletickets:parent_id:parent_id:HelpDesk_Related_To:I');
INSERT INTO xmai_cvcolumnlist VALUES ('13', '3', 'xmai_troubletickets:status:ticketstatus:HelpDesk_Status:V');
INSERT INTO xmai_cvcolumnlist VALUES ('13', '4', 'xmai_troubletickets:priority:ticketpriorities:HelpDesk_Priority:V');
INSERT INTO xmai_cvcolumnlist VALUES ('13', '5', 'xmai_crmentity:smownerid:assigned_user_id:HelpDesk_Assigned_To:V');
INSERT INTO xmai_cvcolumnlist VALUES ('14', '0', 'xmai_troubletickets:title:ticket_title:HelpDesk_Title:V');
INSERT INTO xmai_cvcolumnlist VALUES ('14', '1', 'xmai_troubletickets:parent_id:parent_id:HelpDesk_Related_To:I');
INSERT INTO xmai_cvcolumnlist VALUES ('14', '2', 'xmai_troubletickets:priority:ticketpriorities:HelpDesk_Priority:V');
INSERT INTO xmai_cvcolumnlist VALUES ('14', '3', 'xmai_troubletickets:product_id:product_id:HelpDesk_Product_Name:I');
INSERT INTO xmai_cvcolumnlist VALUES ('14', '4', 'xmai_crmentity:smownerid:assigned_user_id:HelpDesk_Assigned_To:V');
INSERT INTO xmai_cvcolumnlist VALUES ('15', '0', 'xmai_troubletickets:title:ticket_title:HelpDesk_Title:V');
INSERT INTO xmai_cvcolumnlist VALUES ('15', '1', 'xmai_troubletickets:parent_id:parent_id:HelpDesk_Related_To:I');
INSERT INTO xmai_cvcolumnlist VALUES ('15', '2', 'xmai_troubletickets:status:ticketstatus:HelpDesk_Status:V');
INSERT INTO xmai_cvcolumnlist VALUES ('15', '3', 'xmai_troubletickets:product_id:product_id:HelpDesk_Product_Name:I');
INSERT INTO xmai_cvcolumnlist VALUES ('15', '4', 'xmai_crmentity:smownerid:assigned_user_id:HelpDesk_Assigned_To:V');
INSERT INTO xmai_cvcolumnlist VALUES ('16', '0', 'xmai_quotes:quote_no:quote_no:Quotes_Quote_No:V');
INSERT INTO xmai_cvcolumnlist VALUES ('16', '1', 'xmai_quotes:subject:subject:Quotes_Subject:V');
INSERT INTO xmai_cvcolumnlist VALUES ('16', '2', 'xmai_quotes:quotestage:quotestage:Quotes_Quote_Stage:V');
INSERT INTO xmai_cvcolumnlist VALUES ('16', '3', 'xmai_quotes:potentialid:potential_id:Quotes_Potential_Name:I');
INSERT INTO xmai_cvcolumnlist VALUES ('16', '4', 'xmai_quotes:accountid:account_id:Quotes_Account_Name:I');
INSERT INTO xmai_cvcolumnlist VALUES ('16', '5', 'xmai_quotes:total:hdnGrandTotal:Quotes_Total:I');
INSERT INTO xmai_cvcolumnlist VALUES ('16', '6', 'xmai_crmentity:smownerid:assigned_user_id:Quotes_Assigned_To:V');
INSERT INTO xmai_cvcolumnlist VALUES ('17', '0', 'xmai_quotes:subject:subject:Quotes_Subject:V');
INSERT INTO xmai_cvcolumnlist VALUES ('17', '1', 'xmai_quotes:quotestage:quotestage:Quotes_Quote_Stage:V');
INSERT INTO xmai_cvcolumnlist VALUES ('17', '2', 'xmai_quotes:potentialid:potential_id:Quotes_Potential_Name:I');
INSERT INTO xmai_cvcolumnlist VALUES ('17', '3', 'xmai_quotes:accountid:account_id:Quotes_Account_Name:I');
INSERT INTO xmai_cvcolumnlist VALUES ('17', '4', 'xmai_quotes:validtill:validtill:Quotes_Valid_Till:D');
INSERT INTO xmai_cvcolumnlist VALUES ('17', '5', 'xmai_crmentity:smownerid:assigned_user_id:Quotes_Assigned_To:V');
INSERT INTO xmai_cvcolumnlist VALUES ('18', '0', 'xmai_quotes:subject:subject:Quotes_Subject:V');
INSERT INTO xmai_cvcolumnlist VALUES ('18', '1', 'xmai_quotes:potentialid:potential_id:Quotes_Potential_Name:I');
INSERT INTO xmai_cvcolumnlist VALUES ('18', '2', 'xmai_quotes:accountid:account_id:Quotes_Account_Name:I');
INSERT INTO xmai_cvcolumnlist VALUES ('18', '3', 'xmai_quotes:validtill:validtill:Quotes_Valid_Till:D');
INSERT INTO xmai_cvcolumnlist VALUES ('18', '4', 'xmai_crmentity:smownerid:assigned_user_id:Quotes_Assigned_To:V');
INSERT INTO xmai_cvcolumnlist VALUES ('19', '0', 'xmai_activity:status:taskstatus:Calendar_Status:V');
INSERT INTO xmai_cvcolumnlist VALUES ('19', '1', 'xmai_activity:activitytype:activitytype:Calendar_Type:V');
INSERT INTO xmai_cvcolumnlist VALUES ('19', '2', 'xmai_activity:subject:subject:Calendar_Subject:V');
INSERT INTO xmai_cvcolumnlist VALUES ('19', '3', 'xmai_seactivityrel:crmid:parent_id:Calendar_Related_to:V');
INSERT INTO xmai_cvcolumnlist VALUES ('19', '4', 'xmai_activity:date_start:date_start:Calendar_Start_Date:D');
INSERT INTO xmai_cvcolumnlist VALUES ('19', '5', 'xmai_activity:due_date:due_date:Calendar_End_Date:D');
INSERT INTO xmai_cvcolumnlist VALUES ('19', '6', 'xmai_crmentity:smownerid:assigned_user_id:Calendar_Assigned_To:V');
INSERT INTO xmai_cvcolumnlist VALUES ('20', '0', 'xmai_activity:subject:subject:Emails_Subject:V');
INSERT INTO xmai_cvcolumnlist VALUES ('20', '1', 'xmai_emaildetails:to_email:saved_toid:Emails_To:V');
INSERT INTO xmai_cvcolumnlist VALUES ('20', '2', 'xmai_activity:date_start:date_start:Emails_Date_Sent:D');
INSERT INTO xmai_cvcolumnlist VALUES ('21', '0', 'xmai_invoice:invoice_no:invoice_no:Invoice_Invoice_No:V');
INSERT INTO xmai_cvcolumnlist VALUES ('21', '1', 'xmai_invoice:subject:subject:Invoice_Subject:V');
INSERT INTO xmai_cvcolumnlist VALUES ('21', '2', 'xmai_invoice:salesorderid:salesorder_id:Invoice_Sales_Order:I');
INSERT INTO xmai_cvcolumnlist VALUES ('21', '3', 'xmai_invoice:invoicestatus:invoicestatus:Invoice_Status:V');
INSERT INTO xmai_cvcolumnlist VALUES ('21', '4', 'xmai_invoice:total:hdnGrandTotal:Invoice_Total:I');
INSERT INTO xmai_cvcolumnlist VALUES ('21', '5', 'xmai_crmentity:smownerid:assigned_user_id:Invoice_Assigned_To:V');
INSERT INTO xmai_cvcolumnlist VALUES ('22', '0', 'xmai_notes:note_no:note_no:Notes_Note_No:V');
INSERT INTO xmai_cvcolumnlist VALUES ('22', '1', 'xmai_notes:title:notes_title:Notes_Title:V');
INSERT INTO xmai_cvcolumnlist VALUES ('22', '2', 'xmai_notes:filename:filename:Notes_File:V');
INSERT INTO xmai_cvcolumnlist VALUES ('22', '3', 'xmai_crmentity:modifiedtime:modifiedtime:Notes_Modified_Time:DT');
INSERT INTO xmai_cvcolumnlist VALUES ('22', '4', 'xmai_crmentity:smownerid:assigned_user_id:Notes_Assigned_To:V');
INSERT INTO xmai_cvcolumnlist VALUES ('23', '0', 'xmai_pricebook:pricebook_no:pricebook_no:PriceBooks_PriceBook_No:V');
INSERT INTO xmai_cvcolumnlist VALUES ('23', '1', 'xmai_pricebook:bookname:bookname:PriceBooks_Price_Book_Name:V');
INSERT INTO xmai_cvcolumnlist VALUES ('23', '2', 'xmai_pricebook:active:active:PriceBooks_Active:V');
INSERT INTO xmai_cvcolumnlist VALUES ('23', '3', 'xmai_pricebook:currency_id:currency_id:PriceBooks_Currency:I');
INSERT INTO xmai_cvcolumnlist VALUES ('24', '0', 'xmai_products:product_no:product_no:Products_Product_No:V');
INSERT INTO xmai_cvcolumnlist VALUES ('24', '1', 'xmai_products:productname:productname:Products_Product_Name:V');
INSERT INTO xmai_cvcolumnlist VALUES ('24', '2', 'xmai_products:productcode:productcode:Products_Part_Number:V');
INSERT INTO xmai_cvcolumnlist VALUES ('24', '3', 'xmai_products:commissionrate:commissionrate:Products_Commission_Rate:V');
INSERT INTO xmai_cvcolumnlist VALUES ('24', '4', 'xmai_products:qtyinstock:qtyinstock:Products_Quantity_In_Stock:V');
INSERT INTO xmai_cvcolumnlist VALUES ('24', '5', 'xmai_products:qty_per_unit:qty_per_unit:Products_Qty/Unit:V');
INSERT INTO xmai_cvcolumnlist VALUES ('24', '6', 'xmai_products:unit_price:unit_price:Products_Unit_Price:V');
INSERT INTO xmai_cvcolumnlist VALUES ('25', '0', 'xmai_purchaseorder:purchaseorder_no:purchaseorder_no:PurchaseOrder_PurchaseOrder_No:V');
INSERT INTO xmai_cvcolumnlist VALUES ('25', '1', 'xmai_purchaseorder:subject:subject:PurchaseOrder_Subject:V');
INSERT INTO xmai_cvcolumnlist VALUES ('25', '2', 'xmai_purchaseorder:vendorid:vendor_id:PurchaseOrder_Vendor_Name:I');
INSERT INTO xmai_cvcolumnlist VALUES ('25', '3', 'xmai_purchaseorder:tracking_no:tracking_no:PurchaseOrder_Tracking_Number:V');
INSERT INTO xmai_cvcolumnlist VALUES ('25', '4', 'xmai_purchaseorder:total:hdnGrandTotal:PurchaseOrder_Total:V');
INSERT INTO xmai_cvcolumnlist VALUES ('25', '5', 'xmai_crmentity:smownerid:assigned_user_id:PurchaseOrder_Assigned_To:V');
INSERT INTO xmai_cvcolumnlist VALUES ('26', '0', 'xmai_salesorder:salesorder_no:salesorder_no:SalesOrder_SalesOrder_No:V');
INSERT INTO xmai_cvcolumnlist VALUES ('26', '1', 'xmai_salesorder:subject:subject:SalesOrder_Subject:V');
INSERT INTO xmai_cvcolumnlist VALUES ('26', '2', 'xmai_salesorder:accountid:account_id:SalesOrder_Account_Name:I');
INSERT INTO xmai_cvcolumnlist VALUES ('26', '3', 'xmai_salesorder:quoteid:quote_id:SalesOrder_Quote_Name:I');
INSERT INTO xmai_cvcolumnlist VALUES ('26', '4', 'xmai_salesorder:total:hdnGrandTotal:SalesOrder_Total:V');
INSERT INTO xmai_cvcolumnlist VALUES ('26', '5', 'xmai_crmentity:smownerid:assigned_user_id:SalesOrder_Assigned_To:V');
INSERT INTO xmai_cvcolumnlist VALUES ('27', '0', 'xmai_vendor:vendor_no:vendor_no:Vendors_Vendor_No:V');
INSERT INTO xmai_cvcolumnlist VALUES ('27', '1', 'xmai_vendor:vendorname:vendorname:Vendors_Vendor_Name:V');
INSERT INTO xmai_cvcolumnlist VALUES ('27', '2', 'xmai_vendor:phone:phone:Vendors_Phone:V');
INSERT INTO xmai_cvcolumnlist VALUES ('27', '3', 'xmai_vendor:email:email:Vendors_Email:E');
INSERT INTO xmai_cvcolumnlist VALUES ('27', '4', 'xmai_vendor:category:category:Vendors_Category:V');
INSERT INTO xmai_cvcolumnlist VALUES ('28', '0', 'xmai_faq:faq_no:faq_no:Faq_Faq_No:V');
INSERT INTO xmai_cvcolumnlist VALUES ('28', '1', 'xmai_faq:question:question:Faq_Question:V');
INSERT INTO xmai_cvcolumnlist VALUES ('28', '2', 'xmai_faq:category:faqcategories:Faq_Category:V');
INSERT INTO xmai_cvcolumnlist VALUES ('28', '3', 'xmai_faq:product_id:product_id:Faq_Product_Name:I');
INSERT INTO xmai_cvcolumnlist VALUES ('28', '4', 'xmai_crmentity:createdtime:createdtime:Faq_Created_Time:DT');
INSERT INTO xmai_cvcolumnlist VALUES ('28', '5', 'xmai_crmentity:modifiedtime:modifiedtime:Faq_Modified_Time:DT');
INSERT INTO xmai_cvcolumnlist VALUES ('29', '0', 'xmai_campaign:campaign_no:campaign_no:Campaigns_Campaign_No:V');
INSERT INTO xmai_cvcolumnlist VALUES ('29', '1', 'xmai_campaign:campaignname:campaignname:Campaigns_Campaign_Name:V');
INSERT INTO xmai_cvcolumnlist VALUES ('29', '2', 'xmai_campaign:campaigntype:campaigntype:Campaigns_Campaign_Type:N');
INSERT INTO xmai_cvcolumnlist VALUES ('29', '3', 'xmai_campaign:campaignstatus:campaignstatus:Campaigns_Campaign_Status:N');
INSERT INTO xmai_cvcolumnlist VALUES ('29', '4', 'xmai_campaign:expectedrevenue:expectedrevenue:Campaigns_Expected_Revenue:V');
INSERT INTO xmai_cvcolumnlist VALUES ('29', '5', 'xmai_campaign:closingdate:closingdate:Campaigns_Expected_Close_Date:D');
INSERT INTO xmai_cvcolumnlist VALUES ('29', '6', 'xmai_crmentity:smownerid:assigned_user_id:Campaigns_Assigned_To:V');
INSERT INTO xmai_cvcolumnlist VALUES ('30', '0', 'subject:subject:subject:Subject:V');
INSERT INTO xmai_cvcolumnlist VALUES ('30', '1', 'from:fromname:fromname:From:N');
INSERT INTO xmai_cvcolumnlist VALUES ('30', '2', 'to:tpname:toname:To:N');
INSERT INTO xmai_cvcolumnlist VALUES ('30', '3', 'body:body:body:Body:V');
INSERT INTO xmai_cvcolumnlist VALUES ('31', '0', 'xmai_faq:question:question:Faq_Question:V');
INSERT INTO xmai_cvcolumnlist VALUES ('31', '1', 'xmai_faq:status:faqstatus:Faq_Status:V');
INSERT INTO xmai_cvcolumnlist VALUES ('31', '2', 'xmai_faq:product_id:product_id:Faq_Product_Name:I');
INSERT INTO xmai_cvcolumnlist VALUES ('31', '3', 'xmai_faq:category:faqcategories:Faq_Category:V');
INSERT INTO xmai_cvcolumnlist VALUES ('31', '4', 'xmai_crmentity:createdtime:createdtime:Faq_Created_Time:DT');
INSERT INTO xmai_cvcolumnlist VALUES ('32', '0', 'xmai_faq:question:question:Faq_Question:V');
INSERT INTO xmai_cvcolumnlist VALUES ('32', '1', 'xmai_faq:answer:faq_answer:Faq_Answer:V');
INSERT INTO xmai_cvcolumnlist VALUES ('32', '2', 'xmai_faq:status:faqstatus:Faq_Status:V');
INSERT INTO xmai_cvcolumnlist VALUES ('32', '3', 'xmai_faq:product_id:product_id:Faq_Product_Name:I');
INSERT INTO xmai_cvcolumnlist VALUES ('32', '4', 'xmai_faq:category:faqcategories:Faq_Category:V');
INSERT INTO xmai_cvcolumnlist VALUES ('32', '5', 'xmai_crmentity:createdtime:createdtime:Faq_Created_Time:DT');
INSERT INTO xmai_cvcolumnlist VALUES ('33', '0', 'xmai_purchaseorder:subject:subject:PurchaseOrder_Subject:V');
INSERT INTO xmai_cvcolumnlist VALUES ('33', '1', 'xmai_purchaseorder:postatus:postatus:PurchaseOrder_Status:V');
INSERT INTO xmai_cvcolumnlist VALUES ('33', '2', 'xmai_purchaseorder:vendorid:vendor_id:PurchaseOrder_Vendor_Name:I');
INSERT INTO xmai_cvcolumnlist VALUES ('33', '3', 'xmai_crmentity:smownerid:assigned_user_id:PurchaseOrder_Assigned_To:V');
INSERT INTO xmai_cvcolumnlist VALUES ('33', '4', 'xmai_purchaseorder:duedate:duedate:PurchaseOrder_Due_Date:V');
INSERT INTO xmai_cvcolumnlist VALUES ('34', '0', 'xmai_purchaseorder:subject:subject:PurchaseOrder_Subject:V');
INSERT INTO xmai_cvcolumnlist VALUES ('34', '1', 'xmai_purchaseorder:vendorid:vendor_id:PurchaseOrder_Vendor_Name:I');
INSERT INTO xmai_cvcolumnlist VALUES ('34', '2', 'xmai_crmentity:smownerid:assigned_user_id:PurchaseOrder_Assigned_To:V');
INSERT INTO xmai_cvcolumnlist VALUES ('34', '3', 'xmai_purchaseorder:postatus:postatus:PurchaseOrder_Status:V');
INSERT INTO xmai_cvcolumnlist VALUES ('34', '4', 'xmai_purchaseorder:carrier:carrier:PurchaseOrder_Carrier:V');
INSERT INTO xmai_cvcolumnlist VALUES ('34', '5', 'xmai_poshipads:ship_street:ship_street:PurchaseOrder_Shipping_Address:V');
INSERT INTO xmai_cvcolumnlist VALUES ('35', '0', 'xmai_invoice:invoice_no:invoice_no:Invoice_Invoice_No:V');
INSERT INTO xmai_cvcolumnlist VALUES ('35', '1', 'xmai_invoice:subject:subject:Invoice_Subject:V');
INSERT INTO xmai_cvcolumnlist VALUES ('35', '2', 'xmai_invoice:accountid:account_id:Invoice_Account_Name:I');
INSERT INTO xmai_cvcolumnlist VALUES ('35', '3', 'xmai_invoice:salesorderid:salesorder_id:Invoice_Sales_Order:I');
INSERT INTO xmai_cvcolumnlist VALUES ('35', '4', 'xmai_invoice:invoicestatus:invoicestatus:Invoice_Status:V');
INSERT INTO xmai_cvcolumnlist VALUES ('35', '5', 'xmai_crmentity:smownerid:assigned_user_id:Invoice_Assigned_To:V');
INSERT INTO xmai_cvcolumnlist VALUES ('35', '6', 'xmai_crmentity:createdtime:createdtime:Invoice_Created_Time:DT');
INSERT INTO xmai_cvcolumnlist VALUES ('36', '0', 'xmai_invoice:invoice_no:invoice_no:Invoice_Invoice_No:V');
INSERT INTO xmai_cvcolumnlist VALUES ('36', '1', 'xmai_invoice:subject:subject:Invoice_Subject:V');
INSERT INTO xmai_cvcolumnlist VALUES ('36', '2', 'xmai_invoice:accountid:account_id:Invoice_Account_Name:I');
INSERT INTO xmai_cvcolumnlist VALUES ('36', '3', 'xmai_invoice:salesorderid:salesorder_id:Invoice_Sales_Order:I');
INSERT INTO xmai_cvcolumnlist VALUES ('36', '4', 'xmai_invoice:invoicestatus:invoicestatus:Invoice_Status:V');
INSERT INTO xmai_cvcolumnlist VALUES ('36', '5', 'xmai_invoiceshipads:ship_street:ship_street:Invoice_Shipping_Address:V');
INSERT INTO xmai_cvcolumnlist VALUES ('36', '6', 'xmai_crmentity:smownerid:assigned_user_id:Invoice_Assigned_To:V');
INSERT INTO xmai_cvcolumnlist VALUES ('37', '0', 'xmai_salesorder:subject:subject:SalesOrder_Subject:V');
INSERT INTO xmai_cvcolumnlist VALUES ('37', '1', 'xmai_salesorder:accountid:account_id:SalesOrder_Account_Name:I');
INSERT INTO xmai_cvcolumnlist VALUES ('37', '2', 'xmai_salesorder:sostatus:sostatus:SalesOrder_Status:V');
INSERT INTO xmai_cvcolumnlist VALUES ('37', '3', 'xmai_crmentity:smownerid:assigned_user_id:SalesOrder_Assigned_To:V');
INSERT INTO xmai_cvcolumnlist VALUES ('37', '4', 'xmai_soshipads:ship_street:ship_street:SalesOrder_Shipping_Address:V');
INSERT INTO xmai_cvcolumnlist VALUES ('37', '5', 'xmai_salesorder:carrier:carrier:SalesOrder_Carrier:V');
INSERT INTO xmai_cvcolumnlist VALUES ('38', '0', 'xmai_pbxmanager:callfrom:callfrom:PBXManager_Call_From:V');
INSERT INTO xmai_cvcolumnlist VALUES ('38', '1', 'xmai_pbxmanager:callto:callto:PBXManager_Call_To:V');
INSERT INTO xmai_cvcolumnlist VALUES ('38', '2', 'xmai_pbxmanager:timeofcall:timeofcall:PBXManager_Time_Of_Call:V');
INSERT INTO xmai_cvcolumnlist VALUES ('38', '3', 'xmai_pbxmanager:status:status:PBXManager_Status:V');
INSERT INTO xmai_cvcolumnlist VALUES ('39', '0', 'xmai_pbxmanager:callfrom:callfrom:PBXManager_Call_From:V');
INSERT INTO xmai_cvcolumnlist VALUES ('39', '1', 'xmai_pbxmanager:callto:callto:PBXManager_Call_To:V');
INSERT INTO xmai_cvcolumnlist VALUES ('39', '2', 'xmai_pbxmanager:timeofcall:timeofcall:PBXManager_Time_Of_Call:V');
INSERT INTO xmai_cvcolumnlist VALUES ('39', '3', 'xmai_pbxmanager:status:status:PBXManager_Status:V');
INSERT INTO xmai_cvcolumnlist VALUES ('40', '0', 'xmai_pbxmanager:callfrom:callfrom:PBXManager_Call_From:V');
INSERT INTO xmai_cvcolumnlist VALUES ('40', '1', 'xmai_pbxmanager:callto:callto:PBXManager_Call_To:V');
INSERT INTO xmai_cvcolumnlist VALUES ('40', '2', 'xmai_pbxmanager:timeofcall:timeofcall:PBXManager_Time_Of_Call:V');
INSERT INTO xmai_cvcolumnlist VALUES ('40', '3', 'xmai_pbxmanager:status:status:PBXManager_Status:V');
INSERT INTO xmai_cvcolumnlist VALUES ('41', '0', 'xmai_pbxmanager:callfrom:callfrom:PBXManager_Call_From:V');
INSERT INTO xmai_cvcolumnlist VALUES ('41', '1', 'xmai_pbxmanager:callto:callto:PBXManager_Call_To:V');
INSERT INTO xmai_cvcolumnlist VALUES ('41', '2', 'xmai_pbxmanager:timeofcall:timeofcall:PBXManager_Time_Of_Call:V');
INSERT INTO xmai_cvcolumnlist VALUES ('41', '3', 'xmai_pbxmanager:status:status:PBXManager_Status:V');
INSERT INTO xmai_cvcolumnlist VALUES ('42', '0', 'xmai_servicecontracts:contract_no:contract_no:ServiceContracts_Contract_No:V');
INSERT INTO xmai_cvcolumnlist VALUES ('42', '1', 'xmai_servicecontracts:subject:subject:ServiceContracts_Subject:V');
INSERT INTO xmai_cvcolumnlist VALUES ('42', '2', 'xmai_servicecontracts:sc_related_to:sc_related_to:ServiceContracts_Related_to:V');
INSERT INTO xmai_cvcolumnlist VALUES ('42', '3', 'xmai_crmentity:smownerid:assigned_user_id:ServiceContracts_Assigned_To:V');
INSERT INTO xmai_cvcolumnlist VALUES ('42', '4', 'xmai_servicecontracts:start_date:start_date:ServiceContracts_Start_Date:D');
INSERT INTO xmai_cvcolumnlist VALUES ('42', '5', 'xmai_servicecontracts:due_date:due_date:ServiceContracts_Due_date:D');
INSERT INTO xmai_cvcolumnlist VALUES ('42', '7', 'xmai_servicecontracts:progress:progress:ServiceContracts_Progress:N');
INSERT INTO xmai_cvcolumnlist VALUES ('42', '8', 'xmai_servicecontracts:contract_status:contract_status:ServiceContracts_Status:V');
INSERT INTO xmai_cvcolumnlist VALUES ('43', '0', 'xmai_service:service_no:service_no:Services_Service_No:V');
INSERT INTO xmai_cvcolumnlist VALUES ('43', '1', 'xmai_service:servicename:servicename:Services_Service_Name:V');
INSERT INTO xmai_cvcolumnlist VALUES ('43', '2', 'xmai_service:service_usageunit:service_usageunit:Services_Usage_Unit:V');
INSERT INTO xmai_cvcolumnlist VALUES ('43', '3', 'xmai_service:unit_price:unit_price:Services_Price:N');
INSERT INTO xmai_cvcolumnlist VALUES ('43', '4', 'xmai_service:qty_per_unit:qty_per_unit:Services_No_of_Units:N');
INSERT INTO xmai_cvcolumnlist VALUES ('43', '5', 'xmai_service:servicecategory:servicecategory:Services_Service_Category:V');
INSERT INTO xmai_cvcolumnlist VALUES ('43', '6', 'xmai_crmentity:smownerid:assigned_user_id:Services_Owner:I');
INSERT INTO xmai_cvcolumnlist VALUES ('44', '0', 'xmai_assets:asset_no:asset_no:Assets_Asset_No:V');
INSERT INTO xmai_cvcolumnlist VALUES ('44', '1', 'xmai_assets:assetname:assetname:Assets_Asset_Name:V');
INSERT INTO xmai_cvcolumnlist VALUES ('44', '2', 'xmai_assets:account:account:Assets_Customer_Name:V');
INSERT INTO xmai_cvcolumnlist VALUES ('44', '3', 'xmai_assets:product:product:Assets_Product_Name:V');
INSERT INTO xmai_cvcolumnlist VALUES ('45', '0', 'xmai_modcomments:commentcontent:commentcontent:ModComments_Comment:V');
INSERT INTO xmai_cvcolumnlist VALUES ('45', '1', 'xmai_modcomments:related_to:related_to:ModComments_Related_To:V');
INSERT INTO xmai_cvcolumnlist VALUES ('45', '2', 'xmai_crmentity:modifiedtime:modifiedtime:ModComments_Modified_Time:T');
INSERT INTO xmai_cvcolumnlist VALUES ('45', '3', 'xmai_crmentity:smownerid:assigned_user_id:ModComments_Assigned_To:V');
INSERT INTO xmai_cvcolumnlist VALUES ('46', '0', 'xmai_projectmilestone:projectmilestonename:projectmilestonename:ProjectMilestone_Project_Milestone_Name:V');
INSERT INTO xmai_cvcolumnlist VALUES ('46', '1', 'xmai_projectmilestone:projectmilestonedate:projectmilestonedate:ProjectMilestone_Milestone_Date:D');
INSERT INTO xmai_cvcolumnlist VALUES ('46', '3', 'xmai_crmentity:description:description:ProjectMilestone_description:V');
INSERT INTO xmai_cvcolumnlist VALUES ('46', '4', 'xmai_crmentity:createdtime:createdtime:ProjectMilestone_Created_Time:T');
INSERT INTO xmai_cvcolumnlist VALUES ('46', '5', 'xmai_crmentity:modifiedtime:modifiedtime:ProjectMilestone_Modified_Time:T');
INSERT INTO xmai_cvcolumnlist VALUES ('47', '2', 'xmai_projecttask:projecttaskname:projecttaskname:ProjectTask_Project_Task_Name:V');
INSERT INTO xmai_cvcolumnlist VALUES ('47', '3', 'xmai_projecttask:projectid:projectid:ProjectTask_Related_to:V');
INSERT INTO xmai_cvcolumnlist VALUES ('47', '4', 'xmai_projecttask:projecttaskpriority:projecttaskpriority:ProjectTask_Priority:V');
INSERT INTO xmai_cvcolumnlist VALUES ('47', '5', 'xmai_projecttask:projecttaskprogress:projecttaskprogress:ProjectTask_Progress:V');
INSERT INTO xmai_cvcolumnlist VALUES ('47', '6', 'xmai_projecttask:projecttaskhours:projecttaskhours:ProjectTask_Worked_Hours:V');
INSERT INTO xmai_cvcolumnlist VALUES ('47', '7', 'xmai_projecttask:startdate:startdate:ProjectTask_Start_Date:D');
INSERT INTO xmai_cvcolumnlist VALUES ('47', '8', 'xmai_projecttask:enddate:enddate:ProjectTask_End_Date:D');
INSERT INTO xmai_cvcolumnlist VALUES ('47', '9', 'xmai_crmentity:smownerid:assigned_user_id:ProjectTask_Assigned_To:V');
INSERT INTO xmai_cvcolumnlist VALUES ('48', '0', 'xmai_project:projectname:projectname:Project_Project_Name:V');
INSERT INTO xmai_cvcolumnlist VALUES ('48', '1', 'xmai_project:linktoaccountscontacts:linktoaccountscontacts:Project_Related_to:V');
INSERT INTO xmai_cvcolumnlist VALUES ('48', '2', 'xmai_project:startdate:startdate:Project_Start_Date:D');
INSERT INTO xmai_cvcolumnlist VALUES ('48', '3', 'xmai_project:targetenddate:targetenddate:Project_Target_End_Date:D');
INSERT INTO xmai_cvcolumnlist VALUES ('48', '4', 'xmai_project:actualenddate:actualenddate:Project_Actual_End_Date:D');
INSERT INTO xmai_cvcolumnlist VALUES ('48', '5', 'xmai_project:targetbudget:targetbudget:Project_Target_Budget:V');
INSERT INTO xmai_cvcolumnlist VALUES ('48', '6', 'xmai_project:progress:progress:Project_Progress:V');
INSERT INTO xmai_cvcolumnlist VALUES ('48', '7', 'xmai_project:projectstatus:projectstatus:Project_Status:V');
INSERT INTO xmai_cvcolumnlist VALUES ('48', '8', 'xmai_crmentity:smownerid:assigned_user_id:Project_Assigned_To:V');
INSERT INTO xmai_cvcolumnlist VALUES ('49', '0', 'xmai_smsnotifier:message:message:SMSNotifier_message:V');
INSERT INTO xmai_cvcolumnlist VALUES ('49', '2', 'xmai_crmentity:smownerid:assigned_user_id:SMSNotifier_Assigned_To:V');
INSERT INTO xmai_cvcolumnlist VALUES ('49', '3', 'xmai_crmentity:createdtime:createdtime:SMSNotifier_Created_Time:T');
INSERT INTO xmai_cvcolumnlist VALUES ('49', '4', 'xmai_crmentity:modifiedtime:modifiedtime:SMSNotifier_Modified_Time:T');

-- ----------------------------
-- Table structure for `xmai_cvstdfilter`
-- ----------------------------
DROP TABLE IF EXISTS `xmai_cvstdfilter`;
CREATE TABLE `xmai_cvstdfilter` (
  `cvid` int(19) NOT NULL,
  `columnname` varchar(250) default '',
  `stdfilter` varchar(250) default '',
  `startdate` date default NULL,
  `enddate` date default NULL,
  PRIMARY KEY  (`cvid`),
  KEY `cvstdfilter_cvid_idx` (`cvid`),
  CONSTRAINT `fk_1_xmai_cvstdfilter` FOREIGN KEY (`cvid`) REFERENCES `xmai_customview` (`cvid`) ON DELETE CASCADE
) ENGINE=InnoDB DEFAULT CHARSET=utf8;

-- ----------------------------
-- Records of xmai_cvstdfilter
-- ----------------------------
INSERT INTO xmai_cvstdfilter VALUES ('3', 'xmai_crmentity:modifiedtime:modifiedtime:Leads_Modified_Time', 'thismonth', '2005-06-01', '2005-06-30');
INSERT INTO xmai_cvstdfilter VALUES ('6', 'xmai_crmentity:createdtime:createdtime:Accounts_Created_Time', 'thisweek', '2005-06-19', '2005-06-25');
INSERT INTO xmai_cvstdfilter VALUES ('9', 'xmai_contactsubdetails:birthday:birthday:Contacts_Birthdate', 'today', '2005-06-25', '2005-06-25');

-- ----------------------------
-- Table structure for `xmai_datashare_grp2grp`
-- ----------------------------
DROP TABLE IF EXISTS `xmai_datashare_grp2grp`;
CREATE TABLE `xmai_datashare_grp2grp` (
  `shareid` int(19) NOT NULL,
  `share_groupid` int(19) default NULL,
  `to_groupid` int(19) default NULL,
  `permission` int(19) default NULL,
  PRIMARY KEY  (`shareid`),
  KEY `datashare_grp2grp_share_groupid_idx` (`share_groupid`),
  KEY `datashare_grp2grp_to_groupid_idx` (`to_groupid`),
  CONSTRAINT `fk_3_xmai_datashare_grp2grp` FOREIGN KEY (`to_groupid`) REFERENCES `xmai_groups` (`groupid`) ON DELETE CASCADE
) ENGINE=InnoDB DEFAULT CHARSET=utf8;

-- ----------------------------
-- Records of xmai_datashare_grp2grp
-- ----------------------------

-- ----------------------------
-- Table structure for `xmai_datashare_grp2role`
-- ----------------------------
DROP TABLE IF EXISTS `xmai_datashare_grp2role`;
CREATE TABLE `xmai_datashare_grp2role` (
  `shareid` int(19) NOT NULL,
  `share_groupid` int(19) default NULL,
  `to_roleid` varchar(255) default NULL,
  `permission` int(19) default NULL,
  PRIMARY KEY  (`shareid`),
  KEY `idx_datashare_grp2role_share_groupid` (`share_groupid`),
  KEY `idx_datashare_grp2role_to_roleid` (`to_roleid`),
  CONSTRAINT `fk_3_xmai_datashare_grp2role` FOREIGN KEY (`to_roleid`) REFERENCES `xmai_role` (`roleid`) ON DELETE CASCADE
) ENGINE=InnoDB DEFAULT CHARSET=utf8;

-- ----------------------------
-- Records of xmai_datashare_grp2role
-- ----------------------------

-- ----------------------------
-- Table structure for `xmai_datashare_grp2rs`
-- ----------------------------
DROP TABLE IF EXISTS `xmai_datashare_grp2rs`;
CREATE TABLE `xmai_datashare_grp2rs` (
  `shareid` int(19) NOT NULL,
  `share_groupid` int(19) default NULL,
  `to_roleandsubid` varchar(255) default NULL,
  `permission` int(19) default NULL,
  PRIMARY KEY  (`shareid`),
  KEY `datashare_grp2rs_share_groupid_idx` (`share_groupid`),
  KEY `datashare_grp2rs_to_roleandsubid_idx` (`to_roleandsubid`),
  CONSTRAINT `fk_3_xmai_datashare_grp2rs` FOREIGN KEY (`to_roleandsubid`) REFERENCES `xmai_role` (`roleid`) ON DELETE CASCADE
) ENGINE=InnoDB DEFAULT CHARSET=utf8;

-- ----------------------------
-- Records of xmai_datashare_grp2rs
-- ----------------------------

-- ----------------------------
-- Table structure for `xmai_datashare_module_rel`
-- ----------------------------
DROP TABLE IF EXISTS `xmai_datashare_module_rel`;
CREATE TABLE `xmai_datashare_module_rel` (
  `shareid` int(19) NOT NULL,
  `tabid` int(19) NOT NULL,
  `relationtype` varchar(200) default NULL,
  PRIMARY KEY  (`shareid`),
  KEY `idx_datashare_module_rel_tabid` (`tabid`),
  CONSTRAINT `fk_1_xmai_datashare_module_rel` FOREIGN KEY (`tabid`) REFERENCES `xmai_tab` (`tabid`) ON DELETE CASCADE
) ENGINE=InnoDB DEFAULT CHARSET=utf8;

-- ----------------------------
-- Records of xmai_datashare_module_rel
-- ----------------------------

-- ----------------------------
-- Table structure for `xmai_datashare_relatedmodules`
-- ----------------------------
DROP TABLE IF EXISTS `xmai_datashare_relatedmodules`;
CREATE TABLE `xmai_datashare_relatedmodules` (
  `datashare_relatedmodule_id` int(19) NOT NULL,
  `tabid` int(19) default NULL,
  `relatedto_tabid` int(19) default NULL,
  PRIMARY KEY  (`datashare_relatedmodule_id`),
  KEY `datashare_relatedmodules_tabid_idx` (`tabid`),
  KEY `datashare_relatedmodules_relatedto_tabid_idx` (`relatedto_tabid`),
  CONSTRAINT `fk_2_xmai_datashare_relatedmodules` FOREIGN KEY (`tabid`) REFERENCES `xmai_tab` (`tabid`) ON DELETE CASCADE
) ENGINE=InnoDB DEFAULT CHARSET=utf8;

-- ----------------------------
-- Records of xmai_datashare_relatedmodules
-- ----------------------------
INSERT INTO xmai_datashare_relatedmodules VALUES ('1', '6', '2');
INSERT INTO xmai_datashare_relatedmodules VALUES ('2', '6', '13');
INSERT INTO xmai_datashare_relatedmodules VALUES ('3', '6', '20');
INSERT INTO xmai_datashare_relatedmodules VALUES ('4', '6', '22');
INSERT INTO xmai_datashare_relatedmodules VALUES ('5', '6', '23');
INSERT INTO xmai_datashare_relatedmodules VALUES ('6', '2', '20');
INSERT INTO xmai_datashare_relatedmodules VALUES ('7', '2', '22');
INSERT INTO xmai_datashare_relatedmodules VALUES ('8', '20', '22');
INSERT INTO xmai_datashare_relatedmodules VALUES ('9', '22', '23');

-- ----------------------------
-- Table structure for `xmai_datashare_relatedmodules_seq`
-- ----------------------------
DROP TABLE IF EXISTS `xmai_datashare_relatedmodules_seq`;
CREATE TABLE `xmai_datashare_relatedmodules_seq` (
  `id` int(11) NOT NULL
) ENGINE=MyISAM DEFAULT CHARSET=utf8;

-- ----------------------------
-- Records of xmai_datashare_relatedmodules_seq
-- ----------------------------
INSERT INTO xmai_datashare_relatedmodules_seq VALUES ('9');

-- ----------------------------
-- Table structure for `xmai_datashare_relatedmodule_permission`
-- ----------------------------
DROP TABLE IF EXISTS `xmai_datashare_relatedmodule_permission`;
CREATE TABLE `xmai_datashare_relatedmodule_permission` (
  `shareid` int(19) NOT NULL,
  `datashare_relatedmodule_id` int(19) NOT NULL,
  `permission` int(19) default NULL,
  PRIMARY KEY  (`shareid`,`datashare_relatedmodule_id`),
  KEY `datashare_relatedmodule_permission_shareid_permissions_idx` (`shareid`,`permission`)
) ENGINE=InnoDB DEFAULT CHARSET=utf8;

-- ----------------------------
-- Records of xmai_datashare_relatedmodule_permission
-- ----------------------------

-- ----------------------------
-- Table structure for `xmai_datashare_role2group`
-- ----------------------------
DROP TABLE IF EXISTS `xmai_datashare_role2group`;
CREATE TABLE `xmai_datashare_role2group` (
  `shareid` int(19) NOT NULL,
  `share_roleid` varchar(255) default NULL,
  `to_groupid` int(19) default NULL,
  `permission` int(19) default NULL,
  PRIMARY KEY  (`shareid`),
  KEY `idx_datashare_role2group_share_roleid` (`share_roleid`),
  KEY `idx_datashare_role2group_to_groupid` (`to_groupid`),
  CONSTRAINT `fk_3_xmai_datashare_role2group` FOREIGN KEY (`share_roleid`) REFERENCES `xmai_role` (`roleid`) ON DELETE CASCADE
) ENGINE=InnoDB DEFAULT CHARSET=utf8;

-- ----------------------------
-- Records of xmai_datashare_role2group
-- ----------------------------

-- ----------------------------
-- Table structure for `xmai_datashare_role2role`
-- ----------------------------
DROP TABLE IF EXISTS `xmai_datashare_role2role`;
CREATE TABLE `xmai_datashare_role2role` (
  `shareid` int(19) NOT NULL,
  `share_roleid` varchar(255) default NULL,
  `to_roleid` varchar(255) default NULL,
  `permission` int(19) default NULL,
  PRIMARY KEY  (`shareid`),
  KEY `datashare_role2role_share_roleid_idx` (`share_roleid`),
  KEY `datashare_role2role_to_roleid_idx` (`to_roleid`),
  CONSTRAINT `fk_3_xmai_datashare_role2role` FOREIGN KEY (`to_roleid`) REFERENCES `xmai_role` (`roleid`) ON DELETE CASCADE
) ENGINE=InnoDB DEFAULT CHARSET=utf8;

-- ----------------------------
-- Records of xmai_datashare_role2role
-- ----------------------------

-- ----------------------------
-- Table structure for `xmai_datashare_role2rs`
-- ----------------------------
DROP TABLE IF EXISTS `xmai_datashare_role2rs`;
CREATE TABLE `xmai_datashare_role2rs` (
  `shareid` int(19) NOT NULL,
  `share_roleid` varchar(255) default NULL,
  `to_roleandsubid` varchar(255) default NULL,
  `permission` int(19) default NULL,
  PRIMARY KEY  (`shareid`),
  KEY `datashare_role2s_share_roleid_idx` (`share_roleid`),
  KEY `datashare_role2s_to_roleandsubid_idx` (`to_roleandsubid`),
  CONSTRAINT `fk_3_xmai_datashare_role2rs` FOREIGN KEY (`to_roleandsubid`) REFERENCES `xmai_role` (`roleid`) ON DELETE CASCADE
) ENGINE=InnoDB DEFAULT CHARSET=utf8;

-- ----------------------------
-- Records of xmai_datashare_role2rs
-- ----------------------------

-- ----------------------------
-- Table structure for `xmai_datashare_rs2grp`
-- ----------------------------
DROP TABLE IF EXISTS `xmai_datashare_rs2grp`;
CREATE TABLE `xmai_datashare_rs2grp` (
  `shareid` int(19) NOT NULL,
  `share_roleandsubid` varchar(255) default NULL,
  `to_groupid` int(19) default NULL,
  `permission` int(19) default NULL,
  PRIMARY KEY  (`shareid`),
  KEY `datashare_rs2grp_share_roleandsubid_idx` (`share_roleandsubid`),
  KEY `datashare_rs2grp_to_groupid_idx` (`to_groupid`),
  CONSTRAINT `fk_3_xmai_datashare_rs2grp` FOREIGN KEY (`share_roleandsubid`) REFERENCES `xmai_role` (`roleid`) ON DELETE CASCADE
) ENGINE=InnoDB DEFAULT CHARSET=utf8;

-- ----------------------------
-- Records of xmai_datashare_rs2grp
-- ----------------------------

-- ----------------------------
-- Table structure for `xmai_datashare_rs2role`
-- ----------------------------
DROP TABLE IF EXISTS `xmai_datashare_rs2role`;
CREATE TABLE `xmai_datashare_rs2role` (
  `shareid` int(19) NOT NULL,
  `share_roleandsubid` varchar(255) default NULL,
  `to_roleid` varchar(255) default NULL,
  `permission` int(19) default NULL,
  PRIMARY KEY  (`shareid`),
  KEY `datashare_rs2role_share_roleandsubid_idx` (`share_roleandsubid`),
  KEY `datashare_rs2role_to_roleid_idx` (`to_roleid`),
  CONSTRAINT `fk_3_xmai_datashare_rs2role` FOREIGN KEY (`to_roleid`) REFERENCES `xmai_role` (`roleid`) ON DELETE CASCADE
) ENGINE=InnoDB DEFAULT CHARSET=utf8;

-- ----------------------------
-- Records of xmai_datashare_rs2role
-- ----------------------------

-- ----------------------------
-- Table structure for `xmai_datashare_rs2rs`
-- ----------------------------
DROP TABLE IF EXISTS `xmai_datashare_rs2rs`;
CREATE TABLE `xmai_datashare_rs2rs` (
  `shareid` int(19) NOT NULL,
  `share_roleandsubid` varchar(255) default NULL,
  `to_roleandsubid` varchar(255) default NULL,
  `permission` int(19) default NULL,
  PRIMARY KEY  (`shareid`),
  KEY `datashare_rs2rs_share_roleandsubid_idx` (`share_roleandsubid`),
  KEY `idx_datashare_rs2rs_to_roleandsubid_idx` (`to_roleandsubid`),
  CONSTRAINT `fk_3_xmai_datashare_rs2rs` FOREIGN KEY (`to_roleandsubid`) REFERENCES `xmai_role` (`roleid`) ON DELETE CASCADE
) ENGINE=InnoDB DEFAULT CHARSET=utf8;

-- ----------------------------
-- Records of xmai_datashare_rs2rs
-- ----------------------------

-- ----------------------------
-- Table structure for `xmai_date_format`
-- ----------------------------
DROP TABLE IF EXISTS `xmai_date_format`;
CREATE TABLE `xmai_date_format` (
  `date_formatid` int(19) NOT NULL auto_increment,
  `date_format` varchar(200) NOT NULL,
  `sortorderid` int(19) NOT NULL default '0',
  `presence` int(1) NOT NULL default '1',
  PRIMARY KEY  (`date_formatid`)
) ENGINE=InnoDB AUTO_INCREMENT=4 DEFAULT CHARSET=utf8;

-- ----------------------------
-- Records of xmai_date_format
-- ----------------------------
INSERT INTO xmai_date_format VALUES ('1', 'dd-mm-yyyy', '0', '1');
INSERT INTO xmai_date_format VALUES ('2', 'mm-dd-yyyy', '1', '1');
INSERT INTO xmai_date_format VALUES ('3', 'yyyy-mm-dd', '2', '1');

-- ----------------------------
-- Table structure for `xmai_date_format_seq`
-- ----------------------------
DROP TABLE IF EXISTS `xmai_date_format_seq`;
CREATE TABLE `xmai_date_format_seq` (
  `id` int(11) NOT NULL
) ENGINE=MyISAM DEFAULT CHARSET=utf8;

-- ----------------------------
-- Records of xmai_date_format_seq
-- ----------------------------
INSERT INTO xmai_date_format_seq VALUES ('3');

-- ----------------------------
-- Table structure for `xmai_dealintimation`
-- ----------------------------
DROP TABLE IF EXISTS `xmai_dealintimation`;
CREATE TABLE `xmai_dealintimation` (
  `dealintimationid` int(19) NOT NULL default '0',
  `dealname` varchar(100) NOT NULL,
  `intimationamount` int(19) NOT NULL default '0',
  `dealprobability` decimal(3,2) NOT NULL default '0.00',
  `dealintimationactive` int(1) default NULL,
  `fromname` varchar(120) NOT NULL,
  `fromemailid` varchar(100) NOT NULL,
  `notifyemails` varchar(50) NOT NULL,
  `notifybccemails` varchar(50) NOT NULL,
  `notifyccmails` varchar(50) NOT NULL,
  `notifypotentialowner` int(1) default NULL,
  PRIMARY KEY  (`dealintimationid`),
  UNIQUE KEY `dealintimation_dealname_idx` (`dealname`)
) ENGINE=InnoDB DEFAULT CHARSET=utf8;

-- ----------------------------
-- Records of xmai_dealintimation
-- ----------------------------

-- ----------------------------
-- Table structure for `xmai_defaultcv`
-- ----------------------------
DROP TABLE IF EXISTS `xmai_defaultcv`;
CREATE TABLE `xmai_defaultcv` (
  `tabid` int(19) NOT NULL,
  `defaultviewname` varchar(50) NOT NULL,
  `query` text,
  PRIMARY KEY  (`tabid`),
  CONSTRAINT `fk_1_xmai_defaultcv` FOREIGN KEY (`tabid`) REFERENCES `xmai_tab` (`tabid`) ON DELETE CASCADE
) ENGINE=InnoDB DEFAULT CHARSET=utf8;

-- ----------------------------
-- Records of xmai_defaultcv
-- ----------------------------

-- ----------------------------
-- Table structure for `xmai_def_org_field`
-- ----------------------------
DROP TABLE IF EXISTS `xmai_def_org_field`;
CREATE TABLE `xmai_def_org_field` (
  `tabid` int(10) default NULL,
  `fieldid` int(19) NOT NULL,
  `visible` int(19) default NULL,
  `readonly` int(19) default NULL,
  PRIMARY KEY  (`fieldid`),
  KEY `def_org_field_tabid_fieldid_idx` (`tabid`,`fieldid`),
  KEY `def_org_field_tabid_idx` (`tabid`),
  KEY `def_org_field_visible_fieldid_idx` (`visible`,`fieldid`)
) ENGINE=InnoDB DEFAULT CHARSET=utf8;

-- ----------------------------
-- Records of xmai_def_org_field
-- ----------------------------
INSERT INTO xmai_def_org_field VALUES ('6', '1', '0', '0');
INSERT INTO xmai_def_org_field VALUES ('6', '2', '0', '0');
INSERT INTO xmai_def_org_field VALUES ('6', '3', '0', '0');
INSERT INTO xmai_def_org_field VALUES ('6', '4', '0', '0');
INSERT INTO xmai_def_org_field VALUES ('6', '5', '0', '0');
INSERT INTO xmai_def_org_field VALUES ('6', '6', '0', '0');
INSERT INTO xmai_def_org_field VALUES ('6', '7', '0', '0');
INSERT INTO xmai_def_org_field VALUES ('6', '8', '0', '0');
INSERT INTO xmai_def_org_field VALUES ('6', '9', '0', '0');
INSERT INTO xmai_def_org_field VALUES ('6', '10', '0', '0');
INSERT INTO xmai_def_org_field VALUES ('6', '11', '0', '0');
INSERT INTO xmai_def_org_field VALUES ('6', '12', '0', '0');
INSERT INTO xmai_def_org_field VALUES ('6', '13', '0', '0');
INSERT INTO xmai_def_org_field VALUES ('6', '14', '0', '0');
INSERT INTO xmai_def_org_field VALUES ('6', '15', '0', '0');
INSERT INTO xmai_def_org_field VALUES ('6', '16', '0', '0');
INSERT INTO xmai_def_org_field VALUES ('6', '17', '0', '0');
INSERT INTO xmai_def_org_field VALUES ('6', '18', '0', '0');
INSERT INTO xmai_def_org_field VALUES ('6', '19', '0', '0');
INSERT INTO xmai_def_org_field VALUES ('6', '20', '0', '0');
INSERT INTO xmai_def_org_field VALUES ('6', '21', '0', '0');
INSERT INTO xmai_def_org_field VALUES ('6', '22', '0', '0');
INSERT INTO xmai_def_org_field VALUES ('6', '23', '0', '0');
INSERT INTO xmai_def_org_field VALUES ('6', '24', '0', '0');
INSERT INTO xmai_def_org_field VALUES ('6', '25', '0', '0');
INSERT INTO xmai_def_org_field VALUES ('6', '26', '0', '0');
INSERT INTO xmai_def_org_field VALUES ('6', '27', '0', '0');
INSERT INTO xmai_def_org_field VALUES ('6', '28', '0', '0');
INSERT INTO xmai_def_org_field VALUES ('6', '29', '0', '0');
INSERT INTO xmai_def_org_field VALUES ('6', '30', '0', '0');
INSERT INTO xmai_def_org_field VALUES ('6', '31', '0', '0');
INSERT INTO xmai_def_org_field VALUES ('6', '32', '0', '0');
INSERT INTO xmai_def_org_field VALUES ('6', '33', '0', '0');
INSERT INTO xmai_def_org_field VALUES ('6', '34', '0', '0');
INSERT INTO xmai_def_org_field VALUES ('6', '35', '0', '0');
INSERT INTO xmai_def_org_field VALUES ('6', '36', '0', '0');
INSERT INTO xmai_def_org_field VALUES ('7', '37', '0', '0');
INSERT INTO xmai_def_org_field VALUES ('7', '38', '0', '0');
INSERT INTO xmai_def_org_field VALUES ('7', '39', '0', '0');
INSERT INTO xmai_def_org_field VALUES ('7', '40', '0', '0');
INSERT INTO xmai_def_org_field VALUES ('7', '41', '0', '0');
INSERT INTO xmai_def_org_field VALUES ('7', '42', '0', '0');
INSERT INTO xmai_def_org_field VALUES ('7', '43', '0', '0');
INSERT INTO xmai_def_org_field VALUES ('7', '44', '0', '0');
INSERT INTO xmai_def_org_field VALUES ('7', '45', '0', '0');
INSERT INTO xmai_def_org_field VALUES ('7', '46', '0', '0');
INSERT INTO xmai_def_org_field VALUES ('7', '47', '0', '0');
INSERT INTO xmai_def_org_field VALUES ('7', '48', '0', '0');
INSERT INTO xmai_def_org_field VALUES ('7', '49', '0', '0');
INSERT INTO xmai_def_org_field VALUES ('7', '50', '0', '0');
INSERT INTO xmai_def_org_field VALUES ('7', '51', '0', '0');
INSERT INTO xmai_def_org_field VALUES ('7', '52', '0', '0');
INSERT INTO xmai_def_org_field VALUES ('7', '53', '0', '0');
INSERT INTO xmai_def_org_field VALUES ('7', '54', '0', '0');
INSERT INTO xmai_def_org_field VALUES ('7', '55', '0', '0');
INSERT INTO xmai_def_org_field VALUES ('7', '56', '0', '0');
INSERT INTO xmai_def_org_field VALUES ('7', '57', '0', '0');
INSERT INTO xmai_def_org_field VALUES ('7', '58', '0', '0');
INSERT INTO xmai_def_org_field VALUES ('7', '59', '0', '0');
INSERT INTO xmai_def_org_field VALUES ('7', '60', '0', '0');
INSERT INTO xmai_def_org_field VALUES ('7', '61', '0', '0');
INSERT INTO xmai_def_org_field VALUES ('7', '62', '0', '0');
INSERT INTO xmai_def_org_field VALUES ('7', '63', '0', '0');
INSERT INTO xmai_def_org_field VALUES ('7', '64', '0', '0');
INSERT INTO xmai_def_org_field VALUES ('7', '65', '0', '0');
INSERT INTO xmai_def_org_field VALUES ('4', '66', '0', '0');
INSERT INTO xmai_def_org_field VALUES ('4', '67', '0', '0');
INSERT INTO xmai_def_org_field VALUES ('4', '68', '0', '0');
INSERT INTO xmai_def_org_field VALUES ('4', '69', '0', '0');
INSERT INTO xmai_def_org_field VALUES ('4', '70', '0', '0');
INSERT INTO xmai_def_org_field VALUES ('4', '71', '0', '0');
INSERT INTO xmai_def_org_field VALUES ('4', '72', '0', '0');
INSERT INTO xmai_def_org_field VALUES ('4', '73', '0', '0');
INSERT INTO xmai_def_org_field VALUES ('4', '74', '0', '0');
INSERT INTO xmai_def_org_field VALUES ('4', '75', '0', '0');
INSERT INTO xmai_def_org_field VALUES ('4', '76', '0', '0');
INSERT INTO xmai_def_org_field VALUES ('4', '77', '0', '0');
INSERT INTO xmai_def_org_field VALUES ('4', '78', '0', '0');
INSERT INTO xmai_def_org_field VALUES ('4', '79', '0', '0');
INSERT INTO xmai_def_org_field VALUES ('4', '80', '0', '0');
INSERT INTO xmai_def_org_field VALUES ('4', '81', '0', '0');
INSERT INTO xmai_def_org_field VALUES ('4', '82', '0', '0');
INSERT INTO xmai_def_org_field VALUES ('4', '83', '0', '0');
INSERT INTO xmai_def_org_field VALUES ('4', '84', '0', '0');
INSERT INTO xmai_def_org_field VALUES ('4', '85', '0', '0');
INSERT INTO xmai_def_org_field VALUES ('4', '86', '0', '0');
INSERT INTO xmai_def_org_field VALUES ('4', '87', '0', '0');
INSERT INTO xmai_def_org_field VALUES ('4', '88', '0', '0');
INSERT INTO xmai_def_org_field VALUES ('4', '89', '0', '0');
INSERT INTO xmai_def_org_field VALUES ('4', '90', '0', '0');
INSERT INTO xmai_def_org_field VALUES ('4', '91', '0', '0');
INSERT INTO xmai_def_org_field VALUES ('4', '92', '0', '0');
INSERT INTO xmai_def_org_field VALUES ('4', '93', '0', '0');
INSERT INTO xmai_def_org_field VALUES ('4', '94', '0', '0');
INSERT INTO xmai_def_org_field VALUES ('4', '95', '0', '0');
INSERT INTO xmai_def_org_field VALUES ('4', '96', '0', '0');
INSERT INTO xmai_def_org_field VALUES ('4', '97', '0', '0');
INSERT INTO xmai_def_org_field VALUES ('4', '98', '0', '0');
INSERT INTO xmai_def_org_field VALUES ('4', '99', '0', '0');
INSERT INTO xmai_def_org_field VALUES ('4', '100', '0', '0');
INSERT INTO xmai_def_org_field VALUES ('4', '101', '0', '0');
INSERT INTO xmai_def_org_field VALUES ('4', '102', '0', '0');
INSERT INTO xmai_def_org_field VALUES ('4', '103', '0', '0');
INSERT INTO xmai_def_org_field VALUES ('4', '104', '0', '0');
INSERT INTO xmai_def_org_field VALUES ('4', '105', '0', '0');
INSERT INTO xmai_def_org_field VALUES ('4', '106', '0', '0');
INSERT INTO xmai_def_org_field VALUES ('4', '107', '0', '0');
INSERT INTO xmai_def_org_field VALUES ('4', '108', '0', '0');
INSERT INTO xmai_def_org_field VALUES ('4', '109', '0', '0');
INSERT INTO xmai_def_org_field VALUES ('2', '110', '0', '0');
INSERT INTO xmai_def_org_field VALUES ('2', '111', '0', '0');
INSERT INTO xmai_def_org_field VALUES ('2', '112', '0', '0');
INSERT INTO xmai_def_org_field VALUES ('2', '113', '0', '0');
INSERT INTO xmai_def_org_field VALUES ('2', '114', '0', '0');
INSERT INTO xmai_def_org_field VALUES ('2', '115', '0', '0');
INSERT INTO xmai_def_org_field VALUES ('2', '116', '0', '0');
INSERT INTO xmai_def_org_field VALUES ('2', '117', '0', '0');
INSERT INTO xmai_def_org_field VALUES ('2', '118', '0', '0');
INSERT INTO xmai_def_org_field VALUES ('2', '119', '0', '0');
INSERT INTO xmai_def_org_field VALUES ('2', '120', '0', '0');
INSERT INTO xmai_def_org_field VALUES ('2', '121', '0', '0');
INSERT INTO xmai_def_org_field VALUES ('2', '122', '0', '0');
INSERT INTO xmai_def_org_field VALUES ('2', '123', '0', '0');
INSERT INTO xmai_def_org_field VALUES ('2', '124', '0', '0');
INSERT INTO xmai_def_org_field VALUES ('2', '125', '0', '0');
INSERT INTO xmai_def_org_field VALUES ('26', '126', '0', '0');
INSERT INTO xmai_def_org_field VALUES ('26', '127', '0', '0');
INSERT INTO xmai_def_org_field VALUES ('26', '128', '0', '0');
INSERT INTO xmai_def_org_field VALUES ('26', '129', '0', '0');
INSERT INTO xmai_def_org_field VALUES ('26', '130', '0', '0');
INSERT INTO xmai_def_org_field VALUES ('26', '131', '0', '0');
INSERT INTO xmai_def_org_field VALUES ('26', '132', '0', '0');
INSERT INTO xmai_def_org_field VALUES ('26', '133', '0', '0');
INSERT INTO xmai_def_org_field VALUES ('26', '134', '0', '0');
INSERT INTO xmai_def_org_field VALUES ('26', '135', '0', '0');
INSERT INTO xmai_def_org_field VALUES ('26', '136', '0', '0');
INSERT INTO xmai_def_org_field VALUES ('26', '137', '0', '0');
INSERT INTO xmai_def_org_field VALUES ('26', '138', '0', '0');
INSERT INTO xmai_def_org_field VALUES ('26', '139', '0', '0');
INSERT INTO xmai_def_org_field VALUES ('26', '140', '0', '0');
INSERT INTO xmai_def_org_field VALUES ('26', '141', '0', '0');
INSERT INTO xmai_def_org_field VALUES ('26', '142', '0', '0');
INSERT INTO xmai_def_org_field VALUES ('26', '143', '0', '0');
INSERT INTO xmai_def_org_field VALUES ('26', '144', '0', '0');
INSERT INTO xmai_def_org_field VALUES ('26', '145', '0', '0');
INSERT INTO xmai_def_org_field VALUES ('26', '146', '0', '0');
INSERT INTO xmai_def_org_field VALUES ('26', '147', '0', '0');
INSERT INTO xmai_def_org_field VALUES ('26', '148', '0', '0');
INSERT INTO xmai_def_org_field VALUES ('26', '149', '0', '0');
INSERT INTO xmai_def_org_field VALUES ('26', '150', '0', '0');
INSERT INTO xmai_def_org_field VALUES ('4', '151', '0', '0');
INSERT INTO xmai_def_org_field VALUES ('6', '152', '0', '0');
INSERT INTO xmai_def_org_field VALUES ('7', '153', '0', '0');
INSERT INTO xmai_def_org_field VALUES ('26', '154', '0', '0');
INSERT INTO xmai_def_org_field VALUES ('13', '155', '0', '0');
INSERT INTO xmai_def_org_field VALUES ('13', '156', '0', '0');
INSERT INTO xmai_def_org_field VALUES ('13', '157', '0', '0');
INSERT INTO xmai_def_org_field VALUES ('13', '158', '0', '0');
INSERT INTO xmai_def_org_field VALUES ('13', '159', '0', '0');
INSERT INTO xmai_def_org_field VALUES ('13', '160', '0', '0');
INSERT INTO xmai_def_org_field VALUES ('13', '161', '0', '0');
INSERT INTO xmai_def_org_field VALUES ('13', '162', '0', '0');
INSERT INTO xmai_def_org_field VALUES ('13', '163', '0', '0');
INSERT INTO xmai_def_org_field VALUES ('13', '164', '0', '0');
INSERT INTO xmai_def_org_field VALUES ('13', '165', '0', '0');
INSERT INTO xmai_def_org_field VALUES ('13', '166', '0', '0');
INSERT INTO xmai_def_org_field VALUES ('13', '167', '0', '0');
INSERT INTO xmai_def_org_field VALUES ('13', '168', '0', '0');
INSERT INTO xmai_def_org_field VALUES ('13', '169', '0', '0');
INSERT INTO xmai_def_org_field VALUES ('13', '170', '0', '0');
INSERT INTO xmai_def_org_field VALUES ('13', '171', '0', '0');
INSERT INTO xmai_def_org_field VALUES ('13', '172', '0', '0');
INSERT INTO xmai_def_org_field VALUES ('13', '173', '0', '0');
INSERT INTO xmai_def_org_field VALUES ('14', '174', '0', '0');
INSERT INTO xmai_def_org_field VALUES ('14', '175', '0', '0');
INSERT INTO xmai_def_org_field VALUES ('14', '176', '0', '0');
INSERT INTO xmai_def_org_field VALUES ('14', '177', '0', '0');
INSERT INTO xmai_def_org_field VALUES ('14', '178', '0', '0');
INSERT INTO xmai_def_org_field VALUES ('14', '179', '0', '0');
INSERT INTO xmai_def_org_field VALUES ('14', '180', '0', '0');
INSERT INTO xmai_def_org_field VALUES ('14', '181', '0', '0');
INSERT INTO xmai_def_org_field VALUES ('14', '182', '0', '0');
INSERT INTO xmai_def_org_field VALUES ('14', '183', '0', '0');
INSERT INTO xmai_def_org_field VALUES ('14', '184', '0', '0');
INSERT INTO xmai_def_org_field VALUES ('14', '185', '0', '0');
INSERT INTO xmai_def_org_field VALUES ('14', '186', '0', '0');
INSERT INTO xmai_def_org_field VALUES ('14', '187', '0', '0');
INSERT INTO xmai_def_org_field VALUES ('14', '188', '0', '0');
INSERT INTO xmai_def_org_field VALUES ('14', '189', '0', '0');
INSERT INTO xmai_def_org_field VALUES ('14', '190', '0', '0');
INSERT INTO xmai_def_org_field VALUES ('14', '191', '0', '0');
INSERT INTO xmai_def_org_field VALUES ('14', '192', '0', '0');
INSERT INTO xmai_def_org_field VALUES ('14', '193', '0', '0');
INSERT INTO xmai_def_org_field VALUES ('14', '194', '0', '0');
INSERT INTO xmai_def_org_field VALUES ('14', '195', '0', '0');
INSERT INTO xmai_def_org_field VALUES ('14', '196', '0', '0');
INSERT INTO xmai_def_org_field VALUES ('14', '197', '0', '0');
INSERT INTO xmai_def_org_field VALUES ('14', '198', '0', '0');
INSERT INTO xmai_def_org_field VALUES ('14', '199', '0', '0');
INSERT INTO xmai_def_org_field VALUES ('14', '200', '0', '0');
INSERT INTO xmai_def_org_field VALUES ('14', '201', '0', '0');
INSERT INTO xmai_def_org_field VALUES ('14', '202', '0', '0');
INSERT INTO xmai_def_org_field VALUES ('14', '203', '0', '0');
INSERT INTO xmai_def_org_field VALUES ('14', '204', '0', '0');
INSERT INTO xmai_def_org_field VALUES ('8', '205', '0', '0');
INSERT INTO xmai_def_org_field VALUES ('8', '206', '0', '0');
INSERT INTO xmai_def_org_field VALUES ('8', '207', '0', '0');
INSERT INTO xmai_def_org_field VALUES ('8', '208', '0', '0');
INSERT INTO xmai_def_org_field VALUES ('8', '209', '0', '0');
INSERT INTO xmai_def_org_field VALUES ('8', '210', '0', '0');
INSERT INTO xmai_def_org_field VALUES ('8', '211', '0', '0');
INSERT INTO xmai_def_org_field VALUES ('8', '212', '0', '0');
INSERT INTO xmai_def_org_field VALUES ('8', '213', '0', '0');
INSERT INTO xmai_def_org_field VALUES ('8', '214', '0', '0');
INSERT INTO xmai_def_org_field VALUES ('8', '215', '0', '0');
INSERT INTO xmai_def_org_field VALUES ('8', '216', '0', '0');
INSERT INTO xmai_def_org_field VALUES ('8', '217', '0', '0');
INSERT INTO xmai_def_org_field VALUES ('8', '218', '0', '0');
INSERT INTO xmai_def_org_field VALUES ('8', '219', '0', '0');
INSERT INTO xmai_def_org_field VALUES ('10', '220', '0', '0');
INSERT INTO xmai_def_org_field VALUES ('10', '221', '0', '0');
INSERT INTO xmai_def_org_field VALUES ('10', '222', '0', '0');
INSERT INTO xmai_def_org_field VALUES ('10', '223', '0', '0');
INSERT INTO xmai_def_org_field VALUES ('10', '224', '0', '0');
INSERT INTO xmai_def_org_field VALUES ('10', '225', '0', '0');
INSERT INTO xmai_def_org_field VALUES ('10', '226', '0', '0');
INSERT INTO xmai_def_org_field VALUES ('10', '227', '0', '0');
INSERT INTO xmai_def_org_field VALUES ('10', '228', '0', '0');
INSERT INTO xmai_def_org_field VALUES ('10', '229', '0', '0');
INSERT INTO xmai_def_org_field VALUES ('10', '230', '0', '0');
INSERT INTO xmai_def_org_field VALUES ('10', '231', '0', '0');
INSERT INTO xmai_def_org_field VALUES ('9', '232', '0', '0');
INSERT INTO xmai_def_org_field VALUES ('9', '233', '0', '0');
INSERT INTO xmai_def_org_field VALUES ('9', '234', '0', '0');
INSERT INTO xmai_def_org_field VALUES ('9', '235', '0', '0');
INSERT INTO xmai_def_org_field VALUES ('9', '236', '0', '0');
INSERT INTO xmai_def_org_field VALUES ('9', '237', '0', '0');
INSERT INTO xmai_def_org_field VALUES ('9', '238', '0', '0');
INSERT INTO xmai_def_org_field VALUES ('9', '239', '0', '0');
INSERT INTO xmai_def_org_field VALUES ('9', '240', '0', '0');
INSERT INTO xmai_def_org_field VALUES ('9', '241', '0', '0');
INSERT INTO xmai_def_org_field VALUES ('9', '242', '0', '0');
INSERT INTO xmai_def_org_field VALUES ('9', '243', '0', '0');
INSERT INTO xmai_def_org_field VALUES ('9', '244', '0', '0');
INSERT INTO xmai_def_org_field VALUES ('9', '245', '0', '0');
INSERT INTO xmai_def_org_field VALUES ('9', '246', '0', '0');
INSERT INTO xmai_def_org_field VALUES ('9', '247', '0', '0');
INSERT INTO xmai_def_org_field VALUES ('9', '248', '0', '0');
INSERT INTO xmai_def_org_field VALUES ('9', '249', '0', '0');
INSERT INTO xmai_def_org_field VALUES ('9', '250', '0', '0');
INSERT INTO xmai_def_org_field VALUES ('9', '251', '0', '0');
INSERT INTO xmai_def_org_field VALUES ('9', '252', '0', '0');
INSERT INTO xmai_def_org_field VALUES ('9', '253', '0', '0');
INSERT INTO xmai_def_org_field VALUES ('9', '254', '0', '0');
INSERT INTO xmai_def_org_field VALUES ('9', '255', '0', '0');
INSERT INTO xmai_def_org_field VALUES ('16', '256', '0', '0');
INSERT INTO xmai_def_org_field VALUES ('16', '257', '0', '0');
INSERT INTO xmai_def_org_field VALUES ('16', '258', '0', '0');
INSERT INTO xmai_def_org_field VALUES ('16', '259', '0', '0');
INSERT INTO xmai_def_org_field VALUES ('16', '260', '0', '0');
INSERT INTO xmai_def_org_field VALUES ('16', '261', '0', '0');
INSERT INTO xmai_def_org_field VALUES ('16', '262', '0', '0');
INSERT INTO xmai_def_org_field VALUES ('16', '263', '0', '0');
INSERT INTO xmai_def_org_field VALUES ('16', '264', '0', '0');
INSERT INTO xmai_def_org_field VALUES ('16', '265', '0', '0');
INSERT INTO xmai_def_org_field VALUES ('16', '266', '0', '0');
INSERT INTO xmai_def_org_field VALUES ('16', '267', '0', '0');
INSERT INTO xmai_def_org_field VALUES ('16', '268', '0', '0');
INSERT INTO xmai_def_org_field VALUES ('16', '269', '0', '0');
INSERT INTO xmai_def_org_field VALUES ('16', '270', '0', '0');
INSERT INTO xmai_def_org_field VALUES ('16', '271', '0', '0');
INSERT INTO xmai_def_org_field VALUES ('16', '272', '0', '0');
INSERT INTO xmai_def_org_field VALUES ('16', '273', '0', '0');
INSERT INTO xmai_def_org_field VALUES ('16', '274', '0', '0');
INSERT INTO xmai_def_org_field VALUES ('16', '275', '0', '0');
INSERT INTO xmai_def_org_field VALUES ('16', '276', '0', '0');
INSERT INTO xmai_def_org_field VALUES ('16', '277', '0', '0');
INSERT INTO xmai_def_org_field VALUES ('16', '278', '0', '0');
INSERT INTO xmai_def_org_field VALUES ('15', '279', '0', '0');
INSERT INTO xmai_def_org_field VALUES ('15', '280', '0', '0');
INSERT INTO xmai_def_org_field VALUES ('15', '281', '0', '0');
INSERT INTO xmai_def_org_field VALUES ('15', '282', '0', '0');
INSERT INTO xmai_def_org_field VALUES ('15', '283', '0', '0');
INSERT INTO xmai_def_org_field VALUES ('15', '284', '0', '0');
INSERT INTO xmai_def_org_field VALUES ('15', '285', '0', '0');
INSERT INTO xmai_def_org_field VALUES ('15', '286', '0', '0');
INSERT INTO xmai_def_org_field VALUES ('15', '287', '0', '0');
INSERT INTO xmai_def_org_field VALUES ('15', '288', '0', '0');
INSERT INTO xmai_def_org_field VALUES ('18', '289', '0', '0');
INSERT INTO xmai_def_org_field VALUES ('18', '290', '0', '0');
INSERT INTO xmai_def_org_field VALUES ('18', '291', '0', '0');
INSERT INTO xmai_def_org_field VALUES ('18', '292', '0', '0');
INSERT INTO xmai_def_org_field VALUES ('18', '293', '0', '0');
INSERT INTO xmai_def_org_field VALUES ('18', '294', '0', '0');
INSERT INTO xmai_def_org_field VALUES ('18', '295', '0', '0');
INSERT INTO xmai_def_org_field VALUES ('18', '296', '0', '0');
INSERT INTO xmai_def_org_field VALUES ('18', '297', '0', '0');
INSERT INTO xmai_def_org_field VALUES ('18', '298', '0', '0');
INSERT INTO xmai_def_org_field VALUES ('18', '299', '0', '0');
INSERT INTO xmai_def_org_field VALUES ('18', '300', '0', '0');
INSERT INTO xmai_def_org_field VALUES ('18', '301', '0', '0');
INSERT INTO xmai_def_org_field VALUES ('18', '302', '0', '0');
INSERT INTO xmai_def_org_field VALUES ('18', '303', '0', '0');
INSERT INTO xmai_def_org_field VALUES ('18', '304', '0', '0');
INSERT INTO xmai_def_org_field VALUES ('18', '305', '0', '0');
INSERT INTO xmai_def_org_field VALUES ('19', '306', '0', '0');
INSERT INTO xmai_def_org_field VALUES ('19', '307', '0', '0');
INSERT INTO xmai_def_org_field VALUES ('19', '308', '0', '0');
INSERT INTO xmai_def_org_field VALUES ('19', '309', '0', '0');
INSERT INTO xmai_def_org_field VALUES ('19', '310', '0', '0');
INSERT INTO xmai_def_org_field VALUES ('19', '311', '0', '0');
INSERT INTO xmai_def_org_field VALUES ('19', '312', '0', '0');
INSERT INTO xmai_def_org_field VALUES ('19', '313', '0', '0');
INSERT INTO xmai_def_org_field VALUES ('20', '314', '0', '0');
INSERT INTO xmai_def_org_field VALUES ('20', '315', '0', '0');
INSERT INTO xmai_def_org_field VALUES ('20', '316', '0', '0');
INSERT INTO xmai_def_org_field VALUES ('20', '317', '0', '0');
INSERT INTO xmai_def_org_field VALUES ('20', '318', '0', '0');
INSERT INTO xmai_def_org_field VALUES ('20', '319', '0', '0');
INSERT INTO xmai_def_org_field VALUES ('20', '320', '0', '0');
INSERT INTO xmai_def_org_field VALUES ('20', '321', '0', '0');
INSERT INTO xmai_def_org_field VALUES ('20', '322', '0', '0');
INSERT INTO xmai_def_org_field VALUES ('20', '323', '0', '0');
INSERT INTO xmai_def_org_field VALUES ('20', '324', '0', '0');
INSERT INTO xmai_def_org_field VALUES ('20', '325', '0', '0');
INSERT INTO xmai_def_org_field VALUES ('20', '326', '0', '0');
INSERT INTO xmai_def_org_field VALUES ('20', '327', '0', '0');
INSERT INTO xmai_def_org_field VALUES ('20', '328', '0', '0');
INSERT INTO xmai_def_org_field VALUES ('20', '329', '0', '0');
INSERT INTO xmai_def_org_field VALUES ('20', '330', '0', '0');
INSERT INTO xmai_def_org_field VALUES ('20', '331', '0', '0');
INSERT INTO xmai_def_org_field VALUES ('20', '332', '0', '0');
INSERT INTO xmai_def_org_field VALUES ('20', '333', '0', '0');
INSERT INTO xmai_def_org_field VALUES ('20', '334', '0', '0');
INSERT INTO xmai_def_org_field VALUES ('20', '335', '0', '0');
INSERT INTO xmai_def_org_field VALUES ('20', '336', '0', '0');
INSERT INTO xmai_def_org_field VALUES ('20', '337', '0', '0');
INSERT INTO xmai_def_org_field VALUES ('20', '338', '0', '0');
INSERT INTO xmai_def_org_field VALUES ('20', '339', '0', '0');
INSERT INTO xmai_def_org_field VALUES ('20', '340', '0', '0');
INSERT INTO xmai_def_org_field VALUES ('20', '341', '0', '0');
INSERT INTO xmai_def_org_field VALUES ('20', '342', '0', '0');
INSERT INTO xmai_def_org_field VALUES ('20', '343', '0', '0');
INSERT INTO xmai_def_org_field VALUES ('20', '344', '0', '0');
INSERT INTO xmai_def_org_field VALUES ('20', '345', '0', '0');
INSERT INTO xmai_def_org_field VALUES ('20', '346', '0', '0');
INSERT INTO xmai_def_org_field VALUES ('20', '347', '0', '0');
INSERT INTO xmai_def_org_field VALUES ('20', '348', '0', '0');
INSERT INTO xmai_def_org_field VALUES ('20', '349', '0', '0');
INSERT INTO xmai_def_org_field VALUES ('20', '350', '0', '0');
INSERT INTO xmai_def_org_field VALUES ('21', '351', '0', '0');
INSERT INTO xmai_def_org_field VALUES ('21', '352', '0', '0');
INSERT INTO xmai_def_org_field VALUES ('21', '353', '0', '0');
INSERT INTO xmai_def_org_field VALUES ('21', '354', '0', '0');
INSERT INTO xmai_def_org_field VALUES ('21', '355', '0', '0');
INSERT INTO xmai_def_org_field VALUES ('21', '356', '0', '0');
INSERT INTO xmai_def_org_field VALUES ('21', '357', '0', '0');
INSERT INTO xmai_def_org_field VALUES ('21', '358', '0', '0');
INSERT INTO xmai_def_org_field VALUES ('21', '359', '0', '0');
INSERT INTO xmai_def_org_field VALUES ('21', '360', '0', '0');
INSERT INTO xmai_def_org_field VALUES ('21', '361', '0', '0');
INSERT INTO xmai_def_org_field VALUES ('21', '362', '0', '0');
INSERT INTO xmai_def_org_field VALUES ('21', '363', '0', '0');
INSERT INTO xmai_def_org_field VALUES ('21', '364', '0', '0');
INSERT INTO xmai_def_org_field VALUES ('21', '365', '0', '0');
INSERT INTO xmai_def_org_field VALUES ('21', '366', '0', '0');
INSERT INTO xmai_def_org_field VALUES ('21', '367', '0', '0');
INSERT INTO xmai_def_org_field VALUES ('21', '368', '0', '0');
INSERT INTO xmai_def_org_field VALUES ('21', '369', '0', '0');
INSERT INTO xmai_def_org_field VALUES ('21', '370', '0', '0');
INSERT INTO xmai_def_org_field VALUES ('21', '371', '0', '0');
INSERT INTO xmai_def_org_field VALUES ('21', '372', '0', '0');
INSERT INTO xmai_def_org_field VALUES ('21', '373', '0', '0');
INSERT INTO xmai_def_org_field VALUES ('21', '374', '0', '0');
INSERT INTO xmai_def_org_field VALUES ('21', '375', '0', '0');
INSERT INTO xmai_def_org_field VALUES ('21', '376', '0', '0');
INSERT INTO xmai_def_org_field VALUES ('21', '377', '0', '0');
INSERT INTO xmai_def_org_field VALUES ('21', '378', '0', '0');
INSERT INTO xmai_def_org_field VALUES ('21', '379', '0', '0');
INSERT INTO xmai_def_org_field VALUES ('21', '380', '0', '0');
INSERT INTO xmai_def_org_field VALUES ('21', '381', '0', '0');
INSERT INTO xmai_def_org_field VALUES ('21', '382', '0', '0');
INSERT INTO xmai_def_org_field VALUES ('21', '383', '0', '0');
INSERT INTO xmai_def_org_field VALUES ('21', '384', '0', '0');
INSERT INTO xmai_def_org_field VALUES ('21', '385', '0', '0');
INSERT INTO xmai_def_org_field VALUES ('21', '386', '0', '0');
INSERT INTO xmai_def_org_field VALUES ('21', '387', '0', '0');
INSERT INTO xmai_def_org_field VALUES ('21', '388', '0', '0');
INSERT INTO xmai_def_org_field VALUES ('22', '389', '0', '0');
INSERT INTO xmai_def_org_field VALUES ('22', '390', '0', '0');
INSERT INTO xmai_def_org_field VALUES ('22', '391', '0', '0');
INSERT INTO xmai_def_org_field VALUES ('22', '392', '0', '0');
INSERT INTO xmai_def_org_field VALUES ('22', '393', '0', '0');
INSERT INTO xmai_def_org_field VALUES ('22', '394', '0', '0');
INSERT INTO xmai_def_org_field VALUES ('22', '395', '0', '0');
INSERT INTO xmai_def_org_field VALUES ('22', '396', '0', '0');
INSERT INTO xmai_def_org_field VALUES ('22', '397', '0', '0');
INSERT INTO xmai_def_org_field VALUES ('22', '398', '0', '0');
INSERT INTO xmai_def_org_field VALUES ('22', '399', '0', '0');
INSERT INTO xmai_def_org_field VALUES ('22', '400', '0', '0');
INSERT INTO xmai_def_org_field VALUES ('22', '401', '0', '0');
INSERT INTO xmai_def_org_field VALUES ('22', '402', '0', '0');
INSERT INTO xmai_def_org_field VALUES ('22', '403', '0', '0');
INSERT INTO xmai_def_org_field VALUES ('22', '404', '0', '0');
INSERT INTO xmai_def_org_field VALUES ('22', '405', '0', '0');
INSERT INTO xmai_def_org_field VALUES ('22', '406', '0', '0');
INSERT INTO xmai_def_org_field VALUES ('22', '407', '0', '0');
INSERT INTO xmai_def_org_field VALUES ('22', '408', '0', '0');
INSERT INTO xmai_def_org_field VALUES ('22', '409', '0', '0');
INSERT INTO xmai_def_org_field VALUES ('22', '410', '0', '0');
INSERT INTO xmai_def_org_field VALUES ('22', '411', '0', '0');
INSERT INTO xmai_def_org_field VALUES ('22', '412', '0', '0');
INSERT INTO xmai_def_org_field VALUES ('22', '413', '0', '0');
INSERT INTO xmai_def_org_field VALUES ('22', '414', '0', '0');
INSERT INTO xmai_def_org_field VALUES ('22', '415', '0', '0');
INSERT INTO xmai_def_org_field VALUES ('22', '416', '0', '0');
INSERT INTO xmai_def_org_field VALUES ('22', '417', '0', '0');
INSERT INTO xmai_def_org_field VALUES ('22', '418', '0', '0');
INSERT INTO xmai_def_org_field VALUES ('22', '419', '0', '0');
INSERT INTO xmai_def_org_field VALUES ('22', '420', '0', '0');
INSERT INTO xmai_def_org_field VALUES ('22', '421', '0', '0');
INSERT INTO xmai_def_org_field VALUES ('22', '422', '0', '0');
INSERT INTO xmai_def_org_field VALUES ('22', '423', '0', '0');
INSERT INTO xmai_def_org_field VALUES ('22', '424', '0', '0');
INSERT INTO xmai_def_org_field VALUES ('22', '425', '0', '0');
INSERT INTO xmai_def_org_field VALUES ('22', '426', '0', '0');
INSERT INTO xmai_def_org_field VALUES ('22', '427', '0', '0');
INSERT INTO xmai_def_org_field VALUES ('22', '428', '0', '0');
INSERT INTO xmai_def_org_field VALUES ('22', '429', '0', '0');
INSERT INTO xmai_def_org_field VALUES ('22', '430', '0', '0');
INSERT INTO xmai_def_org_field VALUES ('22', '431', '0', '0');
INSERT INTO xmai_def_org_field VALUES ('22', '432', '0', '0');
INSERT INTO xmai_def_org_field VALUES ('22', '433', '0', '0');
INSERT INTO xmai_def_org_field VALUES ('22', '434', '0', '0');
INSERT INTO xmai_def_org_field VALUES ('22', '435', '0', '0');
INSERT INTO xmai_def_org_field VALUES ('23', '436', '0', '0');
INSERT INTO xmai_def_org_field VALUES ('23', '437', '0', '0');
INSERT INTO xmai_def_org_field VALUES ('23', '438', '0', '0');
INSERT INTO xmai_def_org_field VALUES ('23', '439', '0', '0');
INSERT INTO xmai_def_org_field VALUES ('23', '440', '0', '0');
INSERT INTO xmai_def_org_field VALUES ('23', '441', '0', '0');
INSERT INTO xmai_def_org_field VALUES ('23', '442', '0', '0');
INSERT INTO xmai_def_org_field VALUES ('23', '443', '0', '0');
INSERT INTO xmai_def_org_field VALUES ('23', '444', '0', '0');
INSERT INTO xmai_def_org_field VALUES ('23', '445', '0', '0');
INSERT INTO xmai_def_org_field VALUES ('23', '446', '0', '0');
INSERT INTO xmai_def_org_field VALUES ('23', '447', '0', '0');
INSERT INTO xmai_def_org_field VALUES ('23', '448', '0', '0');
INSERT INTO xmai_def_org_field VALUES ('23', '449', '0', '0');
INSERT INTO xmai_def_org_field VALUES ('23', '450', '0', '0');
INSERT INTO xmai_def_org_field VALUES ('23', '451', '0', '0');
INSERT INTO xmai_def_org_field VALUES ('23', '452', '0', '0');
INSERT INTO xmai_def_org_field VALUES ('23', '453', '0', '0');
INSERT INTO xmai_def_org_field VALUES ('23', '454', '0', '0');
INSERT INTO xmai_def_org_field VALUES ('23', '455', '0', '0');
INSERT INTO xmai_def_org_field VALUES ('23', '456', '0', '0');
INSERT INTO xmai_def_org_field VALUES ('23', '457', '0', '0');
INSERT INTO xmai_def_org_field VALUES ('23', '458', '0', '0');
INSERT INTO xmai_def_org_field VALUES ('23', '459', '0', '0');
INSERT INTO xmai_def_org_field VALUES ('23', '460', '0', '0');
INSERT INTO xmai_def_org_field VALUES ('23', '461', '0', '0');
INSERT INTO xmai_def_org_field VALUES ('23', '462', '0', '0');
INSERT INTO xmai_def_org_field VALUES ('23', '463', '0', '0');
INSERT INTO xmai_def_org_field VALUES ('23', '464', '0', '0');
INSERT INTO xmai_def_org_field VALUES ('23', '465', '0', '0');
INSERT INTO xmai_def_org_field VALUES ('23', '466', '0', '0');
INSERT INTO xmai_def_org_field VALUES ('23', '467', '0', '0');
INSERT INTO xmai_def_org_field VALUES ('23', '468', '0', '0');
INSERT INTO xmai_def_org_field VALUES ('23', '469', '0', '0');
INSERT INTO xmai_def_org_field VALUES ('23', '470', '0', '0');
INSERT INTO xmai_def_org_field VALUES ('23', '471', '0', '0');
INSERT INTO xmai_def_org_field VALUES ('23', '472', '0', '0');
INSERT INTO xmai_def_org_field VALUES ('23', '473', '0', '0');
INSERT INTO xmai_def_org_field VALUES ('23', '474', '0', '0');
INSERT INTO xmai_def_org_field VALUES ('10', '519', '0', '0');
INSERT INTO xmai_def_org_field VALUES ('10', '520', '0', '0');
INSERT INTO xmai_def_org_field VALUES ('10', '521', '0', '0');
INSERT INTO xmai_def_org_field VALUES ('10', '522', '0', '0');
INSERT INTO xmai_def_org_field VALUES ('10', '523', '0', '0');
INSERT INTO xmai_def_org_field VALUES ('10', '524', '0', '0');
INSERT INTO xmai_def_org_field VALUES ('36', '525', '0', '0');
INSERT INTO xmai_def_org_field VALUES ('36', '526', '0', '0');
INSERT INTO xmai_def_org_field VALUES ('36', '527', '0', '0');
INSERT INTO xmai_def_org_field VALUES ('36', '528', '0', '0');
INSERT INTO xmai_def_org_field VALUES ('37', '531', '0', '0');
INSERT INTO xmai_def_org_field VALUES ('37', '532', '0', '0');
INSERT INTO xmai_def_org_field VALUES ('37', '533', '0', '0');
INSERT INTO xmai_def_org_field VALUES ('37', '534', '0', '0');
INSERT INTO xmai_def_org_field VALUES ('37', '535', '0', '0');
INSERT INTO xmai_def_org_field VALUES ('37', '536', '0', '0');
INSERT INTO xmai_def_org_field VALUES ('37', '537', '0', '0');
INSERT INTO xmai_def_org_field VALUES ('37', '538', '0', '0');
INSERT INTO xmai_def_org_field VALUES ('37', '539', '0', '0');
INSERT INTO xmai_def_org_field VALUES ('37', '540', '0', '0');
INSERT INTO xmai_def_org_field VALUES ('37', '541', '0', '0');
INSERT INTO xmai_def_org_field VALUES ('37', '542', '0', '0');
INSERT INTO xmai_def_org_field VALUES ('37', '543', '0', '0');
INSERT INTO xmai_def_org_field VALUES ('37', '544', '0', '0');
INSERT INTO xmai_def_org_field VALUES ('37', '545', '0', '0');
INSERT INTO xmai_def_org_field VALUES ('37', '546', '0', '0');
INSERT INTO xmai_def_org_field VALUES ('37', '547', '0', '0');
INSERT INTO xmai_def_org_field VALUES ('37', '548', '0', '0');
INSERT INTO xmai_def_org_field VALUES ('37', '549', '0', '0');
INSERT INTO xmai_def_org_field VALUES ('38', '550', '0', '0');
INSERT INTO xmai_def_org_field VALUES ('38', '551', '0', '0');
INSERT INTO xmai_def_org_field VALUES ('38', '552', '0', '0');
INSERT INTO xmai_def_org_field VALUES ('38', '553', '0', '0');
INSERT INTO xmai_def_org_field VALUES ('38', '554', '0', '0');
INSERT INTO xmai_def_org_field VALUES ('38', '555', '0', '0');
INSERT INTO xmai_def_org_field VALUES ('38', '556', '0', '0');
INSERT INTO xmai_def_org_field VALUES ('38', '557', '0', '0');
INSERT INTO xmai_def_org_field VALUES ('38', '558', '0', '0');
INSERT INTO xmai_def_org_field VALUES ('38', '559', '0', '0');
INSERT INTO xmai_def_org_field VALUES ('38', '560', '0', '0');
INSERT INTO xmai_def_org_field VALUES ('38', '561', '0', '0');
INSERT INTO xmai_def_org_field VALUES ('38', '562', '0', '0');
INSERT INTO xmai_def_org_field VALUES ('38', '563', '0', '0');
INSERT INTO xmai_def_org_field VALUES ('38', '564', '0', '0');
INSERT INTO xmai_def_org_field VALUES ('38', '565', '0', '0');
INSERT INTO xmai_def_org_field VALUES ('38', '566', '0', '0');
INSERT INTO xmai_def_org_field VALUES ('38', '567', '0', '0');
INSERT INTO xmai_def_org_field VALUES ('38', '568', '0', '0');
INSERT INTO xmai_def_org_field VALUES ('41', '569', '0', '0');
INSERT INTO xmai_def_org_field VALUES ('41', '570', '0', '0');
INSERT INTO xmai_def_org_field VALUES ('41', '571', '0', '0');
INSERT INTO xmai_def_org_field VALUES ('41', '572', '0', '0');
INSERT INTO xmai_def_org_field VALUES ('41', '573', '0', '0');
INSERT INTO xmai_def_org_field VALUES ('41', '574', '0', '0');
INSERT INTO xmai_def_org_field VALUES ('41', '575', '0', '0');
INSERT INTO xmai_def_org_field VALUES ('41', '576', '0', '0');
INSERT INTO xmai_def_org_field VALUES ('41', '577', '0', '0');
INSERT INTO xmai_def_org_field VALUES ('41', '578', '0', '0');
INSERT INTO xmai_def_org_field VALUES ('41', '579', '0', '0');
INSERT INTO xmai_def_org_field VALUES ('41', '580', '0', '0');
INSERT INTO xmai_def_org_field VALUES ('41', '581', '0', '0');
INSERT INTO xmai_def_org_field VALUES ('41', '582', '0', '0');
INSERT INTO xmai_def_org_field VALUES ('41', '583', '0', '0');
INSERT INTO xmai_def_org_field VALUES ('41', '584', '0', '0');
INSERT INTO xmai_def_org_field VALUES ('41', '585', '0', '0');
INSERT INTO xmai_def_org_field VALUES ('45', '586', '0', '0');
INSERT INTO xmai_def_org_field VALUES ('45', '587', '0', '0');
INSERT INTO xmai_def_org_field VALUES ('45', '588', '0', '0');
INSERT INTO xmai_def_org_field VALUES ('45', '589', '0', '0');
INSERT INTO xmai_def_org_field VALUES ('45', '590', '0', '0');
INSERT INTO xmai_def_org_field VALUES ('45', '591', '0', '0');
INSERT INTO xmai_def_org_field VALUES ('45', '592', '0', '0');
INSERT INTO xmai_def_org_field VALUES ('46', '593', '0', '0');
INSERT INTO xmai_def_org_field VALUES ('46', '594', '0', '0');
INSERT INTO xmai_def_org_field VALUES ('46', '595', '0', '0');
INSERT INTO xmai_def_org_field VALUES ('46', '596', '0', '0');
INSERT INTO xmai_def_org_field VALUES ('46', '597', '0', '0');
INSERT INTO xmai_def_org_field VALUES ('46', '598', '0', '0');
INSERT INTO xmai_def_org_field VALUES ('46', '599', '0', '0');
INSERT INTO xmai_def_org_field VALUES ('46', '600', '0', '0');
INSERT INTO xmai_def_org_field VALUES ('46', '601', '0', '0');
INSERT INTO xmai_def_org_field VALUES ('46', '602', '0', '0');
INSERT INTO xmai_def_org_field VALUES ('47', '603', '0', '0');
INSERT INTO xmai_def_org_field VALUES ('47', '604', '0', '0');
INSERT INTO xmai_def_org_field VALUES ('47', '605', '0', '0');
INSERT INTO xmai_def_org_field VALUES ('47', '606', '0', '0');
INSERT INTO xmai_def_org_field VALUES ('47', '607', '0', '0');
INSERT INTO xmai_def_org_field VALUES ('47', '608', '0', '0');
INSERT INTO xmai_def_org_field VALUES ('47', '609', '0', '0');
INSERT INTO xmai_def_org_field VALUES ('47', '610', '0', '0');
INSERT INTO xmai_def_org_field VALUES ('47', '611', '0', '0');
INSERT INTO xmai_def_org_field VALUES ('47', '612', '0', '0');
INSERT INTO xmai_def_org_field VALUES ('47', '613', '0', '0');
INSERT INTO xmai_def_org_field VALUES ('47', '614', '0', '0');
INSERT INTO xmai_def_org_field VALUES ('47', '615', '0', '0');
INSERT INTO xmai_def_org_field VALUES ('47', '616', '0', '0');
INSERT INTO xmai_def_org_field VALUES ('47', '617', '0', '0');
INSERT INTO xmai_def_org_field VALUES ('48', '618', '0', '0');
INSERT INTO xmai_def_org_field VALUES ('48', '619', '0', '0');
INSERT INTO xmai_def_org_field VALUES ('48', '620', '0', '0');
INSERT INTO xmai_def_org_field VALUES ('48', '621', '0', '0');
INSERT INTO xmai_def_org_field VALUES ('48', '622', '0', '0');
INSERT INTO xmai_def_org_field VALUES ('48', '623', '0', '0');
INSERT INTO xmai_def_org_field VALUES ('48', '624', '0', '0');
INSERT INTO xmai_def_org_field VALUES ('48', '625', '0', '0');
INSERT INTO xmai_def_org_field VALUES ('48', '626', '0', '0');
INSERT INTO xmai_def_org_field VALUES ('48', '627', '0', '0');
INSERT INTO xmai_def_org_field VALUES ('48', '628', '0', '0');
INSERT INTO xmai_def_org_field VALUES ('48', '629', '0', '0');
INSERT INTO xmai_def_org_field VALUES ('48', '630', '0', '0');
INSERT INTO xmai_def_org_field VALUES ('48', '631', '0', '0');
INSERT INTO xmai_def_org_field VALUES ('48', '632', '0', '0');
INSERT INTO xmai_def_org_field VALUES ('48', '633', '0', '0');
INSERT INTO xmai_def_org_field VALUES ('48', '634', '0', '0');
INSERT INTO xmai_def_org_field VALUES ('50', '635', '0', '0');
INSERT INTO xmai_def_org_field VALUES ('50', '636', '0', '0');
INSERT INTO xmai_def_org_field VALUES ('50', '637', '0', '0');
INSERT INTO xmai_def_org_field VALUES ('50', '638', '0', '0');
INSERT INTO xmai_def_org_field VALUES ('50', '639', '0', '0');

-- ----------------------------
-- Table structure for `xmai_def_org_share`
-- ----------------------------
DROP TABLE IF EXISTS `xmai_def_org_share`;
CREATE TABLE `xmai_def_org_share` (
  `ruleid` int(11) NOT NULL auto_increment,
  `tabid` int(11) NOT NULL,
  `permission` int(19) default NULL,
  `editstatus` int(19) default NULL,
  PRIMARY KEY  (`ruleid`),
  KEY `fk_1_xmai_def_org_share` (`permission`),
  CONSTRAINT `fk_1_xmai_def_org_share` FOREIGN KEY (`permission`) REFERENCES `xmai_org_share_action_mapping` (`share_action_id`) ON DELETE CASCADE
) ENGINE=InnoDB AUTO_INCREMENT=24 DEFAULT CHARSET=utf8;

-- ----------------------------
-- Records of xmai_def_org_share
-- ----------------------------
INSERT INTO xmai_def_org_share VALUES ('1', '2', '2', '0');
INSERT INTO xmai_def_org_share VALUES ('2', '4', '2', '2');
INSERT INTO xmai_def_org_share VALUES ('3', '6', '2', '0');
INSERT INTO xmai_def_org_share VALUES ('4', '7', '2', '0');
INSERT INTO xmai_def_org_share VALUES ('5', '9', '3', '1');
INSERT INTO xmai_def_org_share VALUES ('6', '13', '2', '0');
INSERT INTO xmai_def_org_share VALUES ('7', '16', '3', '2');
INSERT INTO xmai_def_org_share VALUES ('8', '20', '2', '0');
INSERT INTO xmai_def_org_share VALUES ('9', '21', '2', '0');
INSERT INTO xmai_def_org_share VALUES ('10', '22', '2', '0');
INSERT INTO xmai_def_org_share VALUES ('11', '23', '2', '0');
INSERT INTO xmai_def_org_share VALUES ('12', '26', '2', '0');
INSERT INTO xmai_def_org_share VALUES ('13', '8', '2', '0');
INSERT INTO xmai_def_org_share VALUES ('14', '14', '2', '0');
INSERT INTO xmai_def_org_share VALUES ('15', '36', '3', '0');
INSERT INTO xmai_def_org_share VALUES ('16', '37', '2', '0');
INSERT INTO xmai_def_org_share VALUES ('17', '38', '2', '0');
INSERT INTO xmai_def_org_share VALUES ('18', '41', '2', '0');
INSERT INTO xmai_def_org_share VALUES ('19', '45', '2', '0');
INSERT INTO xmai_def_org_share VALUES ('20', '46', '2', '0');
INSERT INTO xmai_def_org_share VALUES ('21', '47', '2', '0');
INSERT INTO xmai_def_org_share VALUES ('22', '48', '2', '0');
INSERT INTO xmai_def_org_share VALUES ('23', '50', '2', '0');

-- ----------------------------
-- Table structure for `xmai_def_org_share_seq`
-- ----------------------------
DROP TABLE IF EXISTS `xmai_def_org_share_seq`;
CREATE TABLE `xmai_def_org_share_seq` (
  `id` int(11) NOT NULL
) ENGINE=MyISAM DEFAULT CHARSET=utf8;

-- ----------------------------
-- Records of xmai_def_org_share_seq
-- ----------------------------
INSERT INTO xmai_def_org_share_seq VALUES ('23');

-- ----------------------------
-- Table structure for `xmai_downloadpurpose`
-- ----------------------------
DROP TABLE IF EXISTS `xmai_downloadpurpose`;
CREATE TABLE `xmai_downloadpurpose` (
  `downloadpurposeid` int(19) NOT NULL auto_increment,
  `purpose` varchar(200) NOT NULL,
  `sortorderid` int(19) NOT NULL default '0',
  `presence` int(1) NOT NULL default '1',
  PRIMARY KEY  (`downloadpurposeid`),
  UNIQUE KEY `downloadpurpose_purpose_idx` (`purpose`)
) ENGINE=InnoDB DEFAULT CHARSET=utf8;

-- ----------------------------
-- Records of xmai_downloadpurpose
-- ----------------------------

-- ----------------------------
-- Table structure for `xmai_durationhrs`
-- ----------------------------
DROP TABLE IF EXISTS `xmai_durationhrs`;
CREATE TABLE `xmai_durationhrs` (
  `hrsid` int(19) NOT NULL auto_increment,
  `hrs` varchar(50) default NULL,
  `sortorderid` int(19) NOT NULL default '0',
  `presence` int(1) NOT NULL default '1',
  PRIMARY KEY  (`hrsid`)
) ENGINE=InnoDB DEFAULT CHARSET=utf8;

-- ----------------------------
-- Records of xmai_durationhrs
-- ----------------------------

-- ----------------------------
-- Table structure for `xmai_durationmins`
-- ----------------------------
DROP TABLE IF EXISTS `xmai_durationmins`;
CREATE TABLE `xmai_durationmins` (
  `minsid` int(19) NOT NULL auto_increment,
  `mins` varchar(50) default NULL,
  `sortorderid` int(19) NOT NULL default '0',
  `presence` int(1) NOT NULL default '1',
  PRIMARY KEY  (`minsid`)
) ENGINE=InnoDB DEFAULT CHARSET=utf8;

-- ----------------------------
-- Records of xmai_durationmins
-- ----------------------------

-- ----------------------------
-- Table structure for `xmai_duration_minutes`
-- ----------------------------
DROP TABLE IF EXISTS `xmai_duration_minutes`;
CREATE TABLE `xmai_duration_minutes` (
  `minutesid` int(19) NOT NULL auto_increment,
  `duration_minutes` varchar(200) NOT NULL,
  `sortorderid` int(19) NOT NULL default '0',
  `presence` int(1) NOT NULL default '1',
  PRIMARY KEY  (`minutesid`)
) ENGINE=InnoDB AUTO_INCREMENT=5 DEFAULT CHARSET=utf8;

-- ----------------------------
-- Records of xmai_duration_minutes
-- ----------------------------
INSERT INTO xmai_duration_minutes VALUES ('1', '00', '0', '1');
INSERT INTO xmai_duration_minutes VALUES ('2', '15', '1', '1');
INSERT INTO xmai_duration_minutes VALUES ('3', '30', '2', '1');
INSERT INTO xmai_duration_minutes VALUES ('4', '45', '3', '1');

-- ----------------------------
-- Table structure for `xmai_duration_minutes_seq`
-- ----------------------------
DROP TABLE IF EXISTS `xmai_duration_minutes_seq`;
CREATE TABLE `xmai_duration_minutes_seq` (
  `id` int(11) NOT NULL
) ENGINE=MyISAM DEFAULT CHARSET=utf8;

-- ----------------------------
-- Records of xmai_duration_minutes_seq
-- ----------------------------
INSERT INTO xmai_duration_minutes_seq VALUES ('4');

-- ----------------------------
-- Table structure for `xmai_emaildetails`
-- ----------------------------
DROP TABLE IF EXISTS `xmai_emaildetails`;
CREATE TABLE `xmai_emaildetails` (
  `emailid` int(19) NOT NULL,
  `from_email` varchar(50) NOT NULL default '',
  `to_email` text,
  `cc_email` text,
  `bcc_email` text,
  `assigned_user_email` varchar(50) NOT NULL default '',
  `idlists` text,
  `email_flag` varchar(50) NOT NULL default '',
  PRIMARY KEY  (`emailid`)
) ENGINE=InnoDB DEFAULT CHARSET=utf8;

-- ----------------------------
-- Records of xmai_emaildetails
-- ----------------------------
INSERT INTO xmai_emaildetails VALUES ('94', '458820281@qq.com', '[\"a@a.com\"]', '[\"\"]', '[\"\"]', '', '', '');
INSERT INTO xmai_emaildetails VALUES ('95', '458820281@qq.com', '[\"b@b.com\"]', '[\"\"]', '[\"\"]', '', '', '');
INSERT INTO xmai_emaildetails VALUES ('96', '458820281@qq.com', '[\"tester@testxmai.com\"]', '[\"\"]', '[\"\"]', '', '', '');
INSERT INTO xmai_emaildetails VALUES ('97', '458820281@qq.com', '[\"xanth@yaz.com\"]', '[\"\"]', '[\"\"]', '', '', '');
INSERT INTO xmai_emaildetails VALUES ('98', '458820281@qq.com', '[\"violet@bing.com\"]', '[\"\"]', '[\"\"]', '', '', '');

-- ----------------------------
-- Table structure for `xmai_emailtemplates`
-- ----------------------------
DROP TABLE IF EXISTS `xmai_emailtemplates`;
CREATE TABLE `xmai_emailtemplates` (
  `foldername` varchar(100) default NULL,
  `templatename` varchar(100) default NULL,
  `subject` varchar(100) default NULL,
  `description` text,
  `body` text,
  `deleted` int(1) NOT NULL default '0',
  `templateid` int(19) NOT NULL auto_increment,
  PRIMARY KEY  (`templateid`),
  KEY `emailtemplates_foldernamd_templatename_subject_idx` (`foldername`,`templatename`,`subject`)
) ENGINE=InnoDB AUTO_INCREMENT=13 DEFAULT CHARSET=utf8;

-- ----------------------------
-- Records of xmai_emailtemplates
-- ----------------------------
INSERT INTO xmai_emailtemplates VALUES ('Public', 'Announcement for Release', 'Announcement for Release', 'Announcement of a release', 'Hello!   <br />\n	<br />\n	On behalf of the xmai team,  I am pleased to announce the release of xmai crm4.2 . This is a feature packed release including the mass email template handling, custom view feature, xmai_reports feature and a host of other utilities. xmai runs on all platforms.    <br />\n        <br />\n	Notable Features of xmai are :   <br />\n	<br />\n	-Email Client Integration    <br />\n	-Trouble Ticket Integration   <br />\n	-Invoice Management Integration   <br />\n	-Reports Integration   <br />\n	-Portal Integration   <br />\n	-Enhanced Word Plugin Support   <br />\n	-Custom View Integration   <br />\n	<br />\n	Known Issues:   <br />\n	-ABCD   <br />\n	-EFGH   <br />\n	-IJKL   <br />\n	-MNOP   <br />\n	-QRST', '0', '1');
INSERT INTO xmai_emailtemplates VALUES ('Public', 'Pending Invoices', 'Invoices Pending', 'Payment Due', 'name <br />\nstreet, <br />\ncity, <br />\nstate, <br />\n zip) <br />\n  <br />\n Dear <br />\n <br />\n Please check the following invoices that are yet to be paid by you: <br />\n <br />\n No. Date      Amount <br />\n 1   1/1/01    $4000 <br />\n 2   2/2//01   $5000 <br />\n 3   3/3/01    $10000 <br />\n 4   7/4/01    $23560 <br />\n <br />\n Kindly let us know if there are any issues that you feel are pending to be discussed. <br />\n We will be more than happy to give you a call. <br />\n We would like to continue our business with you.', '0', '2');
INSERT INTO xmai_emailtemplates VALUES ('Public', 'Acceptance Proposal', 'Acceptance Proposal', 'Acceptance of Proposal', ' Dear <br />\n <br />\nYour proposal on the project XYZW has been reviewed by us <br />\nand is acceptable in its entirety. <br />\n <br />\nWe are eagerly looking forward to this project <br />\nand are pleased about having the opportunity to work <br />\ntogether. We look forward to a long standing relationship <br />\nwith your esteemed firm. <br />\n<br />\nI would like to take this opportunity to invite you <br />\nto a game of golf on Wednesday morning 9am at the <br />\nCuff Links Ground. We will be waiting for you in the <br />\nExecutive Lounge. <br />\n<br />\nLooking forward to seeing you there.', '0', '3');
INSERT INTO xmai_emailtemplates VALUES ('Public', 'Goods received acknowledgement', 'Goods received acknowledgement', 'Acknowledged Receipt of Goods', ' The undersigned hereby acknowledges receipt and delivery of the goods. <br />\nThe undersigned will release the payment subject to the goods being discovered not satisfactory. <br />\n<br />\nSigned under seal this <date>', '0', '4');
INSERT INTO xmai_emailtemplates VALUES ('Public', 'Accept Order', 'Accept Order', 'Acknowledgement/Acceptance of Order', ' Dear <br />\n         We are in receipt of your order as contained in the <br />\n   purchase order form.We consider this to be final and binding on both sides. <br />\nIf there be any exceptions noted, we shall consider them <br />\nonly if the objection is received within ten days of receipt of <br />\nthis notice. <br />\n <br />\nThank you for your patronage.', '0', '5');
INSERT INTO xmai_emailtemplates VALUES ('Public', 'Address Change', 'Change of Address', 'Address Change', 'Dear <br />\n <br />\nWe are relocating our office to <br />\n11111,XYZDEF Cross, <br />\nUVWWX Circle <br />\nThe telephone number for this new location is (101) 1212-1328. <br />\n<br />\nOur Manufacturing Division will continue operations <br />\nat 3250 Lovedale Square Avenue, in Frankfurt. <br />\n<br />\nWe hope to keep in touch with you all. <br />\nPlease update your addressbooks.', '0', '6');
INSERT INTO xmai_emailtemplates VALUES ('Public', 'Follow Up', 'Follow Up', 'Follow Up of meeting', 'Dear <br />\n<br />\nThank you for extending us the opportunity to meet with <br />\nyou and members of your staff. <br />\n<br />\nI know that John Doe serviced your account <br />\nfor many years and made many friends at your firm. He has personally <br />\ndiscussed with me the deep relationship that he had with your firm. <br />\nWhile his presence will be missed, I can promise that we will <br />\ncontinue to provide the fine service that was accorded by <br />\nJohn to your firm. <br />\n<br />\nI was genuinely touched to receive such fine hospitality. <br />\n<br />\nThank you once again.', '0', '7');
INSERT INTO xmai_emailtemplates VALUES ('Public', 'Target Crossed!', 'Target Crossed!', 'Fantastic Sales Spree!', 'Congratulations! <br />\n<br />\nThe numbers are in and I am proud to inform you that our <br />\ntotal sales for the previous quarter <br />\namounts to $100,000,00.00!. This is the first time <br />\nwe have exceeded the target by almost 30%. <br />\nWe have also beat the previous quarter record by a <br />\nwhopping 75%! <br />\n<br />\nLet us meet at Smoking Joe for a drink in the evening! <br />\n\nC you all there guys!', '0', '8');
INSERT INTO xmai_emailtemplates VALUES ('Public', 'Thanks Note', 'Thanks Note', 'Note of thanks', 'Dear <br />\n<br />\nThank you for your confidence in our ability to serve you. <br />\nWe are glad to be given the chance to serve you.I look <br />\nforward to establishing a long term partnership with you. <br />\nConsider me as a friend. <br />\nShould any need arise,please do give us a call.', '0', '9');
INSERT INTO xmai_emailtemplates VALUES ('Public', 'Customer Login Details', 'Customer Portal Login Details', 'Send Portal login details to customer', '<table width=\"700\" cellspacing=\"0\" cellpadding=\"0\" border=\"0\" align=\"center\" style=\"font-family: Arial,Helvetica,sans-serif; font-size: 12px; font-weight: normal; text-decoration: none; background-color: rgb(122, 122, 254);\">\n        <tr>\n            <td> </td>\n            <td> </td>\n            <td> </td>\n        </tr>\n        <tr>\n            <td> </td>\n            <td> </td>\n            <td> </td>\n        </tr>\n        <tr>\n            <td> </td>\n            <td> </td>\n            <td> </td>\n        </tr>\n        <tr>\n            <td width=\"50\"> </td>\n            <td>\n            <table width=\"100%\" cellspacing=\"0\" cellpadding=\"0\" border=\"0\">\n                    <tr>\n                        <td>\n                        <table width=\"100%\" cellspacing=\"0\" cellpadding=\"0\" border=\"0\" style=\"background-color: rgb(27, 77, 140); font-family: Arial,Helvetica,sans-serif; font-size: 14px; color: rgb(255, 255, 255); font-weight: normal; line-height: 25px;\">\n                                <tr>\n                                    <td align=\"center\" rowspan=\"4\">$logo$</td>\n                                    <td align=\"center\"> </td>\n                                </tr>\n                                <tr>\n                                    <td align=\"left\" style=\"background-color: rgb(27, 77, 140); font-family: Arial,Helvetica,sans-serif; font-size: 24px; color: rgb(255, 255, 255); font-weight: bolder; line-height: 35px;\">xmai CRM<br /> </td>\n                                </tr>\n                                <tr>\n                                    <td align=\"right\" style=\"padding-right: 100px;\">The honest Open Source CRM </td>\n                                </tr>\n                                <tr>\n                                    <td> </td>\n                                </tr>\n                        </table>\n                        </td>\n                    </tr>\n                    <tr>\n                        <td>\n                        <table width=\"100%\" cellspacing=\"0\" cellpadding=\"0\" border=\"0\" style=\"font-family: Arial,Helvetica,sans-serif; font-size: 12px; font-weight: normal; color: rgb(0, 0, 0); background-color: rgb(255, 255, 255);\">\n                                <tr>\n                                    <td valign=\"top\">\n                                    <table width=\"100%\" cellspacing=\"0\" cellpadding=\"5\" border=\"0\">\n                                            <tr>\n                                                <td align=\"right\" style=\"font-family: Arial,Helvetica,sans-serif; font-size: 12px; font-weight: bolder; text-decoration: none; color: rgb(66, 66, 253);\"> </td>\n                                            </tr>\n                                            <tr>\n                                                <td> </td>\n                                            </tr>\n                                            <tr>\n                                                <td style=\"font-family: Arial,Helvetica,sans-serif; font-size: 14px; color: rgb(22, 72, 134); font-weight: bolder; line-height: 15px;\">Dear $contact_name$, </td>\n                                            </tr>\n                                            <tr>\n                                                <td style=\"font-family: Arial,Helvetica,sans-serif; font-size: 12px; color: rgb(0, 0, 0); font-weight: normal; text-align: justify; line-height: 20px;\"> Thank you very much for subscribing to the xmai CRM - annual support service.<br />Here is your self service portal login details:</td>\n                                            </tr>\n                                            <tr>\n                                                <td align=\"center\">\n                                                <table width=\"75%\" cellspacing=\"0\" cellpadding=\"10\" border=\"0\" style=\"border: 2px solid rgb(180, 180, 179); background-color: rgb(226, 226, 225); font-family: Arial,Helvetica,sans-serif; font-size: 12px; color: rgb(0, 0, 0); font-weight: normal;\">\n                                                        <tr>\n                                                            <td><br />User ID     : <font color=\"#990000\"><strong> $login_name$</strong></font> </td>\n                                                        </tr>\n                                                        <tr>\n                                                            <td>Password: <font color=\"#990000\"><strong> $password$</strong></font> </td>\n                                                        </tr>\n                                                        <tr>\n                                                            <td align=\"center\"> <strong>  $URL$<br /> </strong> </td>\n                                                        </tr>\n                                                </table>\n                                                </td>\n                                            </tr>\n                                            <tr>\n                                                <td style=\"font-family: Arial,Helvetica,sans-serif; font-size: 12px; color: rgb(0, 0, 0); font-weight: normal; text-align: justify; line-height: 20px;\"><strong>NOTE:</strong> We suggest you to change your password after logging in first time. <br /><br /> <strong><u>Help Documentation</u></strong><br />  <br /> After logging in to xmai Self-service Portal first time, you can access the xmai CRM documents from the <strong>Documents</strong> tab. Following documents are available for your reference:<br />\n                                                <ul>\n                                                    <li>Installation Manual (Windows &amp; Linux OS)<br /> </li>\n                                                    <li>User &amp; Administrator Manual<br /> </li>\n                                                    <li>xmai Customer Portal - User Manual<br /> </li>\n                                                    <li>xmai Outlook Plugin - User Manual<br /> </li>\n                                                    <li>xmai Office Plug-in - User Manual<br /> </li>\n                                                    <li>xmai Thunderbird Extension - User Manual<br /> </li>\n                                                    <li>xmai Web Forms - User Manual<br /> </li>\n                                                    <li>xmai Firefox Tool bar - User Manual<br /> </li>\n                                                </ul>\n                                                <br />  <br /> <strong><u>Knowledge Base</u></strong><br /> <br /> Periodically we update frequently asked question based on our customer experiences. You can access the latest articles from the <strong>FAQ</strong> tab.<br /> <br /> <strong><u>xmai CRM - Details</u></strong><br /> <br /> Kindly let us know your current xmai CRM version and system specification so that we can provide you necessary guidelines to enhance your xmai CRM system performance. Based on your system specification we alert you about the latest security &amp; upgrade patches.<br />  <br />			 Thank you once again and wish you a wonderful experience with xmai CRM.<br /> </td>\n                                            </tr>\n                                            <tr>\n                                                <td align=\"right\"><strong style=\"padding: 2px; font-family: Arial,Helvetica,sans-serif; font-size: 12px; color: rgb(0, 0, 0); font-weight: bold;\"><br /><br />Best Regards</strong></td>\n                                            </tr>\n                                            <tr>\n                                                <td align=\"right\" style=\"font-family: Arial,Helvetica,sans-serif; font-size: 12px; color: rgb(0, 0, 0); font-weight: normal; line-height: 20px;\">$support_team$ </td>\n                                            </tr>\n                                            <tr>\n                                                <td align=\"right\"><a style=\"font-family: Arial,Helvetica,sans-serif; font-size: 12px; font-weight: bolder; text-decoration: none; color: rgb(66, 66, 253);\" href=\"http://www.xmai.com\">www.xmai.com</a></td>\n                                            </tr>\n                                            <tr>\n                                                <td> </td>\n                                            </tr>\n                                    </table>\n                                    </td>\n                                    <td width=\"1%\" valign=\"top\"> </td>\n                                </tr>\n                        </table>\n                        </td>\n                    </tr>\n                    <tr>\n                        <td>\n                        <table width=\"100%\" cellspacing=\"0\" cellpadding=\"5\" border=\"0\" style=\"font-family: Arial,Helvetica,sans-serif; font-size: 12px; color: rgb(255, 255, 255); font-weight: normal; line-height: 15px; background-color: rgb(51, 51, 51);\">\n                                <tr>\n                                    <td align=\"center\">Shree Narayana Complex, No 11 Sarathy Nagar, Vijaya Nagar , Velachery, Chennai - 600 042 India </td>\n                                </tr>\n                                <tr>\n                                    <td align=\"center\">Telephone No: +91 - 44 - 4202 - 1990     Toll Free No: +1 877 788 4437</td>\n                                </tr>\n                                <tr>\n                                    <td align=\"center\">Email Id: <a style=\"font-family: Arial,Helvetica,sans-serif; font-size: 12px; font-weight: bolder; text-decoration: none; color: rgb(255, 255, 255);\" href=\"mailto:support@xmai.com\">support@xmai.com</a></td>\n                                </tr>\n                        </table>\n                        </td>\n                    </tr>\n            </table>\n            </td>\n            <td width=\"50\"> </td>\n        </tr>\n        <tr>\n            <td> </td>\n            <td> </td>\n            <td> </td>\n        </tr>\n        <tr>\n            <td> </td>\n            <td> </td>\n            <td> </td>\n        </tr>\n        <tr>\n            <td> </td>\n            <td> </td>\n            <td> </td>\n        </tr>\n</table>', '0', '10');
INSERT INTO xmai_emailtemplates VALUES ('Public', 'Support end notification before a week', 'xmaiCRM Support Notification', 'Send Notification mail to customer before a week of support end date', '<table width=\"700\" cellspacing=\"0\" cellpadding=\"0\" border=\"0\" align=\"center\" style=\"font-family: Arial,Helvetica,sans-serif; font-size: 12px; font-weight: normal; text-decoration: none; background-color: rgb(122, 122, 254);\">\n        <tr>\n            <td> </td>\n            <td> </td>\n            <td> </td>\n        </tr>\n        <tr>\n            <td> </td>\n            <td> </td>\n            <td> </td>\n        </tr>\n        <tr>\n            <td> </td>\n            <td> </td>\n            <td> </td>\n        </tr>\n        <tr>\n            <td width=\"50\"> </td>\n            <td>\n            <table width=\"100%\" cellspacing=\"0\" cellpadding=\"0\" border=\"0\">\n                    <tr>\n                        <td>\n                        <table width=\"100%\" cellspacing=\"0\" cellpadding=\"0\" border=\"0\" style=\"background-color: rgb(27, 77, 140); font-family: Arial,Helvetica,sans-serif; font-size: 14px; color: rgb(255, 255, 255); font-weight: normal; line-height: 25px;\">\n                                <tr>\n                                    <td align=\"center\" rowspan=\"4\">$logo$</td>\n                                    <td align=\"center\"> </td>\n                                </tr>\n                                <tr>\n                                    <td align=\"left\" style=\"background-color: rgb(27, 77, 140); font-family: Arial,Helvetica,sans-serif; font-size: 24px; color: rgb(255, 255, 255); font-weight: bolder; line-height: 35px;\">xmai CRM </td>\n                                </tr>\n                                <tr>\n                                    <td align=\"right\" style=\"padding-right: 100px;\">The honest Open Source CRM </td>\n                                </tr>\n                                <tr>\n                                    <td> </td>\n                                </tr>\n                        </table>\n                        </td>\n                    </tr>\n                    <tr>\n                        <td>\n                        <table width=\"100%\" cellspacing=\"0\" cellpadding=\"0\" border=\"0\" style=\"font-family: Arial,Helvetica,sans-serif; font-size: 12px; font-weight: normal; color: rgb(0, 0, 0); background-color: rgb(255, 255, 255);\">\n                                <tr>\n                                    <td valign=\"top\">\n                                    <table width=\"100%\" cellspacing=\"0\" cellpadding=\"5\" border=\"0\">\n                                            <tr>\n                                                <td align=\"right\" style=\"font-family: Arial,Helvetica,sans-serif; font-size: 12px; font-weight: bolder; text-decoration: none; color: rgb(66, 66, 253);\"> </td>\n                                            </tr>\n                                            <tr>\n                                                <td> </td>\n                                            </tr>\n                                            <tr>\n                                                <td style=\"font-family: Arial,Helvetica,sans-serif; font-size: 14px; color: rgb(22, 72, 134); font-weight: bolder; line-height: 15px;\">Dear $contacts-lastname$, </td>\n                                            </tr>\n                                            <tr>\n                                                <td style=\"font-family: Arial,Helvetica,sans-serif; font-size: 12px; color: rgb(0, 0, 0); font-weight: normal; text-align: justify; line-height: 20px;\">This is just a notification mail regarding your support end.<br /><span style=\"font-weight: bold;\">Priority:</span> Urgent<br />Your Support is going to expire on next week<br />Please contact support@xmai.com.<br /><br /><br /></td>\n                                            </tr>\n                                            <tr>\n                                                <td align=\"center\"><br /></td>\n                                            </tr>\n                                            <tr>\n                                                <td align=\"right\"><strong style=\"padding: 2px; font-family: Arial,Helvetica,sans-serif; font-size: 12px; color: rgb(0, 0, 0); font-weight: bold;\"><br /><br />Sincerly</strong></td>\n                                            </tr>\n                                            <tr>\n                                                <td align=\"right\" style=\"font-family: Arial,Helvetica,sans-serif; font-size: 12px; color: rgb(0, 0, 0); font-weight: normal; line-height: 20px;\">Support Team </td>\n                                            </tr>\n                                            <tr>\n                                                <td align=\"right\"><a style=\"font-family: Arial,Helvetica,sans-serif; font-size: 12px; font-weight: bolder; text-decoration: none; color: rgb(66, 66, 253);\" href=\"http://www.xmai.com\">www.xmai.com</a></td>\n                                            </tr>\n                                            <tr>\n                                                <td> </td>\n                                            </tr>\n                                    </table>\n                                    </td>\n                                    <td width=\"1%\" valign=\"top\"> </td>\n                                </tr>\n                        </table>\n                        </td>\n                    </tr>\n                    <tr>\n                        <td>\n                        <table width=\"100%\" cellspacing=\"0\" cellpadding=\"5\" border=\"0\" style=\"font-family: Arial,Helvetica,sans-serif; font-size: 12px; color: rgb(255, 255, 255); font-weight: normal; line-height: 15px; background-color: rgb(51, 51, 51);\">\n                                <tr>\n                                    <td align=\"center\">Shree Narayana Complex, No 11 Sarathy Nagar, Vijaya Nagar , Velachery, Chennai - 600 042 India </td>\n                                </tr>\n                                <tr>\n                                    <td align=\"center\">Telephone No: +91 - 44 - 4202 - 1990     Toll Free No: +1 877 788 4437</td>\n                                </tr>\n                                <tr>\n                                    <td align=\"center\">Email Id: <a style=\"font-family: Arial,Helvetica,sans-serif; font-size: 12px; font-weight: bolder; text-decoration: none; color: rgb(255, 255, 255);\" href=\"mailto:info@xmai.com\">info@xmai.com</a></td>\n                                </tr>\n                        </table>\n                        </td>\n                    </tr>\n            </table>\n            </td>\n            <td width=\"50\"> </td>\n        </tr>\n        <tr>\n            <td> </td>\n            <td> </td>\n            <td> </td>\n        </tr>\n        <tr>\n            <td> </td>\n            <td> </td>\n            <td> </td>\n        </tr>\n        <tr>\n            <td> </td>\n            <td> </td>\n            <td> </td>\n        </tr>\n</table>', '0', '11');
INSERT INTO xmai_emailtemplates VALUES ('Public', 'Support end notification before a month', 'xmaiCRM Support Notification', 'Send Notification mail to customer before a month of support end date', '<table width=\"700\" cellspacing=\"0\" cellpadding=\"0\" border=\"0\" align=\"center\" style=\"font-family: Arial,Helvetica,sans-serif; font-size: 12px; font-weight: normal; text-decoration: none; background-color: rgb(122, 122, 254);\">\n        <tr>\n            <td> </td>\n            <td> </td>\n            <td> </td>\n        </tr>\n        <tr>\n            <td> </td>\n            <td> </td>\n            <td> </td>\n        </tr>\n        <tr>\n            <td> </td>\n            <td> </td>\n            <td> </td>\n        </tr>\n        <tr>\n            <td width=\"50\"> </td>\n            <td>\n            <table width=\"100%\" cellspacing=\"0\" cellpadding=\"0\" border=\"0\">\n                    <tr>\n                        <td>\n                        <table width=\"100%\" cellspacing=\"0\" cellpadding=\"0\" border=\"0\" style=\"background-color: rgb(27, 77, 140); font-family: Arial,Helvetica,sans-serif; font-size: 14px; color: rgb(255, 255, 255); font-weight: normal; line-height: 25px;\">\n                                <tr>\n                                    <td align=\"center\" rowspan=\"4\">$logo$</td>\n                                    <td align=\"center\"> </td>\n                                </tr>\n                                <tr>\n                                    <td align=\"left\" style=\"background-color: rgb(27, 77, 140); font-family: Arial,Helvetica,sans-serif; font-size: 24px; color: rgb(255, 255, 255); font-weight: bolder; line-height: 35px;\">xmai CRM </td>\n                                </tr>\n                                <tr>\n                                    <td align=\"right\" style=\"padding-right: 100px;\">The honest Open Source CRM </td>\n                                </tr>\n                                <tr>\n                                    <td> </td>\n                                </tr>\n                        </table>\n                        </td>\n                    </tr>\n                    <tr>\n                        <td>\n                        <table width=\"100%\" cellspacing=\"0\" cellpadding=\"0\" border=\"0\" style=\"font-family: Arial,Helvetica,sans-serif; font-size: 12px; font-weight: normal; color: rgb(0, 0, 0); background-color: rgb(255, 255, 255);\">\n                                <tr>\n                                    <td valign=\"top\">\n                                    <table width=\"100%\" cellspacing=\"0\" cellpadding=\"5\" border=\"0\">\n                                            <tr>\n                                                <td align=\"right\" style=\"font-family: Arial,Helvetica,sans-serif; font-size: 12px; font-weight: bolder; text-decoration: none; color: rgb(66, 66, 253);\"> </td>\n                                            </tr>\n                                            <tr>\n                                                <td> </td>\n                                            </tr>\n                                            <tr>\n                                                <td style=\"font-family: Arial,Helvetica,sans-serif; font-size: 14px; color: rgb(22, 72, 134); font-weight: bolder; line-height: 15px;\">Dear $contacts-lastname$, </td>\n                                            </tr>\n                                            <tr>\n                                                <td style=\"font-family: Arial,Helvetica,sans-serif; font-size: 12px; color: rgb(0, 0, 0); font-weight: normal; text-align: justify; line-height: 20px;\">This is just a notification mail regarding your support end.<br /><span style=\"font-weight: bold;\">Priority:</span> Normal<br />Your Support is going to expire on next month.<br />Please contact support@xmai.com<br /><br /><br /></td>\n                                            </tr>\n                                            <tr>\n                                                <td align=\"center\"><br /></td>\n                                            </tr>\n                                            <tr>\n                                                <td align=\"right\"><strong style=\"padding: 2px; font-family: Arial,Helvetica,sans-serif; font-size: 12px; color: rgb(0, 0, 0); font-weight: bold;\"><br /><br />Sincerly</strong></td>\n                                            </tr>\n                                            <tr>\n                                                <td align=\"right\" style=\"font-family: Arial,Helvetica,sans-serif; font-size: 12px; color: rgb(0, 0, 0); font-weight: normal; line-height: 20px;\">Support Team </td>\n                                            </tr>\n                                            <tr>\n                                                <td align=\"right\"><a href=\"http://www.xmai.com\" style=\"font-family: Arial,Helvetica,sans-serif; font-size: 12px; font-weight: bolder; text-decoration: none; color: rgb(66, 66, 253);\">www.xmai.com</a></td>\n                                            </tr>\n                                            <tr>\n                                                <td> </td>\n                                            </tr>\n                                    </table>\n                                    </td>\n                                    <td width=\"1%\" valign=\"top\"> </td>\n                                </tr>\n                        </table>\n                        </td>\n                    </tr>\n                    <tr>\n                        <td>\n                        <table width=\"100%\" cellspacing=\"0\" cellpadding=\"5\" border=\"0\" style=\"font-family: Arial,Helvetica,sans-serif; font-size: 12px; color: rgb(255, 255, 255); font-weight: normal; line-height: 15px; background-color: rgb(51, 51, 51);\">\n                                <tr>\n                                    <td align=\"center\">Shree Narayana Complex, No 11 Sarathy Nagar, Vijaya Nagar , Velachery, Chennai - 600 042 India </td>\n                                </tr>\n                                <tr>\n                                    <td align=\"center\">Telephone No: +91 - 44 - 4202 - 1990     Toll Free No: +1 877 788 4437</td>\n                                </tr>\n                                <tr>\n                                    <td align=\"center\">Email Id: <a href=\"mailto:info@xmai.com\" style=\"font-family: Arial,Helvetica,sans-serif; font-size: 12px; font-weight: bolder; text-decoration: none; color: rgb(255, 255, 255);\">info@xmai.com</a></td>\n                                </tr>\n                        </table>\n                        </td>\n                    </tr>\n            </table>\n            </td>\n            <td width=\"50\"> </td>\n        </tr>\n        <tr>\n            <td> </td>\n            <td> </td>\n            <td> </td>\n        </tr>\n        <tr>\n            <td> </td>\n            <td> </td>\n            <td> </td>\n        </tr>\n        <tr>\n            <td> </td>\n            <td> </td>\n            <td> </td>\n        </tr>\n</table>', '0', '12');

-- ----------------------------
-- Table structure for `xmai_emailtemplates_seq`
-- ----------------------------
DROP TABLE IF EXISTS `xmai_emailtemplates_seq`;
CREATE TABLE `xmai_emailtemplates_seq` (
  `id` int(11) NOT NULL
) ENGINE=MyISAM DEFAULT CHARSET=utf8;

-- ----------------------------
-- Records of xmai_emailtemplates_seq
-- ----------------------------
INSERT INTO xmai_emailtemplates_seq VALUES ('12');

-- ----------------------------
-- Table structure for `xmai_email_access`
-- ----------------------------
DROP TABLE IF EXISTS `xmai_email_access`;
CREATE TABLE `xmai_email_access` (
  `crmid` int(11) default NULL,
  `mailid` int(11) default NULL,
  `accessdate` date default NULL,
  `accesstime` datetime default NULL
) ENGINE=InnoDB DEFAULT CHARSET=utf8;

-- ----------------------------
-- Records of xmai_email_access
-- ----------------------------

-- ----------------------------
-- Table structure for `xmai_email_track`
-- ----------------------------
DROP TABLE IF EXISTS `xmai_email_track`;
CREATE TABLE `xmai_email_track` (
  `crmid` int(11) default NULL,
  `mailid` int(11) default NULL,
  `access_count` int(11) default NULL,
  UNIQUE KEY `link_tabidtype_idx` (`crmid`,`mailid`)
) ENGINE=InnoDB DEFAULT CHARSET=utf8;

-- ----------------------------
-- Records of xmai_email_track
-- ----------------------------

-- ----------------------------
-- Table structure for `xmai_entityname`
-- ----------------------------
DROP TABLE IF EXISTS `xmai_entityname`;
CREATE TABLE `xmai_entityname` (
  `tabid` int(19) NOT NULL default '0',
  `modulename` varchar(50) NOT NULL,
  `tablename` varchar(100) NOT NULL,
  `fieldname` varchar(150) NOT NULL,
  `entityidfield` varchar(150) NOT NULL,
  `entityidcolumn` varchar(150) NOT NULL,
  PRIMARY KEY  (`tabid`),
  KEY `entityname_tabid_idx` (`tabid`),
  CONSTRAINT `fk_1_xmai_entityname` FOREIGN KEY (`tabid`) REFERENCES `xmai_tab` (`tabid`) ON DELETE CASCADE
) ENGINE=InnoDB DEFAULT CHARSET=utf8;

-- ----------------------------
-- Records of xmai_entityname
-- ----------------------------
INSERT INTO xmai_entityname VALUES ('2', 'Potentials', 'xmai_potential', 'potentialname', 'potentialid', 'potential_id');
INSERT INTO xmai_entityname VALUES ('4', 'Contacts', 'xmai_contactdetails', 'firstname,lastname', 'contactid', 'contact_id');
INSERT INTO xmai_entityname VALUES ('6', 'Accounts', 'xmai_account', 'accountname', 'accountid', 'account_id');
INSERT INTO xmai_entityname VALUES ('7', 'Leads', 'xmai_leaddetails', 'firstname,lastname', 'leadid', 'leadid');
INSERT INTO xmai_entityname VALUES ('8', 'Documents', 'xmai_notes', 'title', 'notesid', 'notesid');
INSERT INTO xmai_entityname VALUES ('9', 'Calendar', 'xmai_activity', 'subject', 'activityid', 'activityid');
INSERT INTO xmai_entityname VALUES ('10', 'Emails', 'xmai_activity', 'subject', 'activityid', 'activityid');
INSERT INTO xmai_entityname VALUES ('13', 'HelpDesk', 'xmai_troubletickets', 'title', 'ticketid', 'ticketid');
INSERT INTO xmai_entityname VALUES ('14', 'Products', 'xmai_products', 'productname', 'productid', 'product_id');
INSERT INTO xmai_entityname VALUES ('15', 'Faq', 'xmai_faq', 'question', 'id', 'id');
INSERT INTO xmai_entityname VALUES ('18', 'Vendors', 'xmai_vendor', 'vendorname', 'vendorid', 'vendor_id');
INSERT INTO xmai_entityname VALUES ('19', 'PriceBooks', 'xmai_pricebook', 'bookname', 'pricebookid', 'pricebookid');
INSERT INTO xmai_entityname VALUES ('20', 'Quotes', 'xmai_quotes', 'subject', 'quoteid', 'quote_id');
INSERT INTO xmai_entityname VALUES ('21', 'PurchaseOrder', 'xmai_purchaseorder', 'subject', 'purchaseorderid', 'purchaseorderid');
INSERT INTO xmai_entityname VALUES ('22', 'SalesOrder', 'xmai_salesorder', 'subject', 'salesorderid', 'salesorder_id');
INSERT INTO xmai_entityname VALUES ('23', 'Invoice', 'xmai_invoice', 'subject', 'invoiceid', 'invoiceid');
INSERT INTO xmai_entityname VALUES ('26', 'Campaigns', 'xmai_campaign', 'campaignname', 'campaignid', 'campaignid');
INSERT INTO xmai_entityname VALUES ('29', 'Users', 'xmai_users', 'first_name,last_name', 'id', 'id');
INSERT INTO xmai_entityname VALUES ('36', 'PBXManager', 'xmai_pbxmanager', 'callfrom', 'pbxmanagerid', 'pbxmanagerid');
INSERT INTO xmai_entityname VALUES ('37', 'ServiceContracts', 'xmai_servicecontracts', 'subject', 'servicecontractsid', 'servicecontractsid');
INSERT INTO xmai_entityname VALUES ('38', 'Services', 'xmai_service', 'servicename', 'serviceid', 'serviceid');
INSERT INTO xmai_entityname VALUES ('41', 'Assets', 'xmai_assets', 'assetname', 'assetsid', 'assetsid');
INSERT INTO xmai_entityname VALUES ('45', 'ModComments', 'xmai_modcomments', 'commentcontent', 'modcommentsid', 'modcommentsid');
INSERT INTO xmai_entityname VALUES ('46', 'ProjectMilestone', 'xmai_projectmilestone', 'projectmilestonename', 'projectmilestoneid', 'projectmilestoneid');
INSERT INTO xmai_entityname VALUES ('47', 'ProjectTask', 'xmai_projecttask', 'projecttaskname', 'projecttaskid', 'projecttaskid');
INSERT INTO xmai_entityname VALUES ('48', 'Project', 'xmai_project', 'projectname', 'projectid', 'projectid');
INSERT INTO xmai_entityname VALUES ('50', 'SMSNotifier', 'xmai_smsnotifier', 'message', 'smsnotifierid', 'smsnotifierid');

-- ----------------------------
-- Table structure for `xmai_evaluationstatus`
-- ----------------------------
DROP TABLE IF EXISTS `xmai_evaluationstatus`;
CREATE TABLE `xmai_evaluationstatus` (
  `evalstatusid` int(19) NOT NULL auto_increment,
  `status` varchar(200) NOT NULL,
  `sortorderid` int(19) NOT NULL default '0',
  `presence` int(1) NOT NULL default '1',
  PRIMARY KEY  (`evalstatusid`),
  UNIQUE KEY `evaluationstatus_status_idx` (`status`)
) ENGINE=InnoDB DEFAULT CHARSET=utf8;

-- ----------------------------
-- Records of xmai_evaluationstatus
-- ----------------------------

-- ----------------------------
-- Table structure for `xmai_eventhandlers`
-- ----------------------------
DROP TABLE IF EXISTS `xmai_eventhandlers`;
CREATE TABLE `xmai_eventhandlers` (
  `eventhandler_id` int(11) NOT NULL auto_increment,
  `event_name` varchar(100) NOT NULL,
  `handler_path` varchar(400) NOT NULL,
  `handler_class` varchar(100) NOT NULL,
  `cond` text,
  `is_active` int(1) NOT NULL,
  `dependent_on` varchar(255) default '[]',
  PRIMARY KEY  (`eventhandler_id`,`event_name`,`handler_class`),
  UNIQUE KEY `eventhandler_idx` (`eventhandler_id`)
) ENGINE=InnoDB AUTO_INCREMENT=13 DEFAULT CHARSET=utf8;

-- ----------------------------
-- Records of xmai_eventhandlers
-- ----------------------------
INSERT INTO xmai_eventhandlers VALUES ('1', 'xmai.entity.aftersave', 'modules/SalesOrder/RecurringInvoiceHandler.php', 'RecurringInvoiceHandler', '', '1', '[]');
INSERT INTO xmai_eventhandlers VALUES ('2', 'xmai.entity.beforesave', 'data/VTEntityDelta.php', 'VTEntityDelta', '', '1', '[]');
INSERT INTO xmai_eventhandlers VALUES ('3', 'xmai.entity.aftersave', 'data/VTEntityDelta.php', 'VTEntityDelta', '', '1', '[]');
INSERT INTO xmai_eventhandlers VALUES ('4', 'xmai.entity.aftersave', 'modules/com_xmai_workflow/VTEventHandler.inc', 'VTWorkflowEventHandler', '', '1', '[\"VTEntityDelta\"]');
INSERT INTO xmai_eventhandlers VALUES ('5', 'xmai.entity.afterrestore', 'modules/com_xmai_workflow/VTEventHandler.inc', 'VTWorkflowEventHandler', '', '1', '[]');
INSERT INTO xmai_eventhandlers VALUES ('6', 'xmai.entity.aftersave.final', 'modules/HelpDesk/HelpDeskHandler.php', 'HelpDeskHandler', '', '1', '[]');
INSERT INTO xmai_eventhandlers VALUES ('7', 'xmai.entity.aftersave.final', 'modules/ModTracker/ModTrackerHandler.php', 'ModTrackerHandler', '', '1', '[]');
INSERT INTO xmai_eventhandlers VALUES ('8', 'xmai.entity.beforedelete', 'modules/ModTracker/ModTrackerHandler.php', 'ModTrackerHandler', '', '1', '[]');
INSERT INTO xmai_eventhandlers VALUES ('9', 'xmai.entity.beforesave', 'modules/ServiceContracts/ServiceContractsHandler.php', 'ServiceContractsHandler', '', '1', '[]');
INSERT INTO xmai_eventhandlers VALUES ('10', 'xmai.entity.aftersave', 'modules/ServiceContracts/ServiceContractsHandler.php', 'ServiceContractsHandler', '', '1', '[]');
INSERT INTO xmai_eventhandlers VALUES ('11', 'xmai.entity.aftersave', 'modules/WSAPP/WorkFlowHandlers/WSAPPAssignToTracker.php', 'WSAPPAssignToTracker', '', '1', '[\"VTEntityDelta\"]');
INSERT INTO xmai_eventhandlers VALUES ('12', 'xmai.entity.beforesave.modifiable', 'modules/FieldFormulas/VTFieldFormulasEventHandler.inc', 'VTFieldFormulasEventHandler', '', '1', '[]');

-- ----------------------------
-- Table structure for `xmai_eventhandlers_seq`
-- ----------------------------
DROP TABLE IF EXISTS `xmai_eventhandlers_seq`;
CREATE TABLE `xmai_eventhandlers_seq` (
  `id` int(11) NOT NULL
) ENGINE=MyISAM DEFAULT CHARSET=utf8;

-- ----------------------------
-- Records of xmai_eventhandlers_seq
-- ----------------------------
INSERT INTO xmai_eventhandlers_seq VALUES ('12');

-- ----------------------------
-- Table structure for `xmai_eventhandler_module`
-- ----------------------------
DROP TABLE IF EXISTS `xmai_eventhandler_module`;
CREATE TABLE `xmai_eventhandler_module` (
  `eventhandler_module_id` int(11) NOT NULL auto_increment,
  `module_name` varchar(100) default NULL,
  `handler_class` varchar(100) default NULL,
  PRIMARY KEY  (`eventhandler_module_id`)
) ENGINE=InnoDB AUTO_INCREMENT=4 DEFAULT CHARSET=utf8;

-- ----------------------------
-- Records of xmai_eventhandler_module
-- ----------------------------
INSERT INTO xmai_eventhandler_module VALUES ('1', 'ModTracker', 'ModTrackerHandler');
INSERT INTO xmai_eventhandler_module VALUES ('2', 'ServiceContracts', 'ServiceContractsHandler');
INSERT INTO xmai_eventhandler_module VALUES ('3', 'FieldFormulas', 'VTFieldFormulasEventHandler');

-- ----------------------------
-- Table structure for `xmai_eventhandler_module_seq`
-- ----------------------------
DROP TABLE IF EXISTS `xmai_eventhandler_module_seq`;
CREATE TABLE `xmai_eventhandler_module_seq` (
  `id` int(11) NOT NULL
) ENGINE=MyISAM DEFAULT CHARSET=utf8;

-- ----------------------------
-- Records of xmai_eventhandler_module_seq
-- ----------------------------
INSERT INTO xmai_eventhandler_module_seq VALUES ('3');

-- ----------------------------
-- Table structure for `xmai_eventstatus`
-- ----------------------------
DROP TABLE IF EXISTS `xmai_eventstatus`;
CREATE TABLE `xmai_eventstatus` (
  `eventstatusid` int(19) NOT NULL auto_increment,
  `eventstatus` varchar(200) NOT NULL,
  `presence` int(1) NOT NULL default '1',
  `picklist_valueid` int(19) NOT NULL default '0',
  PRIMARY KEY  (`eventstatusid`)
) ENGINE=InnoDB AUTO_INCREMENT=4 DEFAULT CHARSET=utf8;

-- ----------------------------
-- Records of xmai_eventstatus
-- ----------------------------
INSERT INTO xmai_eventstatus VALUES ('1', 'Planned', '0', '38');
INSERT INTO xmai_eventstatus VALUES ('2', 'Held', '0', '39');
INSERT INTO xmai_eventstatus VALUES ('3', 'Not Held', '0', '40');

-- ----------------------------
-- Table structure for `xmai_eventstatus_seq`
-- ----------------------------
DROP TABLE IF EXISTS `xmai_eventstatus_seq`;
CREATE TABLE `xmai_eventstatus_seq` (
  `id` int(11) NOT NULL
) ENGINE=MyISAM DEFAULT CHARSET=utf8;

-- ----------------------------
-- Records of xmai_eventstatus_seq
-- ----------------------------
INSERT INTO xmai_eventstatus_seq VALUES ('3');

-- ----------------------------
-- Table structure for `xmai_expectedresponse`
-- ----------------------------
DROP TABLE IF EXISTS `xmai_expectedresponse`;
CREATE TABLE `xmai_expectedresponse` (
  `expectedresponseid` int(19) NOT NULL auto_increment,
  `expectedresponse` varchar(200) NOT NULL,
  `presence` int(1) NOT NULL default '1',
  `picklist_valueid` int(19) NOT NULL default '0',
  PRIMARY KEY  (`expectedresponseid`),
  UNIQUE KEY `CampaignExpRes_UK01` (`expectedresponse`)
) ENGINE=InnoDB AUTO_INCREMENT=6 DEFAULT CHARSET=utf8;

-- ----------------------------
-- Records of xmai_expectedresponse
-- ----------------------------
INSERT INTO xmai_expectedresponse VALUES ('1', '--None--', '1', '41');
INSERT INTO xmai_expectedresponse VALUES ('2', 'Excellent', '1', '42');
INSERT INTO xmai_expectedresponse VALUES ('3', 'Good', '1', '43');
INSERT INTO xmai_expectedresponse VALUES ('4', 'Average', '1', '44');
INSERT INTO xmai_expectedresponse VALUES ('5', 'Poor', '1', '45');

-- ----------------------------
-- Table structure for `xmai_expectedresponse_seq`
-- ----------------------------
DROP TABLE IF EXISTS `xmai_expectedresponse_seq`;
CREATE TABLE `xmai_expectedresponse_seq` (
  `id` int(11) NOT NULL
) ENGINE=MyISAM DEFAULT CHARSET=utf8;

-- ----------------------------
-- Records of xmai_expectedresponse_seq
-- ----------------------------
INSERT INTO xmai_expectedresponse_seq VALUES ('5');

-- ----------------------------
-- Table structure for `xmai_faq`
-- ----------------------------
DROP TABLE IF EXISTS `xmai_faq`;
CREATE TABLE `xmai_faq` (
  `id` int(11) NOT NULL auto_increment,
  `faq_no` varchar(100) NOT NULL,
  `product_id` varchar(100) default NULL,
  `question` text,
  `answer` text,
  `category` varchar(200) NOT NULL,
  `status` varchar(200) NOT NULL,
  PRIMARY KEY  (`id`),
  KEY `faq_id_idx` (`id`),
  CONSTRAINT `fk_1_xmai_faq` FOREIGN KEY (`id`) REFERENCES `xmai_crmentity` (`crmid`) ON DELETE CASCADE
) ENGINE=InnoDB AUTO_INCREMENT=74 DEFAULT CHARSET=utf8;

-- ----------------------------
-- Records of xmai_faq
-- ----------------------------
INSERT INTO xmai_faq VALUES ('62', 'FAQ1', '52', 'How to migrate data from previous versions to the latest version?', 'Database migration scripts are available to migrate from the following versions:\n\n	1.0 to 2.0\n\n	2.0 to 2.1\n\n	2.1 to 3.0\n\n	3.0 to 3.2\n\n	3.2 to 4.0\n\n	4.0 to 4.0.1\n\n	4.0.1 to 4.2', 'General', 'Draft');
INSERT INTO xmai_faq VALUES ('63', 'FAQ2', '53', 'Error message: The file is damaged and could not be repaired.', 'The above error message is due to version incompatibility between FPDF and PHP5. Use PHP 4.3.X version', 'General', 'Reviewed');
INSERT INTO xmai_faq VALUES ('64', 'FAQ3', '54', 'A program is trying to access e-mail addresses you have stored in Outlook. Do you want to allow this? If this is unexpected, it may be a virus and you should choose No when trying to add Email to vitger CRM ', 'Published', 'General', 'Published');
INSERT INTO xmai_faq VALUES ('65', 'FAQ4', '55', 'When trying to merge a template with a contact, First I was asked allow installation of ActiveX control. I accepted. After it appears a message that it will not be installed because it can\'t verify the publisher. Do you have a workarround for this issue ?', 'The above error message is displayed if you have installed the Microsoft(R) Outlook(R) E-mail Security Update. Please refer to the following URL for complete details:\n\nhttp://support.microsoft.com/default.aspx?scid=kb%3BEN-US%3B263074\n\nIf you want to continue working with xmai Outlook Plug-in, select the Allow access for check box and select the time from drop-down box.', 'General', 'Draft');
INSERT INTO xmai_faq VALUES ('66', 'FAQ5', '56', ' Error message - please close all instances of word before using the xmai word plugin. Do I need to close all Word and Outlook instances first before I can reopen Word and sign in?', ' Since, xmaiCRM & all plugins are open source, it is not signed up with third party vendors and IE will ask to download even though the plugin are not signed.\n\nThis message if produced by Microsoft Windows XP. I English Windows XP with the SP2 and the last updates. I told IE to accept installation of the ActiveX, but after it, this message has appeared. Provably there is a place where to tall to WinXP to not validate if the code is signed... but I don\\\'t know where.\n\nIn IE from Tools->Internet Options->Security->Custom Level, there you can see various options for downloading plugins which are not signed and you can adjust according to your need, so relax your security settings for a while and give a try to xmai Office Plugin.', 'General', 'Reviewed');
INSERT INTO xmai_faq VALUES ('67', 'FAQ6', '57', 'How to migrate data from previous versions to the latest version?', 'Before modifying any templates, please ensure that you don\\\'t have any documents open and only one instance of word is available in your memory.', 'General', 'Draft');
INSERT INTO xmai_faq VALUES ('68', 'FAQ7', '58', 'A program is trying to access e-mail addresses you have stored in Outlook. Do you want to allow this? If this is unexpected, it may be a virus and you should choose No when trying to add Email to vitger CRM ', '', 'General', 'Reviewed');
INSERT INTO xmai_faq VALUES ('69', 'FAQ8', '59', ' Error message - please close all instances of word before using the xmai word plugin. Do I need to close all Word and Outlook instances first before I can reopen Word and sign in?', '', 'General', 'Draft');
INSERT INTO xmai_faq VALUES ('70', 'FAQ9', '60', 'Error message: The file is damaged and could not be repaired.', '', 'General', 'Reviewed');
INSERT INTO xmai_faq VALUES ('71', 'FAQ10', '61', 'When trying to merge a template with a contact, First I was asked allow installation of ActiveX control. I accepted. After it appears a message that it will not be installed because it can\'t verify the publisher. Do you have a workarround for this issue ?', '', 'General', 'Draft');
INSERT INTO xmai_faq VALUES ('72', 'FAQ11', '0', ' Error message - please close all instances of word before using the xmai word plugin. Do I need to close all Word and Outlook instances first before I can reopen Word and sign in?', '', 'General', 'Reviewed');
INSERT INTO xmai_faq VALUES ('73', 'FAQ12', '0', 'How to migrate data from previous versions to the latest version?', '', 'General', 'Draft');

-- ----------------------------
-- Table structure for `xmai_faqcategories`
-- ----------------------------
DROP TABLE IF EXISTS `xmai_faqcategories`;
CREATE TABLE `xmai_faqcategories` (
  `faqcategories_id` int(19) NOT NULL auto_increment,
  `faqcategories` varchar(200) default NULL,
  `presence` int(1) NOT NULL default '1',
  `picklist_valueid` int(19) NOT NULL default '0',
  PRIMARY KEY  (`faqcategories_id`)
) ENGINE=InnoDB AUTO_INCREMENT=2 DEFAULT CHARSET=utf8;

-- ----------------------------
-- Records of xmai_faqcategories
-- ----------------------------
INSERT INTO xmai_faqcategories VALUES ('1', 'General', '1', '46');

-- ----------------------------
-- Table structure for `xmai_faqcategories_seq`
-- ----------------------------
DROP TABLE IF EXISTS `xmai_faqcategories_seq`;
CREATE TABLE `xmai_faqcategories_seq` (
  `id` int(11) NOT NULL
) ENGINE=MyISAM DEFAULT CHARSET=utf8;

-- ----------------------------
-- Records of xmai_faqcategories_seq
-- ----------------------------
INSERT INTO xmai_faqcategories_seq VALUES ('1');

-- ----------------------------
-- Table structure for `xmai_faqcomments`
-- ----------------------------
DROP TABLE IF EXISTS `xmai_faqcomments`;
CREATE TABLE `xmai_faqcomments` (
  `commentid` int(19) NOT NULL auto_increment,
  `faqid` int(19) default NULL,
  `comments` text,
  `createdtime` datetime NOT NULL,
  PRIMARY KEY  (`commentid`),
  KEY `faqcomments_faqid_idx` (`faqid`),
  CONSTRAINT `fk_1_xmai_faqcomments` FOREIGN KEY (`faqid`) REFERENCES `xmai_faq` (`id`) ON DELETE CASCADE
) ENGINE=InnoDB DEFAULT CHARSET=utf8;

-- ----------------------------
-- Records of xmai_faqcomments
-- ----------------------------

-- ----------------------------
-- Table structure for `xmai_faqstatus`
-- ----------------------------
DROP TABLE IF EXISTS `xmai_faqstatus`;
CREATE TABLE `xmai_faqstatus` (
  `faqstatus_id` int(19) NOT NULL auto_increment,
  `faqstatus` varchar(200) default NULL,
  `presence` int(1) NOT NULL default '1',
  `picklist_valueid` int(19) NOT NULL default '0',
  PRIMARY KEY  (`faqstatus_id`)
) ENGINE=InnoDB AUTO_INCREMENT=5 DEFAULT CHARSET=utf8;

-- ----------------------------
-- Records of xmai_faqstatus
-- ----------------------------
INSERT INTO xmai_faqstatus VALUES ('1', 'Draft', '0', '47');
INSERT INTO xmai_faqstatus VALUES ('2', 'Reviewed', '0', '48');
INSERT INTO xmai_faqstatus VALUES ('3', 'Published', '0', '49');
INSERT INTO xmai_faqstatus VALUES ('4', 'Obsolete', '0', '50');

-- ----------------------------
-- Table structure for `xmai_faqstatus_seq`
-- ----------------------------
DROP TABLE IF EXISTS `xmai_faqstatus_seq`;
CREATE TABLE `xmai_faqstatus_seq` (
  `id` int(11) NOT NULL
) ENGINE=MyISAM DEFAULT CHARSET=utf8;

-- ----------------------------
-- Records of xmai_faqstatus_seq
-- ----------------------------
INSERT INTO xmai_faqstatus_seq VALUES ('4');

-- ----------------------------
-- Table structure for `xmai_field`
-- ----------------------------
DROP TABLE IF EXISTS `xmai_field`;
CREATE TABLE `xmai_field` (
  `tabid` int(19) NOT NULL,
  `fieldid` int(19) NOT NULL auto_increment,
  `columnname` varchar(30) NOT NULL,
  `tablename` varchar(50) NOT NULL,
  `generatedtype` int(19) NOT NULL default '0',
  `uitype` varchar(30) NOT NULL,
  `fieldname` varchar(50) NOT NULL,
  `fieldlabel` varchar(50) NOT NULL,
  `readonly` int(1) NOT NULL,
  `presence` int(19) NOT NULL default '1',
  `defaultvalue` text,
  `maximumlength` int(19) default NULL,
  `sequence` int(19) default NULL,
  `block` int(19) default NULL,
  `displaytype` int(19) default NULL,
  `typeofdata` varchar(100) default NULL,
  `quickcreate` int(10) NOT NULL default '1',
  `quickcreatesequence` int(19) default NULL,
  `info_type` varchar(20) default NULL,
  `masseditable` int(10) NOT NULL default '1',
  `helpinfo` text,
  PRIMARY KEY  (`fieldid`),
  KEY `field_tabid_idx` (`tabid`),
  KEY `field_fieldname_idx` (`fieldname`),
  KEY `field_block_idx` (`block`),
  KEY `field_displaytype_idx` (`displaytype`),
  CONSTRAINT `fk_1_xmai_field` FOREIGN KEY (`tabid`) REFERENCES `xmai_tab` (`tabid`) ON DELETE CASCADE
) ENGINE=InnoDB AUTO_INCREMENT=640 DEFAULT CHARSET=utf8;

-- ----------------------------
-- Records of xmai_field
-- ----------------------------
INSERT INTO xmai_field VALUES ('6', '1', 'accountname', 'xmai_account', '1', '2', 'accountname', 'Account Name', '1', '0', '', '100', '1', '9', '1', 'V~M', '0', '1', 'BAS', '0', null);
INSERT INTO xmai_field VALUES ('6', '2', 'account_no', 'xmai_account', '1', '4', 'account_no', 'Account No', '1', '0', '', '100', '2', '9', '1', 'V~O', '3', null, 'BAS', '0', null);
INSERT INTO xmai_field VALUES ('6', '3', 'phone', 'xmai_account', '1', '11', 'phone', 'Phone', '1', '2', '', '100', '4', '9', '1', 'V~O', '2', '2', 'BAS', '1', null);
INSERT INTO xmai_field VALUES ('6', '4', 'website', 'xmai_account', '1', '17', 'website', 'Website', '1', '2', '', '100', '3', '9', '1', 'V~O', '2', '3', 'BAS', '1', null);
INSERT INTO xmai_field VALUES ('6', '5', 'fax', 'xmai_account', '1', '11', 'fax', 'Fax', '1', '2', '', '100', '6', '9', '1', 'V~O', '1', null, 'BAS', '1', null);
INSERT INTO xmai_field VALUES ('6', '6', 'tickersymbol', 'xmai_account', '1', '1', 'tickersymbol', 'Ticker Symbol', '1', '2', '', '100', '5', '9', '1', 'V~O', '1', null, 'BAS', '1', null);
INSERT INTO xmai_field VALUES ('6', '7', 'otherphone', 'xmai_account', '1', '11', 'otherphone', 'Other Phone', '1', '2', '', '100', '8', '9', '1', 'V~O', '1', null, 'ADV', '1', null);
INSERT INTO xmai_field VALUES ('6', '8', 'parentid', 'xmai_account', '1', '51', 'account_id', 'Member Of', '1', '2', '', '100', '7', '9', '1', 'I~O', '1', null, 'BAS', '0', null);
INSERT INTO xmai_field VALUES ('6', '9', 'email1', 'xmai_account', '1', '13', 'email1', 'Email', '1', '2', '', '100', '10', '9', '1', 'E~O', '1', null, 'BAS', '1', null);
INSERT INTO xmai_field VALUES ('6', '10', 'employees', 'xmai_account', '1', '7', 'employees', 'Employees', '1', '2', '', '100', '9', '9', '1', 'I~O', '1', null, 'ADV', '1', null);
INSERT INTO xmai_field VALUES ('6', '11', 'email2', 'xmai_account', '1', '13', 'email2', 'Other Email', '1', '2', '', '100', '11', '9', '1', 'E~O', '1', null, 'ADV', '1', null);
INSERT INTO xmai_field VALUES ('6', '12', 'ownership', 'xmai_account', '1', '1', 'ownership', 'Ownership', '1', '2', '', '100', '12', '9', '1', 'V~O', '1', null, 'ADV', '1', null);
INSERT INTO xmai_field VALUES ('6', '13', 'rating', 'xmai_account', '1', '15', 'rating', 'Rating', '1', '2', '', '100', '14', '9', '1', 'V~O', '1', null, 'ADV', '1', null);
INSERT INTO xmai_field VALUES ('6', '14', 'industry', 'xmai_account', '1', '15', 'industry', 'industry', '1', '2', '', '100', '13', '9', '1', 'V~O', '1', null, 'ADV', '1', null);
INSERT INTO xmai_field VALUES ('6', '15', 'siccode', 'xmai_account', '1', '1', 'siccode', 'SIC Code', '1', '2', '', '100', '16', '9', '1', 'V~O', '1', null, 'ADV', '1', null);
INSERT INTO xmai_field VALUES ('6', '16', 'account_type', 'xmai_account', '1', '15', 'accounttype', 'Type', '1', '2', '', '100', '15', '9', '1', 'V~O', '1', null, 'ADV', '1', null);
INSERT INTO xmai_field VALUES ('6', '17', 'annualrevenue', 'xmai_account', '1', '71', 'annual_revenue', 'Annual Revenue', '1', '2', '', '100', '18', '9', '1', 'I~O', '1', null, 'ADV', '1', null);
INSERT INTO xmai_field VALUES ('6', '18', 'emailoptout', 'xmai_account', '1', '56', 'emailoptout', 'Email Opt Out', '1', '2', '', '100', '17', '9', '1', 'C~O', '1', null, 'ADV', '1', null);
INSERT INTO xmai_field VALUES ('6', '19', 'notify_owner', 'xmai_account', '1', '56', 'notify_owner', 'Notify Owner', '1', '2', '', '10', '20', '9', '1', 'C~O', '1', null, 'ADV', '1', null);
INSERT INTO xmai_field VALUES ('6', '20', 'smownerid', 'xmai_crmentity', '1', '53', 'assigned_user_id', 'Assigned To', '1', '0', '', '100', '19', '9', '1', 'V~M', '0', '4', 'BAS', '1', null);
INSERT INTO xmai_field VALUES ('6', '21', 'createdtime', 'xmai_crmentity', '1', '70', 'createdtime', 'Created Time', '1', '0', '', '100', '22', '9', '2', 'DT~O', '3', null, 'BAS', '0', null);
INSERT INTO xmai_field VALUES ('6', '22', 'modifiedtime', 'xmai_crmentity', '1', '70', 'modifiedtime', 'Modified Time', '1', '0', '', '100', '21', '9', '2', 'DT~O', '3', null, 'BAS', '0', null);
INSERT INTO xmai_field VALUES ('6', '23', 'modifiedby', 'xmai_crmentity', '1', '52', 'modifiedby', 'Last Modified By', '1', '0', '', '100', '23', '9', '3', 'V~O', '3', null, 'BAS', '0', null);
INSERT INTO xmai_field VALUES ('6', '24', 'bill_street', 'xmai_accountbillads', '1', '21', 'bill_street', 'Billing Address', '1', '2', '', '100', '1', '11', '1', 'V~O', '1', null, 'BAS', '1', null);
INSERT INTO xmai_field VALUES ('6', '25', 'ship_street', 'xmai_accountshipads', '1', '21', 'ship_street', 'Shipping Address', '1', '2', '', '100', '2', '11', '1', 'V~O', '1', null, 'BAS', '1', null);
INSERT INTO xmai_field VALUES ('6', '26', 'bill_city', 'xmai_accountbillads', '1', '1', 'bill_city', 'Billing City', '1', '2', '', '100', '5', '11', '1', 'V~O', '1', null, 'BAS', '1', null);
INSERT INTO xmai_field VALUES ('6', '27', 'ship_city', 'xmai_accountshipads', '1', '1', 'ship_city', 'Shipping City', '1', '2', '', '100', '6', '11', '1', 'V~O', '1', null, 'BAS', '1', null);
INSERT INTO xmai_field VALUES ('6', '28', 'bill_state', 'xmai_accountbillads', '1', '1', 'bill_state', 'Billing State', '1', '2', '', '100', '7', '11', '1', 'V~O', '1', null, 'BAS', '1', null);
INSERT INTO xmai_field VALUES ('6', '29', 'ship_state', 'xmai_accountshipads', '1', '1', 'ship_state', 'Shipping State', '1', '2', '', '100', '8', '11', '1', 'V~O', '1', null, 'BAS', '1', null);
INSERT INTO xmai_field VALUES ('6', '30', 'bill_code', 'xmai_accountbillads', '1', '1', 'bill_code', 'Billing Code', '1', '2', '', '100', '9', '11', '1', 'V~O', '1', null, 'BAS', '1', null);
INSERT INTO xmai_field VALUES ('6', '31', 'ship_code', 'xmai_accountshipads', '1', '1', 'ship_code', 'Shipping Code', '1', '2', '', '100', '10', '11', '1', 'V~O', '1', null, 'BAS', '1', null);
INSERT INTO xmai_field VALUES ('6', '32', 'bill_country', 'xmai_accountbillads', '1', '1', 'bill_country', 'Billing Country', '1', '2', '', '100', '11', '11', '1', 'V~O', '1', null, 'BAS', '1', null);
INSERT INTO xmai_field VALUES ('6', '33', 'ship_country', 'xmai_accountshipads', '1', '1', 'ship_country', 'Shipping Country', '1', '2', '', '100', '12', '11', '1', 'V~O', '1', null, 'BAS', '1', null);
INSERT INTO xmai_field VALUES ('6', '34', 'bill_pobox', 'xmai_accountbillads', '1', '1', 'bill_pobox', 'Billing Po Box', '1', '2', '', '100', '3', '11', '1', 'V~O', '1', null, 'BAS', '1', null);
INSERT INTO xmai_field VALUES ('6', '35', 'ship_pobox', 'xmai_accountshipads', '1', '1', 'ship_pobox', 'Shipping Po Box', '1', '2', '', '100', '4', '11', '1', 'V~O', '1', null, 'BAS', '1', null);
INSERT INTO xmai_field VALUES ('6', '36', 'description', 'xmai_crmentity', '1', '19', 'description', 'Description', '1', '2', '', '100', '1', '12', '1', 'V~O', '1', null, 'BAS', '1', null);
INSERT INTO xmai_field VALUES ('7', '37', 'salutation', 'xmai_leaddetails', '1', '55', 'salutationtype', 'Salutation', '1', '0', '', '100', '1', '13', '3', 'V~O', '1', null, 'BAS', '1', null);
INSERT INTO xmai_field VALUES ('7', '38', 'firstname', 'xmai_leaddetails', '1', '55', 'firstname', 'First Name', '1', '0', '', '100', '2', '13', '1', 'V~O', '2', '1', 'BAS', '1', null);
INSERT INTO xmai_field VALUES ('7', '39', 'lead_no', 'xmai_leaddetails', '1', '4', 'lead_no', 'Lead No', '1', '0', '', '100', '3', '13', '1', 'V~O', '3', null, 'BAS', '0', null);
INSERT INTO xmai_field VALUES ('7', '40', 'phone', 'xmai_leadaddress', '1', '11', 'phone', 'Phone', '1', '2', '', '100', '5', '13', '1', 'V~O', '2', '4', 'BAS', '1', null);
INSERT INTO xmai_field VALUES ('7', '41', 'lastname', 'xmai_leaddetails', '1', '255', 'lastname', 'Last Name', '1', '0', '', '100', '4', '13', '1', 'V~M', '0', '2', 'BAS', '1', null);
INSERT INTO xmai_field VALUES ('7', '42', 'mobile', 'xmai_leadaddress', '1', '11', 'mobile', 'Mobile', '1', '2', '', '100', '7', '13', '1', 'V~O', '1', null, 'BAS', '1', null);
INSERT INTO xmai_field VALUES ('7', '43', 'company', 'xmai_leaddetails', '1', '2', 'company', 'Company', '1', '2', '', '100', '6', '13', '1', 'V~M', '2', '3', 'BAS', '1', null);
INSERT INTO xmai_field VALUES ('7', '44', 'fax', 'xmai_leadaddress', '1', '11', 'fax', 'Fax', '1', '2', '', '100', '9', '13', '1', 'V~O', '1', null, 'BAS', '1', null);
INSERT INTO xmai_field VALUES ('7', '45', 'designation', 'xmai_leaddetails', '1', '1', 'designation', 'Designation', '1', '2', '', '100', '8', '13', '1', 'V~O', '1', null, 'BAS', '1', null);
INSERT INTO xmai_field VALUES ('7', '46', 'email', 'xmai_leaddetails', '1', '13', 'email', 'Email', '1', '2', '', '100', '11', '13', '1', 'E~O', '2', '5', 'BAS', '1', null);
INSERT INTO xmai_field VALUES ('7', '47', 'leadsource', 'xmai_leaddetails', '1', '15', 'leadsource', 'Lead Source', '1', '2', '', '100', '10', '13', '1', 'V~O', '1', null, 'BAS', '1', null);
INSERT INTO xmai_field VALUES ('7', '48', 'website', 'xmai_leadsubdetails', '1', '17', 'website', 'Website', '1', '2', '', '100', '13', '13', '1', 'V~O', '1', null, 'ADV', '1', null);
INSERT INTO xmai_field VALUES ('7', '49', 'industry', 'xmai_leaddetails', '1', '15', 'industry', 'Industry', '1', '2', '', '100', '12', '13', '1', 'V~O', '1', null, 'ADV', '1', null);
INSERT INTO xmai_field VALUES ('7', '50', 'leadstatus', 'xmai_leaddetails', '1', '15', 'leadstatus', 'Lead Status', '1', '2', '', '100', '15', '13', '1', 'V~O', '1', null, 'BAS', '1', null);
INSERT INTO xmai_field VALUES ('7', '51', 'annualrevenue', 'xmai_leaddetails', '1', '71', 'annualrevenue', 'Annual Revenue', '1', '2', '', '100', '14', '13', '1', 'I~O', '1', null, 'ADV', '1', null);
INSERT INTO xmai_field VALUES ('7', '52', 'rating', 'xmai_leaddetails', '1', '15', 'rating', 'Rating', '1', '2', '', '100', '17', '13', '1', 'V~O', '1', null, 'ADV', '1', null);
INSERT INTO xmai_field VALUES ('7', '53', 'noofemployees', 'xmai_leaddetails', '1', '1', 'noofemployees', 'No Of Employees', '1', '2', '', '100', '16', '13', '1', 'I~O', '1', null, 'ADV', '1', null);
INSERT INTO xmai_field VALUES ('7', '54', 'smownerid', 'xmai_crmentity', '1', '53', 'assigned_user_id', 'Assigned To', '1', '0', '', '100', '19', '13', '1', 'V~M', '0', '6', 'BAS', '1', null);
INSERT INTO xmai_field VALUES ('7', '55', 'secondaryemail', 'xmai_leaddetails', '1', '13', 'secondaryemail', 'Secondary Email', '1', '2', '', '100', '18', '13', '1', 'E~O', '1', null, 'ADV', '1', null);
INSERT INTO xmai_field VALUES ('7', '56', 'createdtime', 'xmai_crmentity', '1', '70', 'createdtime', 'Created Time', '1', '0', '', '100', '21', '13', '2', 'DT~O', '3', null, 'BAS', '0', null);
INSERT INTO xmai_field VALUES ('7', '57', 'modifiedtime', 'xmai_crmentity', '1', '70', 'modifiedtime', 'Modified Time', '1', '0', '', '100', '20', '13', '2', 'DT~O', '3', null, 'BAS', '0', null);
INSERT INTO xmai_field VALUES ('7', '58', 'modifiedby', 'xmai_crmentity', '1', '52', 'modifiedby', 'Last Modified By', '1', '0', '', '100', '23', '13', '3', 'V~O', '3', null, 'BAS', '0', null);
INSERT INTO xmai_field VALUES ('7', '59', 'lane', 'xmai_leadaddress', '1', '21', 'lane', 'Street', '1', '2', '', '100', '1', '15', '1', 'V~O', '1', null, 'BAS', '1', null);
INSERT INTO xmai_field VALUES ('7', '60', 'code', 'xmai_leadaddress', '1', '1', 'code', 'Postal Code', '1', '2', '', '100', '3', '15', '1', 'V~O', '1', null, 'BAS', '1', null);
INSERT INTO xmai_field VALUES ('7', '61', 'city', 'xmai_leadaddress', '1', '1', 'city', 'City', '1', '2', '', '100', '4', '15', '1', 'V~O', '1', null, 'BAS', '1', null);
INSERT INTO xmai_field VALUES ('7', '62', 'country', 'xmai_leadaddress', '1', '1', 'country', 'Country', '1', '2', '', '100', '5', '15', '1', 'V~O', '1', null, 'BAS', '1', null);
INSERT INTO xmai_field VALUES ('7', '63', 'state', 'xmai_leadaddress', '1', '1', 'state', 'State', '1', '2', '', '100', '6', '15', '1', 'V~O', '1', null, 'BAS', '1', null);
INSERT INTO xmai_field VALUES ('7', '64', 'pobox', 'xmai_leadaddress', '1', '1', 'pobox', 'Po Box', '1', '2', '', '100', '2', '15', '1', 'V~O', '1', null, 'BAS', '1', null);
INSERT INTO xmai_field VALUES ('7', '65', 'description', 'xmai_crmentity', '1', '19', 'description', 'Description', '1', '2', '', '100', '1', '16', '1', 'V~O', '1', null, 'BAS', '1', null);
INSERT INTO xmai_field VALUES ('4', '66', 'salutation', 'xmai_contactdetails', '1', '55', 'salutationtype', 'Salutation', '1', '0', '', '100', '1', '4', '3', 'V~O', '1', null, 'BAS', '1', null);
INSERT INTO xmai_field VALUES ('4', '67', 'firstname', 'xmai_contactdetails', '1', '55', 'firstname', 'First Name', '1', '0', '', '100', '2', '4', '1', 'V~O', '2', '1', 'BAS', '1', null);
INSERT INTO xmai_field VALUES ('4', '68', 'contact_no', 'xmai_contactdetails', '1', '4', 'contact_no', 'Contact Id', '1', '0', '', '100', '3', '4', '1', 'V~O', '3', null, 'BAS', '0', null);
INSERT INTO xmai_field VALUES ('4', '69', 'phone', 'xmai_contactdetails', '1', '11', 'phone', 'Office Phone', '1', '2', '', '100', '5', '4', '1', 'V~O', '2', '4', 'BAS', '1', null);
INSERT INTO xmai_field VALUES ('4', '70', 'lastname', 'xmai_contactdetails', '1', '255', 'lastname', 'Last Name', '1', '0', '', '100', '4', '4', '1', 'V~M', '0', '2', 'BAS', '1', null);
INSERT INTO xmai_field VALUES ('4', '71', 'mobile', 'xmai_contactdetails', '1', '11', 'mobile', 'Mobile', '1', '2', '', '100', '7', '4', '1', 'V~O', '1', null, 'BAS', '1', null);
INSERT INTO xmai_field VALUES ('4', '72', 'accountid', 'xmai_contactdetails', '1', '51', 'account_id', 'Account Name', '1', '0', '', '100', '6', '4', '1', 'I~O', '2', '3', 'BAS', '1', null);
INSERT INTO xmai_field VALUES ('4', '73', 'homephone', 'xmai_contactsubdetails', '1', '11', 'homephone', 'Home Phone', '1', '2', '', '100', '9', '4', '1', 'V~O', '1', null, 'ADV', '1', null);
INSERT INTO xmai_field VALUES ('4', '74', 'leadsource', 'xmai_contactsubdetails', '1', '15', 'leadsource', 'Lead Source', '1', '2', '', '100', '8', '4', '1', 'V~O', '1', null, 'BAS', '1', null);
INSERT INTO xmai_field VALUES ('4', '75', 'otherphone', 'xmai_contactsubdetails', '1', '11', 'otherphone', 'Other Phone', '1', '2', '', '100', '11', '4', '1', 'V~O', '1', null, 'ADV', '1', null);
INSERT INTO xmai_field VALUES ('4', '76', 'title', 'xmai_contactdetails', '1', '1', 'title', 'Title', '1', '2', '', '100', '10', '4', '1', 'V~O', '1', null, 'BAS', '1', null);
INSERT INTO xmai_field VALUES ('4', '77', 'fax', 'xmai_contactdetails', '1', '11', 'fax', 'Fax', '1', '2', '', '100', '13', '4', '1', 'V~O', '1', null, 'BAS', '1', null);
INSERT INTO xmai_field VALUES ('4', '78', 'department', 'xmai_contactdetails', '1', '1', 'department', 'Department', '1', '2', '', '100', '12', '4', '1', 'V~O', '1', null, 'ADV', '1', null);
INSERT INTO xmai_field VALUES ('4', '79', 'birthday', 'xmai_contactsubdetails', '1', '5', 'birthday', 'Birthdate', '1', '2', '', '100', '16', '4', '1', 'D~O', '1', null, 'ADV', '1', null);
INSERT INTO xmai_field VALUES ('4', '80', 'email', 'xmai_contactdetails', '1', '13', 'email', 'Email', '1', '2', '', '100', '15', '4', '1', 'E~O', '2', '5', 'BAS', '1', null);
INSERT INTO xmai_field VALUES ('4', '81', 'reportsto', 'xmai_contactdetails', '1', '57', 'contact_id', 'Reports To', '1', '2', '', '100', '18', '4', '1', 'V~O', '1', null, 'ADV', '0', null);
INSERT INTO xmai_field VALUES ('4', '82', 'assistant', 'xmai_contactsubdetails', '1', '1', 'assistant', 'Assistant', '1', '2', '', '100', '17', '4', '1', 'V~O', '1', null, 'ADV', '1', null);
INSERT INTO xmai_field VALUES ('4', '83', 'secondaryemail', 'xmai_contactdetails', '1', '13', 'secondaryemail', 'Secondary Email', '1', '2', '', '100', '20', '4', '1', 'E~O', '1', null, 'ADV', '1', null);
INSERT INTO xmai_field VALUES ('4', '84', 'assistantphone', 'xmai_contactsubdetails', '1', '11', 'assistantphone', 'Assistant Phone', '1', '2', '', '100', '19', '4', '1', 'V~O', '1', null, 'ADV', '1', null);
INSERT INTO xmai_field VALUES ('4', '85', 'donotcall', 'xmai_contactdetails', '1', '56', 'donotcall', 'Do Not Call', '1', '2', '', '100', '22', '4', '1', 'C~O', '1', null, 'ADV', '1', null);
INSERT INTO xmai_field VALUES ('4', '86', 'emailoptout', 'xmai_contactdetails', '1', '56', 'emailoptout', 'Email Opt Out', '1', '2', '', '100', '21', '4', '1', 'C~O', '1', null, 'ADV', '1', null);
INSERT INTO xmai_field VALUES ('4', '87', 'smownerid', 'xmai_crmentity', '1', '53', 'assigned_user_id', 'Assigned To', '1', '0', '', '100', '24', '4', '1', 'V~M', '0', '6', 'BAS', '1', null);
INSERT INTO xmai_field VALUES ('4', '88', 'reference', 'xmai_contactdetails', '1', '56', 'reference', 'Reference', '1', '2', '', '10', '23', '4', '1', 'C~O', '1', null, 'ADV', '1', null);
INSERT INTO xmai_field VALUES ('4', '89', 'notify_owner', 'xmai_contactdetails', '1', '56', 'notify_owner', 'Notify Owner', '1', '2', '', '10', '26', '4', '1', 'C~O', '1', null, 'ADV', '1', null);
INSERT INTO xmai_field VALUES ('4', '90', 'createdtime', 'xmai_crmentity', '1', '70', 'createdtime', 'Created Time', '1', '0', '', '100', '25', '4', '2', 'DT~O', '3', null, 'BAS', '0', null);
INSERT INTO xmai_field VALUES ('4', '91', 'modifiedtime', 'xmai_crmentity', '1', '70', 'modifiedtime', 'Modified Time', '1', '0', '', '100', '27', '4', '2', 'DT~O', '3', null, 'BAS', '0', null);
INSERT INTO xmai_field VALUES ('4', '92', 'modifiedby', 'xmai_crmentity', '1', '52', 'modifiedby', 'Last Modified By', '1', '0', '', '100', '28', '4', '3', 'V~O', '3', null, 'BAS', '0', null);
INSERT INTO xmai_field VALUES ('4', '93', 'portal', 'xmai_customerdetails', '1', '56', 'portal', 'Portal User', '1', '2', '', '100', '1', '6', '1', 'C~O', '1', null, 'ADV', '0', null);
INSERT INTO xmai_field VALUES ('4', '94', 'support_start_date', 'xmai_customerdetails', '1', '5', 'support_start_date', 'Support Start Date', '1', '2', '', '100', '2', '6', '1', 'D~O', '1', null, 'ADV', '1', null);
INSERT INTO xmai_field VALUES ('4', '95', 'support_end_date', 'xmai_customerdetails', '1', '5', 'support_end_date', 'Support End Date', '1', '2', '', '100', '3', '6', '1', 'D~O~OTH~GE~support_start_date~Support Start Date', '1', null, 'ADV', '1', null);
INSERT INTO xmai_field VALUES ('4', '96', 'mailingstreet', 'xmai_contactaddress', '1', '21', 'mailingstreet', 'Mailing Street', '1', '2', '', '100', '1', '7', '1', 'V~O', '1', null, 'BAS', '1', null);
INSERT INTO xmai_field VALUES ('4', '97', 'otherstreet', 'xmai_contactaddress', '1', '21', 'otherstreet', 'Other Street', '1', '2', '', '100', '2', '7', '1', 'V~O', '1', null, 'BAS', '1', null);
INSERT INTO xmai_field VALUES ('4', '98', 'mailingcity', 'xmai_contactaddress', '1', '1', 'mailingcity', 'Mailing City', '1', '2', '', '100', '5', '7', '1', 'V~O', '1', null, 'BAS', '1', null);
INSERT INTO xmai_field VALUES ('4', '99', 'othercity', 'xmai_contactaddress', '1', '1', 'othercity', 'Other City', '1', '2', '', '100', '6', '7', '1', 'V~O', '1', null, 'BAS', '1', null);
INSERT INTO xmai_field VALUES ('4', '100', 'mailingstate', 'xmai_contactaddress', '1', '1', 'mailingstate', 'Mailing State', '1', '2', '', '100', '7', '7', '1', 'V~O', '1', null, 'BAS', '1', null);
INSERT INTO xmai_field VALUES ('4', '101', 'otherstate', 'xmai_contactaddress', '1', '1', 'otherstate', 'Other State', '1', '2', '', '100', '8', '7', '1', 'V~O', '1', null, 'BAS', '1', null);
INSERT INTO xmai_field VALUES ('4', '102', 'mailingzip', 'xmai_contactaddress', '1', '1', 'mailingzip', 'Mailing Zip', '1', '2', '', '100', '9', '7', '1', 'V~O', '1', null, 'BAS', '1', null);
INSERT INTO xmai_field VALUES ('4', '103', 'otherzip', 'xmai_contactaddress', '1', '1', 'otherzip', 'Other Zip', '1', '2', '', '100', '10', '7', '1', 'V~O', '1', null, 'BAS', '1', null);
INSERT INTO xmai_field VALUES ('4', '104', 'mailingcountry', 'xmai_contactaddress', '1', '1', 'mailingcountry', 'Mailing Country', '1', '2', '', '100', '11', '7', '1', 'V~O', '1', null, 'BAS', '1', null);
INSERT INTO xmai_field VALUES ('4', '105', 'othercountry', 'xmai_contactaddress', '1', '1', 'othercountry', 'Other Country', '1', '2', '', '100', '12', '7', '1', 'V~O', '1', null, 'BAS', '1', null);
INSERT INTO xmai_field VALUES ('4', '106', 'mailingpobox', 'xmai_contactaddress', '1', '1', 'mailingpobox', 'Mailing Po Box', '1', '2', '', '100', '3', '7', '1', 'V~O', '1', null, 'BAS', '1', null);
INSERT INTO xmai_field VALUES ('4', '107', 'otherpobox', 'xmai_contactaddress', '1', '1', 'otherpobox', 'Other Po Box', '1', '2', '', '100', '4', '7', '1', 'V~O', '1', null, 'BAS', '1', null);
INSERT INTO xmai_field VALUES ('4', '108', 'imagename', 'xmai_contactdetails', '1', '69', 'imagename', 'Contact Image', '1', '2', '', '100', '1', '73', '1', 'V~O', '3', null, 'ADV', '0', null);
INSERT INTO xmai_field VALUES ('4', '109', 'description', 'xmai_crmentity', '1', '19', 'description', 'Description', '1', '2', '', '100', '1', '8', '1', 'V~O', '1', null, 'BAS', '1', null);
INSERT INTO xmai_field VALUES ('2', '110', 'potentialname', 'xmai_potential', '1', '2', 'potentialname', 'Potential Name', '1', '0', '', '100', '1', '1', '1', 'V~M', '0', '1', 'BAS', '1', null);
INSERT INTO xmai_field VALUES ('2', '111', 'potential_no', 'xmai_potential', '1', '4', 'potential_no', 'Potential No', '1', '0', '', '100', '2', '1', '1', 'V~O', '3', null, 'BAS', '0', null);
INSERT INTO xmai_field VALUES ('2', '112', 'amount', 'xmai_potential', '1', '71', 'amount', 'Amount', '1', '2', '', '100', '4', '1', '1', 'N~O', '2', '5', 'BAS', '1', null);
INSERT INTO xmai_field VALUES ('2', '113', 'related_to', 'xmai_potential', '1', '10', 'related_to', 'Related To', '1', '0', '', '100', '3', '1', '1', 'V~M', '0', '2', 'BAS', '1', null);
INSERT INTO xmai_field VALUES ('2', '114', 'closingdate', 'xmai_potential', '1', '23', 'closingdate', 'Expected Close Date', '1', '2', '', '100', '7', '1', '1', 'D~M', '2', '3', 'BAS', '1', null);
INSERT INTO xmai_field VALUES ('2', '115', 'potentialtype', 'xmai_potential', '1', '15', 'opportunity_type', 'Type', '1', '2', '', '100', '6', '1', '1', 'V~O', '1', null, 'BAS', '1', null);
INSERT INTO xmai_field VALUES ('2', '116', 'nextstep', 'xmai_potential', '1', '1', 'nextstep', 'Next Step', '1', '2', '', '100', '9', '1', '1', 'V~O', '1', null, 'BAS', '1', null);
INSERT INTO xmai_field VALUES ('2', '117', 'leadsource', 'xmai_potential', '1', '15', 'leadsource', 'Lead Source', '1', '2', '', '100', '8', '1', '1', 'V~O', '1', null, 'BAS', '1', null);
INSERT INTO xmai_field VALUES ('2', '118', 'sales_stage', 'xmai_potential', '1', '15', 'sales_stage', 'Sales Stage', '1', '2', '', '100', '11', '1', '1', 'V~M', '2', '4', 'BAS', '1', null);
INSERT INTO xmai_field VALUES ('2', '119', 'smownerid', 'xmai_crmentity', '1', '53', 'assigned_user_id', 'Assigned To', '1', '2', '', '100', '10', '1', '1', 'V~M', '0', '6', 'BAS', '1', null);
INSERT INTO xmai_field VALUES ('2', '120', 'probability', 'xmai_potential', '1', '9', 'probability', 'Probability', '1', '2', '', '100', '13', '1', '1', 'N~O', '1', null, 'BAS', '1', null);
INSERT INTO xmai_field VALUES ('2', '121', 'campaignid', 'xmai_potential', '1', '58', 'campaignid', 'Campaign Source', '1', '2', '', '100', '12', '1', '1', 'N~O', '1', null, 'BAS', '1', null);
INSERT INTO xmai_field VALUES ('2', '122', 'createdtime', 'xmai_crmentity', '1', '70', 'createdtime', 'Created Time', '1', '0', '', '100', '15', '1', '2', 'DT~O', '3', null, 'BAS', '0', null);
INSERT INTO xmai_field VALUES ('2', '123', 'modifiedtime', 'xmai_crmentity', '1', '70', 'modifiedtime', 'Modified Time', '1', '0', '', '100', '14', '1', '2', 'DT~O', '3', null, 'BAS', '0', null);
INSERT INTO xmai_field VALUES ('2', '124', 'modifiedby', 'xmai_crmentity', '1', '52', 'modifiedby', 'Last Modified By', '1', '0', '', '100', '16', '1', '3', 'V~O', '3', null, 'BAS', '0', null);
INSERT INTO xmai_field VALUES ('2', '125', 'description', 'xmai_crmentity', '1', '19', 'description', 'Description', '1', '2', '', '100', '1', '3', '1', 'V~O', '1', null, 'BAS', '1', null);
INSERT INTO xmai_field VALUES ('26', '126', 'campaignname', 'xmai_campaign', '1', '2', 'campaignname', 'Campaign Name', '1', '0', '', '100', '1', '74', '1', 'V~M', '0', '1', 'BAS', '1', null);
INSERT INTO xmai_field VALUES ('26', '127', 'campaign_no', 'xmai_campaign', '1', '4', 'campaign_no', 'Campaign No', '1', '0', '', '100', '2', '74', '1', 'V~O', '3', null, 'BAS', '0', null);
INSERT INTO xmai_field VALUES ('26', '128', 'campaigntype', 'xmai_campaign', '1', '15', 'campaigntype', 'Campaign Type', '1', '2', '', '100', '5', '74', '1', 'V~O', '2', '3', 'BAS', '1', null);
INSERT INTO xmai_field VALUES ('26', '129', 'product_id', 'xmai_campaign', '1', '59', 'product_id', 'Product', '1', '2', '', '100', '6', '74', '1', 'I~O', '2', '5', 'BAS', '1', null);
INSERT INTO xmai_field VALUES ('26', '130', 'campaignstatus', 'xmai_campaign', '1', '15', 'campaignstatus', 'Campaign Status', '1', '2', '', '100', '4', '74', '1', 'V~O', '2', '6', 'BAS', '1', null);
INSERT INTO xmai_field VALUES ('26', '131', 'closingdate', 'xmai_campaign', '1', '23', 'closingdate', 'Expected Close Date', '1', '2', '', '100', '8', '74', '1', 'D~M', '2', '2', 'BAS', '1', null);
INSERT INTO xmai_field VALUES ('26', '132', 'smownerid', 'xmai_crmentity', '1', '53', 'assigned_user_id', 'Assigned To', '1', '0', '', '100', '3', '74', '1', 'V~M', '0', '7', 'BAS', '1', null);
INSERT INTO xmai_field VALUES ('26', '133', 'numsent', 'xmai_campaign', '1', '9', 'numsent', 'Num Sent', '1', '2', '', '100', '12', '74', '1', 'N~O', '1', null, 'BAS', '1', null);
INSERT INTO xmai_field VALUES ('26', '134', 'sponsor', 'xmai_campaign', '1', '1', 'sponsor', 'Sponsor', '1', '2', '', '100', '9', '74', '1', 'V~O', '1', null, 'BAS', '1', null);
INSERT INTO xmai_field VALUES ('26', '135', 'targetaudience', 'xmai_campaign', '1', '1', 'targetaudience', 'Target Audience', '1', '2', '', '100', '7', '74', '1', 'V~O', '1', null, 'BAS', '1', null);
INSERT INTO xmai_field VALUES ('26', '136', 'targetsize', 'xmai_campaign', '1', '1', 'targetsize', 'TargetSize', '1', '2', '', '100', '10', '74', '1', 'I~O', '1', null, 'BAS', '1', null);
INSERT INTO xmai_field VALUES ('26', '137', 'createdtime', 'xmai_crmentity', '1', '70', 'createdtime', 'Created Time', '1', '0', '', '100', '11', '74', '2', 'DT~O', '3', null, 'BAS', '0', null);
INSERT INTO xmai_field VALUES ('26', '138', 'modifiedtime', 'xmai_crmentity', '1', '70', 'modifiedtime', 'Modified Time', '1', '0', '', '100', '13', '74', '2', 'DT~O', '3', null, 'BAS', '0', null);
INSERT INTO xmai_field VALUES ('26', '139', 'modifiedby', 'xmai_crmentity', '1', '52', 'modifiedby', 'Last Modified By', '1', '0', '', '100', '16', '74', '3', 'V~O', '3', null, 'BAS', '0', null);
INSERT INTO xmai_field VALUES ('26', '140', 'expectedresponse', 'xmai_campaign', '1', '15', 'expectedresponse', 'Expected Response', '1', '2', '', '100', '3', '76', '1', 'V~O', '2', '4', 'BAS', '1', null);
INSERT INTO xmai_field VALUES ('26', '141', 'expectedrevenue', 'xmai_campaign', '1', '71', 'expectedrevenue', 'Expected Revenue', '1', '2', '', '100', '4', '76', '1', 'N~O', '1', null, 'BAS', '1', null);
INSERT INTO xmai_field VALUES ('26', '142', 'budgetcost', 'xmai_campaign', '1', '71', 'budgetcost', 'Budget Cost', '1', '2', '', '100', '1', '76', '1', 'N~O', '1', null, 'BAS', '1', null);
INSERT INTO xmai_field VALUES ('26', '143', 'actualcost', 'xmai_campaign', '1', '71', 'actualcost', 'Actual Cost', '1', '2', '', '100', '2', '76', '1', 'N~O', '1', null, 'BAS', '1', null);
INSERT INTO xmai_field VALUES ('26', '144', 'expectedresponsecount', 'xmai_campaign', '1', '1', 'expectedresponsecount', 'Expected Response Count', '1', '2', '', '100', '7', '76', '1', 'I~O', '1', null, 'BAS', '1', null);
INSERT INTO xmai_field VALUES ('26', '145', 'expectedsalescount', 'xmai_campaign', '1', '1', 'expectedsalescount', 'Expected Sales Count', '1', '2', '', '100', '5', '76', '1', 'I~O', '1', null, 'BAS', '1', null);
INSERT INTO xmai_field VALUES ('26', '146', 'expectedroi', 'xmai_campaign', '1', '71', 'expectedroi', 'Expected ROI', '1', '2', '', '100', '9', '76', '1', 'N~O', '1', null, 'BAS', '1', null);
INSERT INTO xmai_field VALUES ('26', '147', 'actualresponsecount', 'xmai_campaign', '1', '1', 'actualresponsecount', 'Actual Response Count', '1', '2', '', '100', '8', '76', '1', 'I~O', '1', null, 'BAS', '1', null);
INSERT INTO xmai_field VALUES ('26', '148', 'actualsalescount', 'xmai_campaign', '1', '1', 'actualsalescount', 'Actual Sales Count', '1', '2', '', '100', '6', '76', '1', 'I~O', '1', null, 'BAS', '1', null);
INSERT INTO xmai_field VALUES ('26', '149', 'actualroi', 'xmai_campaign', '1', '71', 'actualroi', 'Actual ROI', '1', '2', '', '100', '10', '76', '1', 'N~O', '1', null, 'BAS', '1', null);
INSERT INTO xmai_field VALUES ('26', '150', 'description', 'xmai_crmentity', '1', '19', 'description', 'Description', '1', '2', '', '100', '1', '81', '1', 'V~O', '1', null, 'BAS', '1', null);
INSERT INTO xmai_field VALUES ('4', '151', 'campaignrelstatus', 'xmai_campaignrelstatus', '1', '16', 'campaignrelstatus', 'Status', '1', '0', '0', '100', '1', null, '1', 'V~O', '1', null, 'BAS', '0', null);
INSERT INTO xmai_field VALUES ('6', '152', 'campaignrelstatus', 'xmai_campaignrelstatus', '1', '16', 'campaignrelstatus', 'Status', '1', '0', '0', '100', '1', null, '1', 'V~O', '1', null, 'BAS', '0', null);
INSERT INTO xmai_field VALUES ('7', '153', 'campaignrelstatus', 'xmai_campaignrelstatus', '1', '16', 'campaignrelstatus', 'Status', '1', '0', '0', '100', '1', null, '1', 'V~O', '1', null, 'BAS', '0', null);
INSERT INTO xmai_field VALUES ('26', '154', 'campaignrelstatus', 'xmai_campaignrelstatus', '1', '16', 'campaignrelstatus', 'Status', '1', '0', '0', '100', '1', null, '1', 'V~O', '1', null, 'BAS', '0', null);
INSERT INTO xmai_field VALUES ('13', '155', 'ticket_no', 'xmai_troubletickets', '1', '4', 'ticket_no', 'Ticket No', '1', '0', '', '100', '13', '25', '1', 'V~O', '3', null, 'BAS', '0', null);
INSERT INTO xmai_field VALUES ('13', '156', 'smownerid', 'xmai_crmentity', '1', '53', 'assigned_user_id', 'Assigned To', '1', '0', '', '100', '4', '25', '1', 'V~M', '0', '4', 'BAS', '1', null);
INSERT INTO xmai_field VALUES ('13', '157', 'parent_id', 'xmai_troubletickets', '1', '68', 'parent_id', 'Related To', '1', '0', '', '100', '2', '25', '1', 'I~O', '1', null, 'BAS', '1', null);
INSERT INTO xmai_field VALUES ('13', '158', 'priority', 'xmai_troubletickets', '1', '15', 'ticketpriorities', 'Priority', '1', '2', '', '100', '6', '25', '1', 'V~O', '2', '3', 'BAS', '1', null);
INSERT INTO xmai_field VALUES ('13', '159', 'product_id', 'xmai_troubletickets', '1', '59', 'product_id', 'Product Name', '1', '2', '', '100', '5', '25', '1', 'I~O', '1', null, 'BAS', '1', null);
INSERT INTO xmai_field VALUES ('13', '160', 'severity', 'xmai_troubletickets', '1', '15', 'ticketseverities', 'Severity', '1', '2', '', '100', '8', '25', '1', 'V~O', '1', null, 'BAS', '1', null);
INSERT INTO xmai_field VALUES ('13', '161', 'status', 'xmai_troubletickets', '1', '15', 'ticketstatus', 'Status', '1', '2', '', '100', '7', '25', '1', 'V~M', '1', '2', 'BAS', '1', null);
INSERT INTO xmai_field VALUES ('13', '162', 'category', 'xmai_troubletickets', '1', '15', 'ticketcategories', 'Category', '1', '2', '', '100', '10', '25', '1', 'V~O', '1', null, 'BAS', '1', null);
INSERT INTO xmai_field VALUES ('13', '163', 'update_log', 'xmai_troubletickets', '1', '19', 'update_log', 'Update History', '1', '0', '', '100', '11', '25', '3', 'V~O', '1', null, 'BAS', '0', null);
INSERT INTO xmai_field VALUES ('13', '164', 'hours', 'xmai_troubletickets', '1', '1', 'hours', 'Hours', '1', '2', '', '100', '9', '25', '1', 'I~O', '1', null, 'BAS', '1', 'This gives the estimated hours for the Ticket.<br>When the same ticket is added to a Service Contract,based on the Tracking Unit of the Service Contract,Used units is updated whenever a ticket is Closed.');
INSERT INTO xmai_field VALUES ('13', '165', 'days', 'xmai_troubletickets', '1', '1', 'days', 'Days', '1', '2', '', '100', '10', '25', '1', 'I~O', '1', null, 'BAS', '1', 'This gives the estimated days for the Ticket.<br>When the same ticket is added to a Service Contract,based on the Tracking Unit of the Service Contract,Used units is updated whenever a ticket is Closed.');
INSERT INTO xmai_field VALUES ('13', '166', 'createdtime', 'xmai_crmentity', '1', '70', 'createdtime', 'Created Time', '1', '0', '', '100', '9', '25', '2', 'DT~O', '3', null, 'BAS', '0', null);
INSERT INTO xmai_field VALUES ('13', '167', 'modifiedtime', 'xmai_crmentity', '1', '70', 'modifiedtime', 'Modified Time', '1', '0', '', '100', '12', '25', '2', 'DT~O', '3', null, 'BAS', '0', null);
INSERT INTO xmai_field VALUES ('13', '168', 'from_portal', 'xmai_troubletickets', '1', '56', 'from_portal', 'From Portal', '1', '0', '', '100', '13', '25', '3', 'C~O', '3', null, 'BAS', '0', null);
INSERT INTO xmai_field VALUES ('13', '169', 'modifiedby', 'xmai_crmentity', '1', '52', 'modifiedby', 'Last Modified By', '1', '0', '', '100', '16', '25', '3', 'V~O', '3', null, 'BAS', '0', null);
INSERT INTO xmai_field VALUES ('13', '170', 'title', 'xmai_troubletickets', '1', '22', 'ticket_title', 'Title', '1', '0', '', '100', '1', '25', '1', 'V~M', '0', '1', 'BAS', '1', null);
INSERT INTO xmai_field VALUES ('13', '171', 'description', 'xmai_crmentity', '1', '19', 'description', 'Description', '1', '2', '', '100', '1', '28', '1', 'V~O', '2', '4', 'BAS', '1', null);
INSERT INTO xmai_field VALUES ('13', '172', 'solution', 'xmai_troubletickets', '1', '19', 'solution', 'Solution', '1', '0', '', '100', '1', '29', '1', 'V~O', '3', null, 'BAS', '0', null);
INSERT INTO xmai_field VALUES ('13', '173', 'comments', 'xmai_ticketcomments', '1', '19', 'comments', 'Add Comment', '1', '0', '', '100', '1', '30', '1', 'V~O', '3', null, 'BAS', '0', null);
INSERT INTO xmai_field VALUES ('14', '174', 'productname', 'xmai_products', '1', '2', 'productname', 'Product Name', '1', '0', '', '100', '1', '31', '1', 'V~M', '0', '1', 'BAS', '1', null);
INSERT INTO xmai_field VALUES ('14', '175', 'product_no', 'xmai_products', '1', '4', 'product_no', 'Product No', '1', '0', '', '100', '2', '31', '1', 'V~O', '3', null, 'BAS', '0', null);
INSERT INTO xmai_field VALUES ('14', '176', 'productcode', 'xmai_products', '1', '1', 'productcode', 'Part Number', '1', '2', '', '100', '4', '31', '1', 'V~O', '1', null, 'BAS', '1', null);
INSERT INTO xmai_field VALUES ('14', '177', 'discontinued', 'xmai_products', '1', '56', 'discontinued', 'Product Active', '1', '2', '', '100', '3', '31', '1', 'V~O', '2', '2', 'BAS', '1', null);
INSERT INTO xmai_field VALUES ('14', '178', 'manufacturer', 'xmai_products', '1', '15', 'manufacturer', 'Manufacturer', '1', '2', '', '100', '6', '31', '1', 'V~O', '1', null, 'BAS', '1', null);
INSERT INTO xmai_field VALUES ('14', '179', 'productcategory', 'xmai_products', '1', '15', 'productcategory', 'Product Category', '1', '2', '', '100', '6', '31', '1', 'V~O', '1', null, 'BAS', '1', null);
INSERT INTO xmai_field VALUES ('14', '180', 'sales_start_date', 'xmai_products', '1', '5', 'sales_start_date', 'Sales Start Date', '1', '2', '', '100', '5', '31', '1', 'D~O', '1', null, 'BAS', '1', null);
INSERT INTO xmai_field VALUES ('14', '181', 'sales_end_date', 'xmai_products', '1', '5', 'sales_end_date', 'Sales End Date', '1', '2', '', '100', '8', '31', '1', 'D~O~OTH~GE~sales_start_date~Sales Start Date', '1', null, 'BAS', '1', null);
INSERT INTO xmai_field VALUES ('14', '182', 'start_date', 'xmai_products', '1', '5', 'start_date', 'Support Start Date', '1', '2', '', '100', '7', '31', '1', 'D~O', '1', null, 'BAS', '1', null);
INSERT INTO xmai_field VALUES ('14', '183', 'expiry_date', 'xmai_products', '1', '5', 'expiry_date', 'Support Expiry Date', '1', '2', '', '100', '10', '31', '1', 'D~O~OTH~GE~start_date~Start Date', '1', null, 'BAS', '1', null);
INSERT INTO xmai_field VALUES ('14', '184', 'website', 'xmai_products', '1', '17', 'website', 'Website', '1', '2', '', '100', '14', '31', '1', 'V~O', '1', null, 'BAS', '1', null);
INSERT INTO xmai_field VALUES ('14', '185', 'vendor_id', 'xmai_products', '1', '75', 'vendor_id', 'Vendor Name', '1', '2', '', '100', '13', '31', '1', 'I~O', '1', null, 'BAS', '1', null);
INSERT INTO xmai_field VALUES ('14', '186', 'mfr_part_no', 'xmai_products', '1', '1', 'mfr_part_no', 'Mfr PartNo', '1', '2', '', '100', '16', '31', '1', 'V~O', '1', null, 'BAS', '1', null);
INSERT INTO xmai_field VALUES ('14', '187', 'vendor_part_no', 'xmai_products', '1', '1', 'vendor_part_no', 'Vendor PartNo', '1', '2', '', '100', '15', '31', '1', 'V~O', '1', null, 'BAS', '1', null);
INSERT INTO xmai_field VALUES ('14', '188', 'serialno', 'xmai_products', '1', '1', 'serial_no', 'Serial No', '1', '2', '', '100', '18', '31', '1', 'V~O', '1', null, 'BAS', '1', null);
INSERT INTO xmai_field VALUES ('14', '189', 'productsheet', 'xmai_products', '1', '1', 'productsheet', 'Product Sheet', '1', '2', '', '100', '17', '31', '1', 'V~O', '1', null, 'BAS', '1', null);
INSERT INTO xmai_field VALUES ('14', '190', 'glacct', 'xmai_products', '1', '15', 'glacct', 'GL Account', '1', '2', '', '100', '20', '31', '1', 'V~O', '1', null, 'BAS', '1', null);
INSERT INTO xmai_field VALUES ('14', '191', 'createdtime', 'xmai_crmentity', '1', '70', 'createdtime', 'Created Time', '1', '0', '', '100', '19', '31', '2', 'DT~O', '3', null, 'BAS', '0', null);
INSERT INTO xmai_field VALUES ('14', '192', 'modifiedtime', 'xmai_crmentity', '1', '70', 'modifiedtime', 'Modified Time', '1', '0', '', '100', '21', '31', '2', 'DT~O', '3', null, 'BAS', '0', null);
INSERT INTO xmai_field VALUES ('14', '193', 'modifiedby', 'xmai_crmentity', '1', '52', 'modifiedby', 'Last Modified By', '1', '0', '', '100', '22', '31', '3', 'V~O', '3', null, 'BAS', '0', null);
INSERT INTO xmai_field VALUES ('14', '194', 'unit_price', 'xmai_products', '1', '72', 'unit_price', 'Unit Price', '1', '2', '', '100', '1', '32', '1', 'N~O', '2', '3', 'BAS', '0', null);
INSERT INTO xmai_field VALUES ('14', '195', 'commissionrate', 'xmai_products', '1', '9', 'commissionrate', 'Commission Rate', '1', '2', '', '100', '2', '32', '1', 'N~O', '1', null, 'BAS', '1', null);
INSERT INTO xmai_field VALUES ('14', '196', 'taxclass', 'xmai_products', '1', '83', 'taxclass', 'Tax Class', '1', '2', '', '100', '4', '32', '1', 'V~O', '3', null, 'BAS', '1', null);
INSERT INTO xmai_field VALUES ('14', '197', 'usageunit', 'xmai_products', '1', '15', 'usageunit', 'Usage Unit', '1', '2', '', '100', '1', '33', '1', 'V~O', '1', null, 'ADV', '1', null);
INSERT INTO xmai_field VALUES ('14', '198', 'qty_per_unit', 'xmai_products', '1', '1', 'qty_per_unit', 'Qty/Unit', '1', '2', '', '100', '2', '33', '1', 'N~O', '1', null, 'ADV', '1', null);
INSERT INTO xmai_field VALUES ('14', '199', 'qtyinstock', 'xmai_products', '1', '1', 'qtyinstock', 'Qty In Stock', '1', '2', '', '100', '3', '33', '1', 'NN~O', '0', '4', 'ADV', '1', null);
INSERT INTO xmai_field VALUES ('14', '200', 'reorderlevel', 'xmai_products', '1', '1', 'reorderlevel', 'Reorder Level', '1', '2', '', '100', '4', '33', '1', 'I~O', '1', null, 'ADV', '1', null);
INSERT INTO xmai_field VALUES ('14', '201', 'smownerid', 'xmai_crmentity', '1', '53', 'assigned_user_id', 'Handler', '1', '0', '', '100', '5', '33', '1', 'V~M', '0', '5', 'BAS', '1', null);
INSERT INTO xmai_field VALUES ('14', '202', 'qtyindemand', 'xmai_products', '1', '1', 'qtyindemand', 'Qty In Demand', '1', '2', '', '100', '6', '33', '1', 'I~O', '1', null, 'ADV', '1', null);
INSERT INTO xmai_field VALUES ('14', '203', 'imagename', 'xmai_products', '1', '69', 'imagename', 'Product Image', '1', '2', '', '100', '1', '35', '1', 'V~O', '3', null, 'ADV', '0', null);
INSERT INTO xmai_field VALUES ('14', '204', 'description', 'xmai_crmentity', '1', '19', 'description', 'Description', '1', '2', '', '100', '1', '36', '1', 'V~O', '1', null, 'BAS', '1', null);
INSERT INTO xmai_field VALUES ('8', '205', 'title', 'xmai_notes', '1', '2', 'notes_title', 'Title', '1', '0', '', '100', '1', '17', '1', 'V~M', '0', '1', 'BAS', '0', null);
INSERT INTO xmai_field VALUES ('8', '206', 'createdtime', 'xmai_crmentity', '1', '70', 'createdtime', 'Created Time', '1', '0', '', '100', '5', '17', '2', 'DT~O', '3', null, 'BAS', '0', null);
INSERT INTO xmai_field VALUES ('8', '207', 'modifiedtime', 'xmai_crmentity', '1', '70', 'modifiedtime', 'Modified Time', '1', '0', '', '100', '6', '17', '2', 'DT~O', '3', null, 'BAS', '0', null);
INSERT INTO xmai_field VALUES ('8', '208', 'filename', 'xmai_notes', '1', '28', 'filename', 'File Name', '1', '2', '', '100', '3', '18', '1', 'V~O', '3', null, 'BAS', '0', null);
INSERT INTO xmai_field VALUES ('8', '209', 'smownerid', 'xmai_crmentity', '1', '53', 'assigned_user_id', 'Assigned To', '1', '0', '', '100', '4', '17', '1', 'V~M', '0', '3', 'BAS', '0', null);
INSERT INTO xmai_field VALUES ('8', '210', 'notecontent', 'xmai_notes', '1', '19', 'notecontent', 'Note', '1', '2', '', '100', '1', '84', '1', 'V~O', '1', null, 'BAS', '0', null);
INSERT INTO xmai_field VALUES ('8', '211', 'filetype', 'xmai_notes', '1', '1', 'filetype', 'File Type', '1', '2', '', '100', '5', '18', '2', 'V~O', '3', '0', 'BAS', '0', null);
INSERT INTO xmai_field VALUES ('8', '212', 'filesize', 'xmai_notes', '1', '1', 'filesize', 'File Size', '1', '2', '', '100', '4', '18', '2', 'I~O', '3', '0', 'BAS', '0', null);
INSERT INTO xmai_field VALUES ('8', '213', 'filelocationtype', 'xmai_notes', '1', '27', 'filelocationtype', 'Download Type', '1', '0', '', '100', '1', '18', '1', 'V~O', '3', '0', 'BAS', '0', null);
INSERT INTO xmai_field VALUES ('8', '214', 'fileversion', 'xmai_notes', '1', '1', 'fileversion', 'Version', '1', '2', '', '100', '6', '18', '1', 'V~O', '1', '0', 'BAS', '0', null);
INSERT INTO xmai_field VALUES ('8', '215', 'filestatus', 'xmai_notes', '1', '56', 'filestatus', 'Active', '1', '2', '', '100', '2', '18', '1', 'V~O', '1', '0', 'BAS', '0', null);
INSERT INTO xmai_field VALUES ('8', '216', 'filedownloadcount', 'xmai_notes', '1', '1', 'filedownloadcount', 'Download Count', '1', '2', '', '100', '7', '18', '2', 'I~O', '3', '0', 'BAS', '0', null);
INSERT INTO xmai_field VALUES ('8', '217', 'folderid', 'xmai_notes', '1', '26', 'folderid', 'Folder Name', '1', '2', '', '100', '2', '17', '1', 'V~O', '2', '2', 'BAS', '0', null);
INSERT INTO xmai_field VALUES ('8', '218', 'note_no', 'xmai_notes', '1', '4', 'note_no', 'Document No', '1', '0', '', '100', '3', '17', '1', 'V~O', '3', null, 'BAS', '0', null);
INSERT INTO xmai_field VALUES ('8', '219', 'modifiedby', 'xmai_crmentity', '1', '52', 'modifiedby', 'Last Modified By', '1', '0', '', '100', '12', '17', '3', 'V~O', '3', null, 'BAS', '0', null);
INSERT INTO xmai_field VALUES ('10', '220', 'date_start', 'xmai_activity', '1', '6', 'date_start', 'Date & Time Sent', '1', '0', '', '100', '1', '21', '1', 'DT~M~time_start~Time Start', '1', null, 'BAS', '1', null);
INSERT INTO xmai_field VALUES ('10', '221', 'semodule', 'xmai_activity', '1', '2', 'parent_type', 'Sales Enity Module', '1', '0', '', '100', '2', '21', '3', '', '1', null, 'BAS', '1', null);
INSERT INTO xmai_field VALUES ('10', '222', 'activitytype', 'xmai_activity', '1', '2', 'activitytype', 'Activtiy Type', '1', '0', '', '100', '3', '21', '3', 'V~O', '1', null, 'BAS', '1', null);
INSERT INTO xmai_field VALUES ('10', '223', 'smownerid', 'xmai_crmentity', '1', '53', 'assigned_user_id', 'Assigned To', '1', '0', '', '100', '5', '21', '1', 'V~M', '1', null, 'BAS', '1', null);
INSERT INTO xmai_field VALUES ('10', '224', 'subject', 'xmai_activity', '1', '2', 'subject', 'Subject', '1', '0', '', '100', '1', '23', '1', 'V~M', '1', null, 'BAS', '1', null);
INSERT INTO xmai_field VALUES ('10', '225', 'name', 'xmai_attachments', '1', '61', 'filename', 'Attachment', '1', '0', '', '100', '2', '23', '1', 'V~O', '1', null, 'BAS', '1', null);
INSERT INTO xmai_field VALUES ('10', '226', 'description', 'xmai_crmentity', '1', '19', 'description', 'Description', '1', '0', '', '100', '1', '24', '1', 'V~O', '1', null, 'BAS', '1', null);
INSERT INTO xmai_field VALUES ('10', '227', 'time_start', 'xmai_activity', '1', '2', 'time_start', 'Time Start', '1', '0', '', '100', '9', '23', '1', 'T~O', '1', null, 'BAS', '1', null);
INSERT INTO xmai_field VALUES ('10', '228', 'createdtime', 'xmai_crmentity', '1', '70', 'createdtime', 'Created Time', '1', '0', '', '100', '10', '22', '1', 'DT~O', '3', null, 'BAS', '0', null);
INSERT INTO xmai_field VALUES ('10', '229', 'modifiedtime', 'xmai_crmentity', '1', '70', 'modifiedtime', 'Modified Time', '1', '0', '', '100', '11', '21', '2', 'DT~O', '3', null, 'BAS', '0', null);
INSERT INTO xmai_field VALUES ('10', '230', 'access_count', 'xmai_email_track', '1', '25', 'access_count', 'Access Count', '1', '0', '0', '100', '6', '21', '3', 'V~O', '1', null, 'BAS', '0', null);
INSERT INTO xmai_field VALUES ('10', '231', 'modifiedby', 'xmai_crmentity', '1', '52', 'modifiedby', 'Last Modified By', '1', '0', '', '100', '12', '21', '3', 'V~O', '3', null, 'BAS', '0', null);
INSERT INTO xmai_field VALUES ('9', '232', 'subject', 'xmai_activity', '1', '2', 'subject', 'Subject', '1', '0', '', '100', '1', '19', '1', 'V~M', '0', '1', 'BAS', '1', null);
INSERT INTO xmai_field VALUES ('9', '233', 'smownerid', 'xmai_crmentity', '1', '53', 'assigned_user_id', 'Assigned To', '1', '0', '', '100', '2', '19', '1', 'V~M', '0', '4', 'BAS', '1', null);
INSERT INTO xmai_field VALUES ('9', '234', 'date_start', 'xmai_activity', '1', '6', 'date_start', 'Start Date & Time', '1', '0', '', '100', '3', '19', '1', 'DT~M~time_start', '0', '2', 'BAS', '1', null);
INSERT INTO xmai_field VALUES ('9', '235', 'time_start', 'xmai_activity', '1', '2', 'time_start', 'Time Start', '1', '0', '', '100', '4', '19', '3', 'T~O', '1', null, 'BAS', '1', null);
INSERT INTO xmai_field VALUES ('9', '236', 'time_end', 'xmai_activity', '1', '2', 'time_end', 'End Time', '1', '0', '', '100', '4', '19', '3', 'T~O', '1', null, 'BAS', '1', null);
INSERT INTO xmai_field VALUES ('9', '237', 'due_date', 'xmai_activity', '1', '23', 'due_date', 'Due Date', '1', '0', '', '100', '5', '19', '1', 'D~M~OTH~GE~date_start~Start Date & Time', '1', null, 'BAS', '1', null);
INSERT INTO xmai_field VALUES ('9', '238', 'crmid', 'xmai_seactivityrel', '1', '66', 'parent_id', 'Related To', '1', '0', '', '100', '7', '19', '1', 'I~O', '1', null, 'BAS', '1', null);
INSERT INTO xmai_field VALUES ('9', '239', 'contactid', 'xmai_cntactivityrel', '1', '57', 'contact_id', 'Contact Name', '1', '0', '', '100', '8', '19', '1', 'I~O', '1', null, 'BAS', '1', null);
INSERT INTO xmai_field VALUES ('9', '240', 'status', 'xmai_activity', '1', '15', 'taskstatus', 'Status', '1', '0', '', '100', '8', '19', '1', 'V~M', '0', '3', 'BAS', '1', null);
INSERT INTO xmai_field VALUES ('9', '241', 'eventstatus', 'xmai_activity', '1', '15', 'eventstatus', 'Status', '1', '0', '', '100', '9', '19', '3', 'V~O', '1', null, 'BAS', '1', null);
INSERT INTO xmai_field VALUES ('9', '242', 'priority', 'xmai_activity', '1', '15', 'taskpriority', 'Priority', '1', '0', '', '100', '10', '19', '1', 'V~O', '1', null, 'BAS', '1', null);
INSERT INTO xmai_field VALUES ('9', '243', 'sendnotification', 'xmai_activity', '1', '56', 'sendnotification', 'Send Notification', '1', '0', '', '100', '11', '19', '1', 'C~O', '1', null, 'BAS', '1', null);
INSERT INTO xmai_field VALUES ('9', '244', 'createdtime', 'xmai_crmentity', '1', '70', 'createdtime', 'Created Time', '1', '0', '', '100', '14', '19', '2', 'DT~O', '3', null, 'BAS', '0', null);
INSERT INTO xmai_field VALUES ('9', '245', 'modifiedtime', 'xmai_crmentity', '1', '70', 'modifiedtime', 'Modified Time', '1', '0', '', '100', '15', '19', '2', 'DT~O', '3', null, 'BAS', '0', null);
INSERT INTO xmai_field VALUES ('9', '246', 'activitytype', 'xmai_activity', '1', '15', 'activitytype', 'Activity Type', '1', '0', '', '100', '16', '19', '3', 'V~O', '1', null, 'BAS', '1', null);
INSERT INTO xmai_field VALUES ('9', '247', 'visibility', 'xmai_activity', '1', '16', 'visibility', 'Visibility', '1', '0', '', '100', '17', '19', '3', 'V~O', '1', null, 'BAS', '1', null);
INSERT INTO xmai_field VALUES ('9', '248', 'description', 'xmai_crmentity', '1', '19', 'description', 'Description', '1', '0', '', '100', '1', '20', '1', 'V~O', '1', null, 'BAS', '1', null);
INSERT INTO xmai_field VALUES ('9', '249', 'duration_hours', 'xmai_activity', '1', '63', 'duration_hours', 'Duration', '1', '0', '', '100', '17', '19', '3', 'T~O', '1', null, 'BAS', '1', null);
INSERT INTO xmai_field VALUES ('9', '250', 'duration_minutes', 'xmai_activity', '1', '16', 'duration_minutes', 'Duration Minutes', '1', '0', '', '100', '18', '19', '3', 'T~O', '1', null, 'BAS', '1', null);
INSERT INTO xmai_field VALUES ('9', '251', 'location', 'xmai_activity', '1', '1', 'location', 'Location', '1', '0', '', '100', '19', '19', '3', 'V~O', '1', null, 'BAS', '1', null);
INSERT INTO xmai_field VALUES ('9', '252', 'reminder_time', 'xmai_activity_reminder', '1', '30', 'reminder_time', 'Send Reminder', '1', '0', '', '100', '1', '19', '3', 'I~O', '1', null, 'BAS', '1', null);
INSERT INTO xmai_field VALUES ('9', '253', 'recurringtype', 'xmai_activity', '1', '16', 'recurringtype', 'Recurrence', '1', '0', '', '100', '6', '19', '3', 'O~O', '1', null, 'BAS', '1', null);
INSERT INTO xmai_field VALUES ('9', '254', 'notime', 'xmai_activity', '1', '56', 'notime', 'No Time', '1', '0', '', '100', '20', '19', '3', 'C~O', '1', null, 'BAS', '1', null);
INSERT INTO xmai_field VALUES ('9', '255', 'modifiedby', 'xmai_crmentity', '1', '52', 'modifiedby', 'Last Modified By', '1', '0', '', '100', '22', '19', '3', 'V~O', '3', null, 'BAS', '0', null);
INSERT INTO xmai_field VALUES ('16', '256', 'subject', 'xmai_activity', '1', '2', 'subject', 'Subject', '1', '0', '', '100', '1', '41', '1', 'V~M', '0', '1', 'BAS', '1', null);
INSERT INTO xmai_field VALUES ('16', '257', 'smownerid', 'xmai_crmentity', '1', '53', 'assigned_user_id', 'Assigned To', '1', '0', '', '100', '2', '41', '1', 'V~M', '0', '6', 'BAS', '1', null);
INSERT INTO xmai_field VALUES ('16', '258', 'date_start', 'xmai_activity', '1', '6', 'date_start', 'Start Date & Time', '1', '0', '', '100', '3', '41', '1', 'DT~M~time_start', '0', '2', 'BAS', '1', null);
INSERT INTO xmai_field VALUES ('16', '259', 'time_start', 'xmai_activity', '1', '2', 'time_start', 'Time Start', '1', '0', '', '100', '4', '41', '3', 'T~M', '1', null, 'BAS', '1', null);
INSERT INTO xmai_field VALUES ('16', '260', 'due_date', 'xmai_activity', '1', '23', 'due_date', 'End Date', '1', '0', '', '100', '5', '41', '1', 'D~M~OTH~GE~date_start~Start Date & Time', '0', '5', 'BAS', '1', null);
INSERT INTO xmai_field VALUES ('16', '261', 'time_end', 'xmai_activity', '1', '2', 'time_end', 'End Time', '1', '0', '', '100', '5', '41', '3', 'T~M', '1', null, 'BAS', '1', null);
INSERT INTO xmai_field VALUES ('16', '262', 'recurringtype', 'xmai_activity', '1', '16', 'recurringtype', 'Recurrence', '1', '0', '', '100', '6', '41', '1', 'O~O', '1', null, 'BAS', '1', null);
INSERT INTO xmai_field VALUES ('16', '263', 'duration_hours', 'xmai_activity', '1', '63', 'duration_hours', 'Duration', '1', '0', '', '100', '7', '41', '1', 'I~M', '1', null, 'BAS', '1', null);
INSERT INTO xmai_field VALUES ('16', '264', 'duration_minutes', 'xmai_activity', '1', '16', 'duration_minutes', 'Duration Minutes', '1', '0', '', '100', '8', '41', '3', 'O~O', '1', null, 'BAS', '1', null);
INSERT INTO xmai_field VALUES ('16', '265', 'crmid', 'xmai_seactivityrel', '1', '66', 'parent_id', 'Related To', '1', '0', '', '100', '9', '41', '1', 'I~O', '1', null, 'BAS', '1', null);
INSERT INTO xmai_field VALUES ('16', '266', 'eventstatus', 'xmai_activity', '1', '15', 'eventstatus', 'Status', '1', '0', '', '100', '10', '41', '1', 'V~M', '0', '3', 'BAS', '1', null);
INSERT INTO xmai_field VALUES ('16', '267', 'sendnotification', 'xmai_activity', '1', '56', 'sendnotification', 'Send Notification', '1', '0', '', '100', '11', '41', '1', 'C~O', '1', null, 'BAS', '1', null);
INSERT INTO xmai_field VALUES ('16', '268', 'activitytype', 'xmai_activity', '1', '15', 'activitytype', 'Activity Type', '1', '0', '', '100', '12', '41', '1', 'V~M', '0', '4', 'BAS', '1', null);
INSERT INTO xmai_field VALUES ('16', '269', 'location', 'xmai_activity', '1', '1', 'location', 'Location', '1', '0', '', '100', '13', '41', '1', 'V~O', '1', null, 'BAS', '1', null);
INSERT INTO xmai_field VALUES ('16', '270', 'createdtime', 'xmai_crmentity', '1', '70', 'createdtime', 'Created Time', '1', '0', '', '100', '14', '41', '2', 'DT~O', '3', null, 'BAS', '0', null);
INSERT INTO xmai_field VALUES ('16', '271', 'modifiedtime', 'xmai_crmentity', '1', '70', 'modifiedtime', 'Modified Time', '1', '0', '', '100', '15', '41', '2', 'DT~O', '3', null, 'BAS', '0', null);
INSERT INTO xmai_field VALUES ('16', '272', 'priority', 'xmai_activity', '1', '15', 'taskpriority', 'Priority', '1', '0', '', '100', '16', '41', '1', 'V~O', '1', null, 'BAS', '1', null);
INSERT INTO xmai_field VALUES ('16', '273', 'notime', 'xmai_activity', '1', '56', 'notime', 'No Time', '1', '0', '', '100', '17', '41', '1', 'C~O', '1', null, 'BAS', '1', null);
INSERT INTO xmai_field VALUES ('16', '274', 'visibility', 'xmai_activity', '1', '16', 'visibility', 'Visibility', '1', '0', '', '100', '18', '41', '1', 'V~O', '1', null, 'BAS', '1', null);
INSERT INTO xmai_field VALUES ('16', '275', 'modifiedby', 'xmai_crmentity', '1', '52', 'modifiedby', 'Last Modified By', '1', '0', '', '100', '22', '41', '3', 'V~O', '3', null, 'BAS', '0', null);
INSERT INTO xmai_field VALUES ('16', '276', 'description', 'xmai_crmentity', '1', '19', 'description', 'Description', '1', '0', '', '100', '1', '41', '1', 'V~O', '1', null, 'BAS', '1', null);
INSERT INTO xmai_field VALUES ('16', '277', 'reminder_time', 'xmai_activity_reminder', '1', '30', 'reminder_time', 'Send Reminder', '1', '0', '', '100', '1', '40', '1', 'I~O', '1', null, 'BAS', '1', null);
INSERT INTO xmai_field VALUES ('16', '278', 'contactid', 'xmai_cntactivityrel', '1', '57', 'contact_id', 'Contact Name', '1', '0', '', '100', '1', '19', '1', 'I~O', '1', null, 'BAS', '1', null);
INSERT INTO xmai_field VALUES ('15', '279', 'product_id', 'xmai_faq', '1', '59', 'product_id', 'Product Name', '1', '2', '', '100', '1', '37', '1', 'I~O', '3', null, 'BAS', '1', null);
INSERT INTO xmai_field VALUES ('15', '280', 'faq_no', 'xmai_faq', '1', '4', 'faq_no', 'Faq No', '1', '0', '', '100', '2', '37', '1', 'V~O', '3', null, 'BAS', '0', null);
INSERT INTO xmai_field VALUES ('15', '281', 'category', 'xmai_faq', '1', '15', 'faqcategories', 'Category', '1', '2', '', '100', '4', '37', '1', 'V~O', '3', null, 'BAS', '1', null);
INSERT INTO xmai_field VALUES ('15', '282', 'status', 'xmai_faq', '1', '15', 'faqstatus', 'Status', '1', '2', '', '100', '3', '37', '1', 'V~M', '3', null, 'BAS', '1', null);
INSERT INTO xmai_field VALUES ('15', '283', 'question', 'xmai_faq', '1', '20', 'question', 'Question', '1', '2', '', '100', '7', '37', '1', 'V~M', '3', null, 'BAS', '1', null);
INSERT INTO xmai_field VALUES ('15', '284', 'answer', 'xmai_faq', '1', '20', 'faq_answer', 'Answer', '1', '2', '', '100', '8', '37', '1', 'V~M', '3', null, 'BAS', '1', null);
INSERT INTO xmai_field VALUES ('15', '285', 'comments', 'xmai_faqcomments', '1', '19', 'comments', 'Add Comment', '1', '0', '', '100', '1', '38', '1', 'V~O', '3', null, 'BAS', '0', null);
INSERT INTO xmai_field VALUES ('15', '286', 'createdtime', 'xmai_crmentity', '1', '70', 'createdtime', 'Created Time', '1', '0', '', '100', '5', '37', '2', 'DT~O', '3', null, 'BAS', '0', null);
INSERT INTO xmai_field VALUES ('15', '287', 'modifiedtime', 'xmai_crmentity', '1', '70', 'modifiedtime', 'Modified Time', '1', '0', '', '100', '6', '37', '2', 'DT~O', '3', null, 'BAS', '0', null);
INSERT INTO xmai_field VALUES ('15', '288', 'modifiedby', 'xmai_crmentity', '1', '52', 'modifiedby', 'Last Modified By', '1', '0', '', '100', '7', '37', '3', 'V~O', '3', null, 'BAS', '0', null);
INSERT INTO xmai_field VALUES ('18', '289', 'vendorname', 'xmai_vendor', '1', '2', 'vendorname', 'Vendor Name', '1', '0', '', '100', '1', '42', '1', 'V~M', '0', '1', 'BAS', '1', null);
INSERT INTO xmai_field VALUES ('18', '290', 'vendor_no', 'xmai_vendor', '1', '4', 'vendor_no', 'Vendor No', '1', '0', '', '100', '2', '42', '1', 'V~O', '3', null, 'BAS', '0', null);
INSERT INTO xmai_field VALUES ('18', '291', 'phone', 'xmai_vendor', '1', '1', 'phone', 'Phone', '1', '2', '', '100', '4', '42', '1', 'V~O', '2', '2', 'BAS', '1', null);
INSERT INTO xmai_field VALUES ('18', '292', 'email', 'xmai_vendor', '1', '13', 'email', 'Email', '1', '2', '', '100', '3', '42', '1', 'E~O', '2', '3', 'BAS', '1', null);
INSERT INTO xmai_field VALUES ('18', '293', 'website', 'xmai_vendor', '1', '17', 'website', 'Website', '1', '2', '', '100', '6', '42', '1', 'V~O', '1', null, 'BAS', '1', null);
INSERT INTO xmai_field VALUES ('18', '294', 'glacct', 'xmai_vendor', '1', '15', 'glacct', 'GL Account', '1', '2', '', '100', '5', '42', '1', 'V~O', '1', null, 'BAS', '1', null);
INSERT INTO xmai_field VALUES ('18', '295', 'category', 'xmai_vendor', '1', '1', 'category', 'Category', '1', '2', '', '100', '8', '42', '1', 'V~O', '1', null, 'BAS', '1', null);
INSERT INTO xmai_field VALUES ('18', '296', 'createdtime', 'xmai_crmentity', '1', '70', 'createdtime', 'Created Time', '1', '0', '', '100', '7', '42', '2', 'DT~O', '3', null, 'BAS', '0', null);
INSERT INTO xmai_field VALUES ('18', '297', 'modifiedtime', 'xmai_crmentity', '1', '70', 'modifiedtime', 'Modified Time', '1', '0', '', '100', '9', '42', '2', 'DT~O', '3', null, 'BAS', '0', null);
INSERT INTO xmai_field VALUES ('18', '298', 'modifiedby', 'xmai_crmentity', '1', '52', 'modifiedby', 'Last Modified By', '1', '0', '', '100', '12', '42', '3', 'V~O', '3', null, 'BAS', '0', null);
INSERT INTO xmai_field VALUES ('18', '299', 'street', 'xmai_vendor', '1', '21', 'street', 'Street', '1', '2', '', '100', '1', '44', '1', 'V~O', '1', null, 'ADV', '1', null);
INSERT INTO xmai_field VALUES ('18', '300', 'pobox', 'xmai_vendor', '1', '1', 'pobox', 'Po Box', '1', '2', '', '100', '2', '44', '1', 'V~O', '1', null, 'ADV', '1', null);
INSERT INTO xmai_field VALUES ('18', '301', 'city', 'xmai_vendor', '1', '1', 'city', 'City', '1', '2', '', '100', '3', '44', '1', 'V~O', '1', null, 'ADV', '1', null);
INSERT INTO xmai_field VALUES ('18', '302', 'state', 'xmai_vendor', '1', '1', 'state', 'State', '1', '2', '', '100', '4', '44', '1', 'V~O', '1', null, 'ADV', '1', null);
INSERT INTO xmai_field VALUES ('18', '303', 'postalcode', 'xmai_vendor', '1', '1', 'postalcode', 'Postal Code', '1', '2', '', '100', '5', '44', '1', 'V~O', '1', null, 'ADV', '1', null);
INSERT INTO xmai_field VALUES ('18', '304', 'country', 'xmai_vendor', '1', '1', 'country', 'Country', '1', '2', '', '100', '6', '44', '1', 'V~O', '1', null, 'ADV', '1', null);
INSERT INTO xmai_field VALUES ('18', '305', 'description', 'xmai_crmentity', '1', '19', 'description', 'Description', '1', '2', '', '100', '1', '45', '1', 'V~O', '1', null, 'ADV', '1', null);
INSERT INTO xmai_field VALUES ('19', '306', 'bookname', 'xmai_pricebook', '1', '2', 'bookname', 'Price Book Name', '1', '0', '', '100', '1', '46', '1', 'V~M', '0', '1', 'BAS', '1', null);
INSERT INTO xmai_field VALUES ('19', '307', 'pricebook_no', 'xmai_pricebook', '1', '4', 'pricebook_no', 'PriceBook No', '1', '0', '', '100', '3', '46', '1', 'V~O', '3', null, 'BAS', '0', null);
INSERT INTO xmai_field VALUES ('19', '308', 'active', 'xmai_pricebook', '1', '56', 'active', 'Active', '1', '2', '', '100', '2', '46', '1', 'C~O', '2', '2', 'BAS', '1', null);
INSERT INTO xmai_field VALUES ('19', '309', 'createdtime', 'xmai_crmentity', '1', '70', 'createdtime', 'Created Time', '1', '0', '', '100', '4', '46', '2', 'DT~O', '3', null, 'BAS', '0', null);
INSERT INTO xmai_field VALUES ('19', '310', 'modifiedtime', 'xmai_crmentity', '1', '70', 'modifiedtime', 'Modified Time', '1', '0', '', '100', '5', '46', '2', 'DT~O', '3', null, 'BAS', '0', null);
INSERT INTO xmai_field VALUES ('19', '311', 'currency_id', 'xmai_pricebook', '1', '117', 'currency_id', 'Currency', '1', '0', '', '100', '5', '46', '1', 'I~M', '0', '3', 'BAS', '0', null);
INSERT INTO xmai_field VALUES ('19', '312', 'modifiedby', 'xmai_crmentity', '1', '52', 'modifiedby', 'Last Modified By', '1', '0', '', '100', '7', '46', '3', 'V~O', '3', null, 'BAS', '0', null);
INSERT INTO xmai_field VALUES ('19', '313', 'description', 'xmai_crmentity', '1', '19', 'description', 'Description', '1', '2', '', '100', '1', '48', '1', 'V~O', '1', null, 'BAS', '1', null);
INSERT INTO xmai_field VALUES ('20', '314', 'quote_no', 'xmai_quotes', '1', '4', 'quote_no', 'Quote No', '1', '0', '', '100', '3', '49', '1', 'V~O', '3', null, 'BAS', '0', null);
INSERT INTO xmai_field VALUES ('20', '315', 'subject', 'xmai_quotes', '1', '2', 'subject', 'Subject', '1', '0', '', '100', '1', '49', '1', 'V~M', '1', null, 'BAS', '1', null);
INSERT INTO xmai_field VALUES ('20', '316', 'potentialid', 'xmai_quotes', '1', '76', 'potential_id', 'Potential Name', '1', '2', '', '100', '2', '49', '1', 'I~O', '3', null, 'BAS', '1', null);
INSERT INTO xmai_field VALUES ('20', '317', 'quotestage', 'xmai_quotes', '1', '15', 'quotestage', 'Quote Stage', '1', '2', '', '100', '4', '49', '1', 'V~M', '3', null, 'BAS', '1', null);
INSERT INTO xmai_field VALUES ('20', '318', 'validtill', 'xmai_quotes', '1', '5', 'validtill', 'Valid Till', '1', '2', '', '100', '5', '49', '1', 'D~O', '3', null, 'BAS', '1', null);
INSERT INTO xmai_field VALUES ('20', '319', 'contactid', 'xmai_quotes', '1', '57', 'contact_id', 'Contact Name', '1', '2', '', '100', '6', '49', '1', 'V~O', '3', null, 'BAS', '1', null);
INSERT INTO xmai_field VALUES ('20', '320', 'carrier', 'xmai_quotes', '1', '15', 'carrier', 'Carrier', '1', '2', '', '100', '8', '49', '1', 'V~O', '3', null, 'BAS', '1', null);
INSERT INTO xmai_field VALUES ('20', '321', 'subtotal', 'xmai_quotes', '1', '72', 'hdnSubTotal', 'Sub Total', '1', '2', '', '100', '9', '49', '3', 'N~O', '3', null, 'BAS', '1', null);
INSERT INTO xmai_field VALUES ('20', '322', 'shipping', 'xmai_quotes', '1', '1', 'shipping', 'Shipping', '1', '2', '', '100', '10', '49', '1', 'V~O', '3', null, 'BAS', '1', null);
INSERT INTO xmai_field VALUES ('20', '323', 'inventorymanager', 'xmai_quotes', '1', '77', 'assigned_user_id1', 'Inventory Manager', '1', '2', '', '100', '11', '49', '1', 'I~O', '3', null, 'BAS', '1', null);
INSERT INTO xmai_field VALUES ('20', '324', 'adjustment', 'xmai_quotes', '1', '72', 'txtAdjustment', 'Adjustment', '1', '2', '', '100', '20', '49', '3', 'NN~O', '3', null, 'BAS', '1', null);
INSERT INTO xmai_field VALUES ('20', '325', 'total', 'xmai_quotes', '1', '72', 'hdnGrandTotal', 'Total', '1', '2', '', '100', '14', '49', '3', 'N~O', '3', null, 'BAS', '1', null);
INSERT INTO xmai_field VALUES ('20', '326', 'taxtype', 'xmai_quotes', '1', '16', 'hdnTaxType', 'Tax Type', '1', '2', '', '100', '14', '49', '3', 'V~O', '3', null, 'BAS', '1', null);
INSERT INTO xmai_field VALUES ('20', '327', 'discount_percent', 'xmai_quotes', '1', '1', 'hdnDiscountPercent', 'Discount Percent', '1', '2', '', '100', '14', '49', '3', 'N~O', '3', null, 'BAS', '1', null);
INSERT INTO xmai_field VALUES ('20', '328', 'discount_amount', 'xmai_quotes', '1', '72', 'hdnDiscountAmount', 'Discount Amount', '1', '2', '', '100', '14', '49', '3', 'N~O', '3', null, 'BAS', '1', null);
INSERT INTO xmai_field VALUES ('20', '329', 's_h_amount', 'xmai_quotes', '1', '72', 'hdnS_H_Amount', 'S&H Amount', '1', '2', '', '100', '14', '49', '3', 'N~O', '3', null, 'BAS', '1', null);
INSERT INTO xmai_field VALUES ('20', '330', 'accountid', 'xmai_quotes', '1', '73', 'account_id', 'Account Name', '1', '2', '', '100', '16', '49', '1', 'I~M', '3', null, 'BAS', '1', null);
INSERT INTO xmai_field VALUES ('20', '331', 'smownerid', 'xmai_crmentity', '1', '53', 'assigned_user_id', 'Assigned To', '1', '0', '', '100', '17', '49', '1', 'V~M', '3', null, 'BAS', '1', null);
INSERT INTO xmai_field VALUES ('20', '332', 'createdtime', 'xmai_crmentity', '1', '70', 'createdtime', 'Created Time', '1', '0', '', '100', '18', '49', '2', 'DT~O', '3', null, 'BAS', '0', null);
INSERT INTO xmai_field VALUES ('20', '333', 'modifiedtime', 'xmai_crmentity', '1', '70', 'modifiedtime', 'Modified Time', '1', '0', '', '100', '19', '49', '2', 'DT~O', '3', null, 'BAS', '0', null);
INSERT INTO xmai_field VALUES ('20', '334', 'modifiedby', 'xmai_crmentity', '1', '52', 'modifiedby', 'Last Modified By', '1', '0', '', '100', '22', '49', '3', 'V~O', '3', null, 'BAS', '0', null);
INSERT INTO xmai_field VALUES ('20', '335', 'currency_id', 'xmai_quotes', '1', '117', 'currency_id', 'Currency', '1', '2', '1', '100', '20', '49', '3', 'I~O', '3', null, 'BAS', '1', null);
INSERT INTO xmai_field VALUES ('20', '336', 'conversion_rate', 'xmai_quotes', '1', '1', 'conversion_rate', 'Conversion Rate', '1', '2', '1', '100', '21', '49', '3', 'N~O', '3', null, 'BAS', '1', null);
INSERT INTO xmai_field VALUES ('20', '337', 'bill_street', 'xmai_quotesbillads', '1', '24', 'bill_street', 'Billing Address', '1', '2', '', '100', '1', '51', '1', 'V~M', '3', null, 'BAS', '1', null);
INSERT INTO xmai_field VALUES ('20', '338', 'ship_street', 'xmai_quotesshipads', '1', '24', 'ship_street', 'Shipping Address', '1', '2', '', '100', '2', '51', '1', 'V~M', '3', null, 'BAS', '1', null);
INSERT INTO xmai_field VALUES ('20', '339', 'bill_city', 'xmai_quotesbillads', '1', '1', 'bill_city', 'Billing City', '1', '2', '', '100', '5', '51', '1', 'V~O', '3', null, 'BAS', '1', null);
INSERT INTO xmai_field VALUES ('20', '340', 'ship_city', 'xmai_quotesshipads', '1', '1', 'ship_city', 'Shipping City', '1', '2', '', '100', '6', '51', '1', 'V~O', '3', null, 'BAS', '1', null);
INSERT INTO xmai_field VALUES ('20', '341', 'bill_state', 'xmai_quotesbillads', '1', '1', 'bill_state', 'Billing State', '1', '2', '', '100', '7', '51', '1', 'V~O', '3', null, 'BAS', '1', null);
INSERT INTO xmai_field VALUES ('20', '342', 'ship_state', 'xmai_quotesshipads', '1', '1', 'ship_state', 'Shipping State', '1', '2', '', '100', '8', '51', '1', 'V~O', '3', null, 'BAS', '1', null);
INSERT INTO xmai_field VALUES ('20', '343', 'bill_code', 'xmai_quotesbillads', '1', '1', 'bill_code', 'Billing Code', '1', '2', '', '100', '9', '51', '1', 'V~O', '3', null, 'BAS', '1', null);
INSERT INTO xmai_field VALUES ('20', '344', 'ship_code', 'xmai_quotesshipads', '1', '1', 'ship_code', 'Shipping Code', '1', '2', '', '100', '10', '51', '1', 'V~O', '3', null, 'BAS', '1', null);
INSERT INTO xmai_field VALUES ('20', '345', 'bill_country', 'xmai_quotesbillads', '1', '1', 'bill_country', 'Billing Country', '1', '2', '', '100', '11', '51', '1', 'V~O', '3', null, 'BAS', '1', null);
INSERT INTO xmai_field VALUES ('20', '346', 'ship_country', 'xmai_quotesshipads', '1', '1', 'ship_country', 'Shipping Country', '1', '2', '', '100', '12', '51', '1', 'V~O', '3', null, 'BAS', '1', null);
INSERT INTO xmai_field VALUES ('20', '347', 'bill_pobox', 'xmai_quotesbillads', '1', '1', 'bill_pobox', 'Billing Po Box', '1', '2', '', '100', '3', '51', '1', 'V~O', '3', null, 'BAS', '1', null);
INSERT INTO xmai_field VALUES ('20', '348', 'ship_pobox', 'xmai_quotesshipads', '1', '1', 'ship_pobox', 'Shipping Po Box', '1', '2', '', '100', '4', '51', '1', 'V~O', '3', null, 'BAS', '1', null);
INSERT INTO xmai_field VALUES ('20', '349', 'description', 'xmai_crmentity', '1', '19', 'description', 'Description', '1', '2', '', '100', '1', '54', '1', 'V~O', '3', null, 'ADV', '1', null);
INSERT INTO xmai_field VALUES ('20', '350', 'terms_conditions', 'xmai_quotes', '1', '19', 'terms_conditions', 'Terms & Conditions', '1', '2', '', '100', '1', '53', '1', 'V~O', '3', null, 'ADV', '1', null);
INSERT INTO xmai_field VALUES ('21', '351', 'purchaseorder_no', 'xmai_purchaseorder', '1', '4', 'purchaseorder_no', 'PurchaseOrder No', '1', '0', '', '100', '2', '55', '1', 'V~O', '3', null, 'BAS', '0', null);
INSERT INTO xmai_field VALUES ('21', '352', 'subject', 'xmai_purchaseorder', '1', '2', 'subject', 'Subject', '1', '0', '', '100', '1', '55', '1', 'V~M', '3', null, 'BAS', '1', null);
INSERT INTO xmai_field VALUES ('21', '353', 'vendorid', 'xmai_purchaseorder', '1', '81', 'vendor_id', 'Vendor Name', '1', '0', '', '100', '3', '55', '1', 'I~M', '3', null, 'BAS', '1', null);
INSERT INTO xmai_field VALUES ('21', '354', 'requisition_no', 'xmai_purchaseorder', '1', '1', 'requisition_no', 'Requisition No', '1', '2', '', '100', '4', '55', '1', 'V~O', '3', null, 'BAS', '1', null);
INSERT INTO xmai_field VALUES ('21', '355', 'tracking_no', 'xmai_purchaseorder', '1', '1', 'tracking_no', 'Tracking Number', '1', '2', '', '100', '5', '55', '1', 'V~O', '3', null, 'BAS', '1', null);
INSERT INTO xmai_field VALUES ('21', '356', 'contactid', 'xmai_purchaseorder', '1', '57', 'contact_id', 'Contact Name', '1', '2', '', '100', '6', '55', '1', 'I~O', '3', null, 'BAS', '1', null);
INSERT INTO xmai_field VALUES ('21', '357', 'duedate', 'xmai_purchaseorder', '1', '5', 'duedate', 'Due Date', '1', '2', '', '100', '7', '55', '1', 'D~O', '3', null, 'BAS', '1', null);
INSERT INTO xmai_field VALUES ('21', '358', 'carrier', 'xmai_purchaseorder', '1', '15', 'carrier', 'Carrier', '1', '2', '', '100', '8', '55', '1', 'V~O', '3', null, 'BAS', '1', null);
INSERT INTO xmai_field VALUES ('21', '359', 'adjustment', 'xmai_purchaseorder', '1', '72', 'txtAdjustment', 'Adjustment', '1', '2', '', '100', '10', '55', '3', 'NN~O', '3', null, 'BAS', '1', null);
INSERT INTO xmai_field VALUES ('21', '360', 'salescommission', 'xmai_purchaseorder', '1', '1', 'salescommission', 'Sales Commission', '1', '2', '', '100', '11', '55', '1', 'N~O', '3', null, 'BAS', '1', null);
INSERT INTO xmai_field VALUES ('21', '361', 'exciseduty', 'xmai_purchaseorder', '1', '1', 'exciseduty', 'Excise Duty', '1', '2', '', '100', '12', '55', '1', 'N~O', '3', null, 'BAS', '1', null);
INSERT INTO xmai_field VALUES ('21', '362', 'total', 'xmai_purchaseorder', '1', '72', 'hdnGrandTotal', 'Total', '1', '2', '', '100', '13', '55', '3', 'N~O', '3', null, 'BAS', '1', null);
INSERT INTO xmai_field VALUES ('21', '363', 'subtotal', 'xmai_purchaseorder', '1', '72', 'hdnSubTotal', 'Sub Total', '1', '2', '', '100', '14', '55', '3', 'N~O', '3', null, 'BAS', '1', null);
INSERT INTO xmai_field VALUES ('21', '364', 'taxtype', 'xmai_purchaseorder', '1', '16', 'hdnTaxType', 'Tax Type', '1', '2', '', '100', '14', '55', '3', 'V~O', '3', null, 'BAS', '1', null);
INSERT INTO xmai_field VALUES ('21', '365', 'discount_percent', 'xmai_purchaseorder', '1', '1', 'hdnDiscountPercent', 'Discount Percent', '1', '2', '', '100', '14', '55', '3', 'N~O', '3', null, 'BAS', '1', null);
INSERT INTO xmai_field VALUES ('21', '366', 'discount_amount', 'xmai_purchaseorder', '1', '72', 'hdnDiscountAmount', 'Discount Amount', '1', '0', '', '100', '14', '55', '3', 'N~O', '3', null, 'BAS', '1', null);
INSERT INTO xmai_field VALUES ('21', '367', 's_h_amount', 'xmai_purchaseorder', '1', '72', 'hdnS_H_Amount', 'S&H Amount', '1', '2', '', '100', '14', '55', '3', 'N~O', '3', null, 'BAS', '1', null);
INSERT INTO xmai_field VALUES ('21', '368', 'postatus', 'xmai_purchaseorder', '1', '15', 'postatus', 'Status', '1', '2', '', '100', '15', '55', '1', 'V~M', '3', null, 'BAS', '1', null);
INSERT INTO xmai_field VALUES ('21', '369', 'smownerid', 'xmai_crmentity', '1', '53', 'assigned_user_id', 'Assigned To', '1', '0', '', '100', '16', '55', '1', 'V~M', '3', null, 'BAS', '1', null);
INSERT INTO xmai_field VALUES ('21', '370', 'createdtime', 'xmai_crmentity', '1', '70', 'createdtime', 'Created Time', '1', '0', '', '100', '17', '55', '2', 'DT~O', '3', null, 'BAS', '0', null);
INSERT INTO xmai_field VALUES ('21', '371', 'modifiedtime', 'xmai_crmentity', '1', '70', 'modifiedtime', 'Modified Time', '1', '0', '', '100', '18', '55', '2', 'DT~O', '3', null, 'BAS', '0', null);
INSERT INTO xmai_field VALUES ('21', '372', 'modifiedby', 'xmai_crmentity', '1', '52', 'modifiedby', 'Last Modified By', '1', '0', '', '100', '22', '55', '3', 'V~O', '3', null, 'BAS', '0', null);
INSERT INTO xmai_field VALUES ('21', '373', 'currency_id', 'xmai_purchaseorder', '1', '117', 'currency_id', 'Currency', '1', '2', '1', '100', '19', '55', '3', 'I~O', '3', null, 'BAS', '1', null);
INSERT INTO xmai_field VALUES ('21', '374', 'conversion_rate', 'xmai_purchaseorder', '1', '1', 'conversion_rate', 'Conversion Rate', '1', '2', '1', '100', '20', '55', '3', 'N~O', '3', null, 'BAS', '1', null);
INSERT INTO xmai_field VALUES ('21', '375', 'bill_street', 'xmai_pobillads', '1', '24', 'bill_street', 'Billing Address', '1', '2', '', '100', '1', '57', '1', 'V~M', '3', null, 'BAS', '1', null);
INSERT INTO xmai_field VALUES ('21', '376', 'ship_street', 'xmai_poshipads', '1', '24', 'ship_street', 'Shipping Address', '1', '2', '', '100', '2', '57', '1', 'V~M', '3', null, 'BAS', '1', null);
INSERT INTO xmai_field VALUES ('21', '377', 'bill_city', 'xmai_pobillads', '1', '1', 'bill_city', 'Billing City', '1', '2', '', '100', '5', '57', '1', 'V~O', '3', null, 'BAS', '1', null);
INSERT INTO xmai_field VALUES ('21', '378', 'ship_city', 'xmai_poshipads', '1', '1', 'ship_city', 'Shipping City', '1', '2', '', '100', '6', '57', '1', 'V~O', '3', null, 'BAS', '1', null);
INSERT INTO xmai_field VALUES ('21', '379', 'bill_state', 'xmai_pobillads', '1', '1', 'bill_state', 'Billing State', '1', '2', '', '100', '7', '57', '1', 'V~O', '3', null, 'BAS', '1', null);
INSERT INTO xmai_field VALUES ('21', '380', 'ship_state', 'xmai_poshipads', '1', '1', 'ship_state', 'Shipping State', '1', '2', '', '100', '8', '57', '1', 'V~O', '3', null, 'BAS', '1', null);
INSERT INTO xmai_field VALUES ('21', '381', 'bill_code', 'xmai_pobillads', '1', '1', 'bill_code', 'Billing Code', '1', '2', '', '100', '9', '57', '1', 'V~O', '3', null, 'BAS', '1', null);
INSERT INTO xmai_field VALUES ('21', '382', 'ship_code', 'xmai_poshipads', '1', '1', 'ship_code', 'Shipping Code', '1', '2', '', '100', '10', '57', '1', 'V~O', '3', null, 'BAS', '1', null);
INSERT INTO xmai_field VALUES ('21', '383', 'bill_country', 'xmai_pobillads', '1', '1', 'bill_country', 'Billing Country', '1', '2', '', '100', '11', '57', '1', 'V~O', '3', null, 'BAS', '1', null);
INSERT INTO xmai_field VALUES ('21', '384', 'ship_country', 'xmai_poshipads', '1', '1', 'ship_country', 'Shipping Country', '1', '2', '', '100', '12', '57', '1', 'V~O', '3', null, 'BAS', '1', null);
INSERT INTO xmai_field VALUES ('21', '385', 'bill_pobox', 'xmai_pobillads', '1', '1', 'bill_pobox', 'Billing Po Box', '1', '2', '', '100', '3', '57', '1', 'V~O', '3', null, 'BAS', '1', null);
INSERT INTO xmai_field VALUES ('21', '386', 'ship_pobox', 'xmai_poshipads', '1', '1', 'ship_pobox', 'Shipping Po Box', '1', '2', '', '100', '4', '57', '1', 'V~O', '3', null, 'BAS', '1', null);
INSERT INTO xmai_field VALUES ('21', '387', 'description', 'xmai_crmentity', '1', '19', 'description', 'Description', '1', '2', '', '100', '1', '60', '1', 'V~O', '3', null, 'ADV', '1', null);
INSERT INTO xmai_field VALUES ('21', '388', 'terms_conditions', 'xmai_purchaseorder', '1', '19', 'terms_conditions', 'Terms & Conditions', '1', '2', '', '100', '1', '59', '1', 'V~O', '3', null, 'ADV', '1', null);
INSERT INTO xmai_field VALUES ('22', '389', 'salesorder_no', 'xmai_salesorder', '1', '4', 'salesorder_no', 'SalesOrder No', '1', '0', '', '100', '4', '61', '1', 'V~O', '3', null, 'BAS', '0', null);
INSERT INTO xmai_field VALUES ('22', '390', 'subject', 'xmai_salesorder', '1', '2', 'subject', 'Subject', '1', '0', '', '100', '1', '61', '1', 'V~M', '3', null, 'BAS', '1', null);
INSERT INTO xmai_field VALUES ('22', '391', 'potentialid', 'xmai_salesorder', '1', '76', 'potential_id', 'Potential Name', '1', '2', '', '100', '2', '61', '1', 'I~O', '3', null, 'BAS', '1', null);
INSERT INTO xmai_field VALUES ('22', '392', 'customerno', 'xmai_salesorder', '1', '1', 'customerno', 'Customer No', '1', '2', '', '100', '3', '61', '1', 'V~O', '3', null, 'BAS', '1', null);
INSERT INTO xmai_field VALUES ('22', '393', 'quoteid', 'xmai_salesorder', '1', '78', 'quote_id', 'Quote Name', '1', '2', '', '100', '5', '61', '1', 'I~O', '3', null, 'BAS', '0', null);
INSERT INTO xmai_field VALUES ('22', '394', 'purchaseorder', 'xmai_salesorder', '1', '1', 'xmai_purchaseorder', 'Purchase Order', '1', '2', '', '100', '5', '61', '1', 'V~O', '3', null, 'BAS', '1', null);
INSERT INTO xmai_field VALUES ('22', '395', 'contactid', 'xmai_salesorder', '1', '57', 'contact_id', 'Contact Name', '1', '2', '', '100', '6', '61', '1', 'I~O', '3', null, 'BAS', '1', null);
INSERT INTO xmai_field VALUES ('22', '396', 'duedate', 'xmai_salesorder', '1', '5', 'duedate', 'Due Date', '1', '2', '', '100', '8', '61', '1', 'D~O', '3', null, 'BAS', '1', null);
INSERT INTO xmai_field VALUES ('22', '397', 'carrier', 'xmai_salesorder', '1', '15', 'carrier', 'Carrier', '1', '2', '', '100', '9', '61', '1', 'V~O', '3', null, 'BAS', '1', null);
INSERT INTO xmai_field VALUES ('22', '398', 'pending', 'xmai_salesorder', '1', '1', 'pending', 'Pending', '1', '2', '', '100', '10', '61', '1', 'V~O', '3', null, 'BAS', '1', null);
INSERT INTO xmai_field VALUES ('22', '399', 'sostatus', 'xmai_salesorder', '1', '15', 'sostatus', 'Status', '1', '2', '', '100', '11', '61', '1', 'V~M', '3', null, 'BAS', '1', null);
INSERT INTO xmai_field VALUES ('22', '400', 'adjustment', 'xmai_salesorder', '1', '72', 'txtAdjustment', 'Adjustment', '1', '2', '', '100', '12', '61', '3', 'NN~O', '3', null, 'BAS', '1', null);
INSERT INTO xmai_field VALUES ('22', '401', 'salescommission', 'xmai_salesorder', '1', '1', 'salescommission', 'Sales Commission', '1', '2', '', '100', '13', '61', '1', 'N~O', '3', null, 'BAS', '1', null);
INSERT INTO xmai_field VALUES ('22', '402', 'exciseduty', 'xmai_salesorder', '1', '1', 'exciseduty', 'Excise Duty', '1', '2', '', '100', '13', '61', '1', 'N~O', '3', null, 'BAS', '1', null);
INSERT INTO xmai_field VALUES ('22', '403', 'total', 'xmai_salesorder', '1', '72', 'hdnGrandTotal', 'Total', '1', '2', '', '100', '14', '61', '3', 'N~O', '3', null, 'BAS', '1', null);
INSERT INTO xmai_field VALUES ('22', '404', 'subtotal', 'xmai_salesorder', '1', '72', 'hdnSubTotal', 'Sub Total', '1', '2', '', '100', '15', '61', '3', 'N~O', '3', null, 'BAS', '1', null);
INSERT INTO xmai_field VALUES ('22', '405', 'taxtype', 'xmai_salesorder', '1', '16', 'hdnTaxType', 'Tax Type', '1', '2', '', '100', '15', '61', '3', 'V~O', '3', null, 'BAS', '1', null);
INSERT INTO xmai_field VALUES ('22', '406', 'discount_percent', 'xmai_salesorder', '1', '1', 'hdnDiscountPercent', 'Discount Percent', '1', '2', '', '100', '15', '61', '3', 'N~O', '3', null, 'BAS', '1', null);
INSERT INTO xmai_field VALUES ('22', '407', 'discount_amount', 'xmai_salesorder', '1', '72', 'hdnDiscountAmount', 'Discount Amount', '1', '0', '', '100', '15', '61', '3', 'N~O', '3', null, 'BAS', '1', null);
INSERT INTO xmai_field VALUES ('22', '408', 's_h_amount', 'xmai_salesorder', '1', '72', 'hdnS_H_Amount', 'S&H Amount', '1', '2', '', '100', '15', '61', '3', 'N~O', '3', null, 'BAS', '1', null);
INSERT INTO xmai_field VALUES ('22', '409', 'accountid', 'xmai_salesorder', '1', '73', 'account_id', 'Account Name', '1', '2', '', '100', '16', '61', '1', 'I~M', '3', null, 'BAS', '1', null);
INSERT INTO xmai_field VALUES ('22', '410', 'smownerid', 'xmai_crmentity', '1', '53', 'assigned_user_id', 'Assigned To', '1', '0', '', '100', '17', '61', '1', 'V~M', '3', null, 'BAS', '1', null);
INSERT INTO xmai_field VALUES ('22', '411', 'createdtime', 'xmai_crmentity', '1', '70', 'createdtime', 'Created Time', '1', '0', '', '100', '18', '61', '2', 'DT~O', '3', null, 'BAS', '0', null);
INSERT INTO xmai_field VALUES ('22', '412', 'modifiedtime', 'xmai_crmentity', '1', '70', 'modifiedtime', 'Modified Time', '1', '0', '', '100', '19', '61', '2', 'DT~O', '3', null, 'BAS', '0', null);
INSERT INTO xmai_field VALUES ('22', '413', 'modifiedby', 'xmai_crmentity', '1', '52', 'modifiedby', 'Last Modified By', '1', '0', '', '100', '22', '61', '3', 'V~O', '3', null, 'BAS', '0', null);
INSERT INTO xmai_field VALUES ('22', '414', 'currency_id', 'xmai_salesorder', '1', '117', 'currency_id', 'Currency', '1', '2', '1', '100', '20', '61', '3', 'I~O', '3', null, 'BAS', '1', null);
INSERT INTO xmai_field VALUES ('22', '415', 'conversion_rate', 'xmai_salesorder', '1', '1', 'conversion_rate', 'Conversion Rate', '1', '2', '1', '100', '21', '61', '3', 'N~O', '3', null, 'BAS', '1', null);
INSERT INTO xmai_field VALUES ('22', '416', 'bill_street', 'xmai_sobillads', '1', '24', 'bill_street', 'Billing Address', '1', '2', '', '100', '1', '63', '1', 'V~M', '3', null, 'BAS', '1', null);
INSERT INTO xmai_field VALUES ('22', '417', 'ship_street', 'xmai_soshipads', '1', '24', 'ship_street', 'Shipping Address', '1', '2', '', '100', '2', '63', '1', 'V~M', '3', null, 'BAS', '1', null);
INSERT INTO xmai_field VALUES ('22', '418', 'bill_city', 'xmai_sobillads', '1', '1', 'bill_city', 'Billing City', '1', '2', '', '100', '5', '63', '1', 'V~O', '3', null, 'BAS', '1', null);
INSERT INTO xmai_field VALUES ('22', '419', 'ship_city', 'xmai_soshipads', '1', '1', 'ship_city', 'Shipping City', '1', '2', '', '100', '6', '63', '1', 'V~O', '3', null, 'BAS', '1', null);
INSERT INTO xmai_field VALUES ('22', '420', 'bill_state', 'xmai_sobillads', '1', '1', 'bill_state', 'Billing State', '1', '2', '', '100', '7', '63', '1', 'V~O', '3', null, 'BAS', '1', null);
INSERT INTO xmai_field VALUES ('22', '421', 'ship_state', 'xmai_soshipads', '1', '1', 'ship_state', 'Shipping State', '1', '2', '', '100', '8', '63', '1', 'V~O', '3', null, 'BAS', '1', null);
INSERT INTO xmai_field VALUES ('22', '422', 'bill_code', 'xmai_sobillads', '1', '1', 'bill_code', 'Billing Code', '1', '2', '', '100', '9', '63', '1', 'V~O', '3', null, 'BAS', '1', null);
INSERT INTO xmai_field VALUES ('22', '423', 'ship_code', 'xmai_soshipads', '1', '1', 'ship_code', 'Shipping Code', '1', '2', '', '100', '10', '63', '1', 'V~O', '3', null, 'BAS', '1', null);
INSERT INTO xmai_field VALUES ('22', '424', 'bill_country', 'xmai_sobillads', '1', '1', 'bill_country', 'Billing Country', '1', '2', '', '100', '11', '63', '1', 'V~O', '3', null, 'BAS', '1', null);
INSERT INTO xmai_field VALUES ('22', '425', 'ship_country', 'xmai_soshipads', '1', '1', 'ship_country', 'Shipping Country', '1', '2', '', '100', '12', '63', '1', 'V~O', '3', null, 'BAS', '1', null);
INSERT INTO xmai_field VALUES ('22', '426', 'bill_pobox', 'xmai_sobillads', '1', '1', 'bill_pobox', 'Billing Po Box', '1', '2', '', '100', '3', '63', '1', 'V~O', '3', null, 'BAS', '1', null);
INSERT INTO xmai_field VALUES ('22', '427', 'ship_pobox', 'xmai_soshipads', '1', '1', 'ship_pobox', 'Shipping Po Box', '1', '2', '', '100', '4', '63', '1', 'V~O', '3', null, 'BAS', '1', null);
INSERT INTO xmai_field VALUES ('22', '428', 'description', 'xmai_crmentity', '1', '19', 'description', 'Description', '1', '2', '', '100', '1', '66', '1', 'V~O', '3', null, 'ADV', '1', null);
INSERT INTO xmai_field VALUES ('22', '429', 'terms_conditions', 'xmai_salesorder', '1', '19', 'terms_conditions', 'Terms & Conditions', '1', '2', '', '100', '1', '65', '1', 'V~O', '3', null, 'ADV', '1', null);
INSERT INTO xmai_field VALUES ('22', '430', 'enable_recurring', 'xmai_salesorder', '1', '56', 'enable_recurring', 'Enable Recurring', '1', '0', '', '100', '1', '85', '1', 'C~O', '3', null, 'BAS', '0', null);
INSERT INTO xmai_field VALUES ('22', '431', 'recurring_frequency', 'xmai_invoice_recurring_info', '1', '16', 'recurring_frequency', 'Frequency', '1', '0', '', '100', '2', '85', '1', 'V~O', '3', null, 'BAS', '0', null);
INSERT INTO xmai_field VALUES ('22', '432', 'start_period', 'xmai_invoice_recurring_info', '1', '5', 'start_period', 'Start Period', '1', '0', '', '100', '3', '85', '1', 'D~O', '3', null, 'BAS', '0', null);
INSERT INTO xmai_field VALUES ('22', '433', 'end_period', 'xmai_invoice_recurring_info', '1', '5', 'end_period', 'End Period', '1', '0', '', '100', '4', '85', '1', 'D~O~OTH~G~start_period~Start Period', '3', null, 'BAS', '0', null);
INSERT INTO xmai_field VALUES ('22', '434', 'payment_duration', 'xmai_invoice_recurring_info', '1', '16', 'payment_duration', 'Payment Duration', '1', '0', '', '100', '5', '85', '1', 'V~O', '3', null, 'BAS', '0', null);
INSERT INTO xmai_field VALUES ('22', '435', 'invoice_status', 'xmai_invoice_recurring_info', '1', '15', 'invoicestatus', 'Invoice Status', '1', '0', '', '100', '6', '85', '1', 'V~M', '3', null, 'BAS', '0', null);
INSERT INTO xmai_field VALUES ('23', '436', 'subject', 'xmai_invoice', '1', '2', 'subject', 'Subject', '1', '0', '', '100', '1', '67', '1', 'V~M', '3', null, 'BAS', '1', null);
INSERT INTO xmai_field VALUES ('23', '437', 'salesorderid', 'xmai_invoice', '1', '80', 'salesorder_id', 'Sales Order', '1', '2', '', '100', '2', '67', '1', 'I~O', '3', null, 'BAS', '0', null);
INSERT INTO xmai_field VALUES ('23', '438', 'customerno', 'xmai_invoice', '1', '1', 'customerno', 'Customer No', '1', '2', '', '100', '3', '67', '1', 'V~O', '3', null, 'BAS', '1', null);
INSERT INTO xmai_field VALUES ('23', '439', 'contactid', 'xmai_invoice', '1', '57', 'contact_id', 'Contact Name', '1', '2', '', '100', '4', '67', '1', 'I~O', '3', null, 'BAS', '1', null);
INSERT INTO xmai_field VALUES ('23', '440', 'invoicedate', 'xmai_invoice', '1', '5', 'invoicedate', 'Invoice Date', '1', '2', '', '100', '5', '67', '1', 'D~O', '3', null, 'BAS', '1', null);
INSERT INTO xmai_field VALUES ('23', '441', 'duedate', 'xmai_invoice', '1', '5', 'duedate', 'Due Date', '1', '2', '', '100', '6', '67', '1', 'D~O', '3', null, 'BAS', '1', null);
INSERT INTO xmai_field VALUES ('23', '442', 'purchaseorder', 'xmai_invoice', '1', '1', 'xmai_purchaseorder', 'Purchase Order', '1', '2', '', '100', '8', '67', '1', 'V~O', '3', null, 'BAS', '1', null);
INSERT INTO xmai_field VALUES ('23', '443', 'adjustment', 'xmai_invoice', '1', '72', 'txtAdjustment', 'Adjustment', '1', '2', '', '100', '9', '67', '3', 'NN~O', '3', null, 'BAS', '1', null);
INSERT INTO xmai_field VALUES ('23', '444', 'salescommission', 'xmai_invoice', '1', '1', 'salescommission', 'Sales Commission', '1', '2', '', '10', '13', '67', '1', 'N~O', '3', null, 'BAS', '1', null);
INSERT INTO xmai_field VALUES ('23', '445', 'exciseduty', 'xmai_invoice', '1', '1', 'exciseduty', 'Excise Duty', '1', '2', '', '100', '11', '67', '1', 'N~O', '3', null, 'BAS', '1', null);
INSERT INTO xmai_field VALUES ('23', '446', 'subtotal', 'xmai_invoice', '1', '72', 'hdnSubTotal', 'Sub Total', '1', '2', '', '100', '12', '67', '3', 'N~O', '3', null, 'BAS', '1', null);
INSERT INTO xmai_field VALUES ('23', '447', 'total', 'xmai_invoice', '1', '72', 'hdnGrandTotal', 'Total', '1', '2', '', '100', '13', '67', '3', 'N~O', '3', null, 'BAS', '1', null);
INSERT INTO xmai_field VALUES ('23', '448', 'taxtype', 'xmai_invoice', '1', '16', 'hdnTaxType', 'Tax Type', '1', '2', '', '100', '13', '67', '3', 'V~O', '3', null, 'BAS', '1', null);
INSERT INTO xmai_field VALUES ('23', '449', 'discount_percent', 'xmai_invoice', '1', '1', 'hdnDiscountPercent', 'Discount Percent', '1', '2', '', '100', '13', '67', '3', 'N~O', '3', null, 'BAS', '1', null);
INSERT INTO xmai_field VALUES ('23', '450', 'discount_amount', 'xmai_invoice', '1', '72', 'hdnDiscountAmount', 'Discount Amount', '1', '2', '', '100', '13', '67', '3', 'N~O', '3', null, 'BAS', '1', null);
INSERT INTO xmai_field VALUES ('23', '451', 's_h_amount', 'xmai_invoice', '1', '72', 'hdnS_H_Amount', 'S&H Amount', '1', '2', '', '100', '14', '57', '3', 'N~O', '3', null, 'BAS', '1', null);
INSERT INTO xmai_field VALUES ('23', '452', 'accountid', 'xmai_invoice', '1', '73', 'account_id', 'Account Name', '1', '2', '', '100', '14', '67', '1', 'I~M', '3', null, 'BAS', '1', null);
INSERT INTO xmai_field VALUES ('23', '453', 'invoicestatus', 'xmai_invoice', '1', '15', 'invoicestatus', 'Status', '1', '2', '', '100', '15', '67', '1', 'V~O', '3', null, 'BAS', '1', null);
INSERT INTO xmai_field VALUES ('23', '454', 'smownerid', 'xmai_crmentity', '1', '53', 'assigned_user_id', 'Assigned To', '1', '0', '', '100', '16', '67', '1', 'V~M', '3', null, 'BAS', '1', null);
INSERT INTO xmai_field VALUES ('23', '455', 'createdtime', 'xmai_crmentity', '1', '70', 'createdtime', 'Created Time', '1', '0', '', '100', '17', '67', '2', 'DT~O', '3', null, 'BAS', '0', null);
INSERT INTO xmai_field VALUES ('23', '456', 'modifiedtime', 'xmai_crmentity', '1', '70', 'modifiedtime', 'Modified Time', '1', '0', '', '100', '18', '67', '2', 'DT~O', '3', null, 'BAS', '0', null);
INSERT INTO xmai_field VALUES ('23', '457', 'modifiedby', 'xmai_crmentity', '1', '52', 'modifiedby', 'Last Modified By', '1', '0', '', '100', '22', '67', '3', 'V~O', '3', null, 'BAS', '0', null);
INSERT INTO xmai_field VALUES ('23', '458', 'currency_id', 'xmai_invoice', '1', '117', 'currency_id', 'Currency', '1', '2', '1', '100', '19', '67', '3', 'I~O', '3', null, 'BAS', '1', null);
INSERT INTO xmai_field VALUES ('23', '459', 'conversion_rate', 'xmai_invoice', '1', '1', 'conversion_rate', 'Conversion Rate', '1', '2', '1', '100', '20', '67', '3', 'N~O', '3', null, 'BAS', '1', null);
INSERT INTO xmai_field VALUES ('23', '460', 'bill_street', 'xmai_invoicebillads', '1', '24', 'bill_street', 'Billing Address', '1', '2', '', '100', '1', '69', '1', 'V~M', '3', null, 'BAS', '1', null);
INSERT INTO xmai_field VALUES ('23', '461', 'ship_street', 'xmai_invoiceshipads', '1', '24', 'ship_street', 'Shipping Address', '1', '2', '', '100', '2', '69', '1', 'V~M', '3', null, 'BAS', '1', null);
INSERT INTO xmai_field VALUES ('23', '462', 'bill_city', 'xmai_invoicebillads', '1', '1', 'bill_city', 'Billing City', '1', '2', '', '100', '5', '69', '1', 'V~O', '3', null, 'BAS', '1', null);
INSERT INTO xmai_field VALUES ('23', '463', 'ship_city', 'xmai_invoiceshipads', '1', '1', 'ship_city', 'Shipping City', '1', '2', '', '100', '6', '69', '1', 'V~O', '3', null, 'BAS', '1', null);
INSERT INTO xmai_field VALUES ('23', '464', 'bill_state', 'xmai_invoicebillads', '1', '1', 'bill_state', 'Billing State', '1', '2', '', '100', '7', '69', '1', 'V~O', '3', null, 'BAS', '1', null);
INSERT INTO xmai_field VALUES ('23', '465', 'ship_state', 'xmai_invoiceshipads', '1', '1', 'ship_state', 'Shipping State', '1', '2', '', '100', '8', '69', '1', 'V~O', '3', null, 'BAS', '1', null);
INSERT INTO xmai_field VALUES ('23', '466', 'bill_code', 'xmai_invoicebillads', '1', '1', 'bill_code', 'Billing Code', '1', '2', '', '100', '9', '69', '1', 'V~O', '3', null, 'BAS', '1', null);
INSERT INTO xmai_field VALUES ('23', '467', 'ship_code', 'xmai_invoiceshipads', '1', '1', 'ship_code', 'Shipping Code', '1', '2', '', '100', '10', '69', '1', 'V~O', '3', null, 'BAS', '1', null);
INSERT INTO xmai_field VALUES ('23', '468', 'bill_country', 'xmai_invoicebillads', '1', '1', 'bill_country', 'Billing Country', '1', '2', '', '100', '11', '69', '1', 'V~O', '3', null, 'BAS', '1', null);
INSERT INTO xmai_field VALUES ('23', '469', 'ship_country', 'xmai_invoiceshipads', '1', '1', 'ship_country', 'Shipping Country', '1', '2', '', '100', '12', '69', '1', 'V~O', '3', null, 'BAS', '1', null);
INSERT INTO xmai_field VALUES ('23', '470', 'bill_pobox', 'xmai_invoicebillads', '1', '1', 'bill_pobox', 'Billing Po Box', '1', '2', '', '100', '3', '69', '1', 'V~O', '3', null, 'BAS', '1', null);
INSERT INTO xmai_field VALUES ('23', '471', 'ship_pobox', 'xmai_invoiceshipads', '1', '1', 'ship_pobox', 'Shipping Po Box', '1', '2', '', '100', '4', '69', '1', 'V~O', '3', null, 'BAS', '1', null);
INSERT INTO xmai_field VALUES ('23', '472', 'description', 'xmai_crmentity', '1', '19', 'description', 'Description', '1', '2', '', '100', '1', '72', '1', 'V~O', '3', null, 'ADV', '1', null);
INSERT INTO xmai_field VALUES ('23', '473', 'terms_conditions', 'xmai_invoice', '1', '19', 'terms_conditions', 'Terms & Conditions', '1', '2', '', '100', '1', '71', '1', 'V~O', '3', null, 'ADV', '1', null);
INSERT INTO xmai_field VALUES ('23', '474', 'invoice_no', 'xmai_invoice', '1', '4', 'invoice_no', 'Invoice No', '1', '0', '', '100', '3', '67', '1', 'V~O', '3', null, 'BAS', '0', null);
INSERT INTO xmai_field VALUES ('29', '475', 'user_name', 'xmai_users', '1', '106', 'user_name', 'User Name', '1', '0', '', '11', '1', '77', '1', 'V~M', '1', null, 'BAS', '1', null);
INSERT INTO xmai_field VALUES ('29', '476', 'is_admin', 'xmai_users', '1', '156', 'is_admin', 'Admin', '1', '0', '', '3', '2', '77', '1', 'V~O', '1', null, 'BAS', '1', null);
INSERT INTO xmai_field VALUES ('29', '477', 'user_password', 'xmai_users', '1', '99', 'user_password', 'Password', '1', '0', '', '30', '3', '77', '4', 'P~M', '1', null, 'BAS', '1', null);
INSERT INTO xmai_field VALUES ('29', '478', 'confirm_password', 'xmai_users', '1', '99', 'confirm_password', 'Confirm Password', '1', '0', '', '30', '5', '77', '4', 'P~M', '1', null, 'BAS', '1', null);
INSERT INTO xmai_field VALUES ('29', '479', 'first_name', 'xmai_users', '1', '1', 'first_name', 'First Name', '1', '0', '', '30', '7', '77', '1', 'V~O', '1', null, 'BAS', '1', null);
INSERT INTO xmai_field VALUES ('29', '480', 'last_name', 'xmai_users', '1', '2', 'last_name', 'Last Name', '1', '0', '', '30', '9', '77', '1', 'V~M', '1', null, 'BAS', '1', null);
INSERT INTO xmai_field VALUES ('29', '481', 'roleid', 'xmai_user2role', '1', '98', 'roleid', 'Role', '1', '0', '', '200', '11', '77', '1', 'V~M', '1', null, 'BAS', '1', null);
INSERT INTO xmai_field VALUES ('29', '482', 'email1', 'xmai_users', '1', '104', 'email1', 'Email', '1', '0', '', '100', '4', '77', '1', 'E~M', '1', null, 'BAS', '1', null);
INSERT INTO xmai_field VALUES ('29', '483', 'status', 'xmai_users', '1', '115', 'status', 'Status', '1', '0', '', '100', '6', '77', '1', 'V~O', '1', null, 'BAS', '1', null);
INSERT INTO xmai_field VALUES ('29', '484', 'activity_view', 'xmai_users', '1', '16', 'activity_view', 'Default Activity View', '1', '0', '', '100', '12', '77', '1', 'V~O', '1', null, 'BAS', '1', null);
INSERT INTO xmai_field VALUES ('29', '485', 'lead_view', 'xmai_users', '1', '16', 'lead_view', 'Default Lead View', '1', '0', '', '100', '10', '77', '1', 'V~O', '1', null, 'BAS', '1', null);
INSERT INTO xmai_field VALUES ('29', '486', 'hour_format', 'xmai_users', '1', '116', 'hour_format', 'Calendar Hour Format', '1', '0', '', '100', '13', '77', '3', 'V~O', '1', null, 'BAS', '1', null);
INSERT INTO xmai_field VALUES ('29', '487', 'end_hour', 'xmai_users', '1', '116', 'end_hour', 'Day ends at', '1', '0', '', '100', '15', '77', '3', 'V~O', '1', null, 'BAS', '1', null);
INSERT INTO xmai_field VALUES ('29', '488', 'start_hour', 'xmai_users', '1', '116', 'start_hour', 'Day starts at', '1', '0', '', '100', '14', '77', '3', 'V~O', '1', null, 'BAS', '1', null);
INSERT INTO xmai_field VALUES ('29', '489', 'title', 'xmai_users', '1', '1', 'title', 'Title', '1', '0', '', '50', '1', '79', '1', 'V~O', '1', null, 'BAS', '1', null);
INSERT INTO xmai_field VALUES ('29', '490', 'phone_work', 'xmai_users', '1', '11', 'phone_work', 'Office Phone', '1', '0', '', '50', '5', '79', '1', 'V~O', '1', null, 'BAS', '1', null);
INSERT INTO xmai_field VALUES ('29', '491', 'department', 'xmai_users', '1', '1', 'department', 'Department', '1', '0', '', '50', '3', '79', '1', 'V~O', '1', null, 'BAS', '1', null);
INSERT INTO xmai_field VALUES ('29', '492', 'phone_mobile', 'xmai_users', '1', '11', 'phone_mobile', 'Mobile', '1', '0', '', '50', '7', '79', '1', 'V~O', '1', null, 'BAS', '1', null);
INSERT INTO xmai_field VALUES ('29', '493', 'reports_to_id', 'xmai_users', '1', '101', 'reports_to_id', 'Reports To', '1', '0', '', '50', '8', '79', '1', 'V~O', '1', null, 'BAS', '1', null);
INSERT INTO xmai_field VALUES ('29', '494', 'phone_other', 'xmai_users', '1', '11', 'phone_other', 'Other Phone', '1', '0', '', '50', '11', '79', '1', 'V~O', '1', null, 'BAS', '1', null);
INSERT INTO xmai_field VALUES ('29', '495', 'email2', 'xmai_users', '1', '13', 'email2', 'Other Email', '1', '0', '', '100', '4', '79', '1', 'E~O', '1', null, 'BAS', '1', null);
INSERT INTO xmai_field VALUES ('29', '496', 'phone_fax', 'xmai_users', '1', '11', 'phone_fax', 'Fax', '1', '0', '', '50', '2', '79', '1', 'V~O', '1', null, 'BAS', '1', null);
INSERT INTO xmai_field VALUES ('29', '497', 'secondaryemail', 'xmai_users', '1', '13', 'secondaryemail', 'Secondary Email', '1', '0', '', '100', '6', '79', '1', 'E~O', '1', null, 'BAS', '1', null);
INSERT INTO xmai_field VALUES ('29', '498', 'phone_home', 'xmai_users', '1', '11', 'phone_home', 'Home Phone', '1', '0', '', '50', '9', '79', '1', 'V~O', '1', null, 'BAS', '1', null);
INSERT INTO xmai_field VALUES ('29', '499', 'date_format', 'xmai_users', '1', '16', 'date_format', 'Date Format', '1', '0', '', '30', '12', '79', '1', 'V~O', '1', null, 'BAS', '1', null);
INSERT INTO xmai_field VALUES ('29', '500', 'signature', 'xmai_users', '1', '21', 'signature', 'Signature', '1', '0', '', '250', '13', '79', '1', 'V~O', '1', null, 'BAS', '1', null);
INSERT INTO xmai_field VALUES ('29', '501', 'description', 'xmai_users', '1', '21', 'description', 'Documents', '1', '0', '', '250', '14', '79', '1', 'V~O', '1', null, 'BAS', '1', null);
INSERT INTO xmai_field VALUES ('29', '502', 'address_street', 'xmai_users', '1', '21', 'address_street', 'Street Address', '1', '0', '', '250', '1', '80', '1', 'V~O', '1', null, 'BAS', '1', null);
INSERT INTO xmai_field VALUES ('29', '503', 'address_city', 'xmai_users', '1', '1', 'address_city', 'City', '1', '0', '', '100', '3', '80', '1', 'V~O', '1', null, 'BAS', '1', null);
INSERT INTO xmai_field VALUES ('29', '504', 'address_state', 'xmai_users', '1', '1', 'address_state', 'State', '1', '0', '', '100', '5', '80', '1', 'V~O', '1', null, 'BAS', '1', null);
INSERT INTO xmai_field VALUES ('29', '505', 'address_postalcode', 'xmai_users', '1', '1', 'address_postalcode', 'Postal Code', '1', '0', '', '100', '4', '80', '1', 'V~O', '1', null, 'BAS', '1', null);
INSERT INTO xmai_field VALUES ('29', '506', 'address_country', 'xmai_users', '1', '1', 'address_country', 'Country', '1', '0', '', '100', '2', '80', '1', 'V~O', '1', null, 'BAS', '1', null);
INSERT INTO xmai_field VALUES ('29', '507', 'accesskey', 'xmai_users', '1', '3', 'accesskey', 'Webservice Access Key', '1', '0', '', '100', '2', '83', '2', 'V~O', '1', null, 'BAS', '1', null);
INSERT INTO xmai_field VALUES ('29', '508', 'time_zone', 'xmai_users', '1', '16', 'time_zone', 'Time Zone', '1', '0', '', '200', '15', '79', '1', 'V~O', '1', null, 'BAS', '1', null);
INSERT INTO xmai_field VALUES ('29', '509', 'currency_id', 'xmai_users', '1', '117', 'currency_id', 'Currency', '1', '0', '', '100', '1', '78', '1', 'I~O', '1', null, 'BAS', '1', null);
INSERT INTO xmai_field VALUES ('29', '510', 'currency_grouping_pattern', 'xmai_users', '1', '16', 'currency_grouping_pattern', 'Digit Grouping Pattern', '1', '0', '', '100', '2', '78', '1', 'V~O', '1', null, 'BAS', '1', '<b>Currency - Digit Grouping Pattern</b> <br/><br/>This pattern specifies the format in which the currency separator will be placed.');
INSERT INTO xmai_field VALUES ('29', '511', 'currency_decimal_separator', 'xmai_users', '1', '16', 'currency_decimal_separator', 'Decimal Separator', '1', '0', '', '2', '3', '78', '1', 'V~O', '1', null, 'BAS', '1', '<b>Currency - Decimal Separator</b> <br/><br/>Decimal separator specifies the separator to be used to separate the fractional values from the whole number part. <br/><b>Eg:</b> <br/>. => 123.45 <br/>, => 123,45 <br/>\' => 123\'45 <br/>  => 123 45 <br/>$ => 123$45 <br/>');
INSERT INTO xmai_field VALUES ('29', '512', 'currency_grouping_separator', 'xmai_users', '1', '16', 'currency_grouping_separator', 'Digit Grouping Separator', '1', '0', '', '2', '4', '78', '1', 'V~O', '1', null, 'BAS', '1', '<b>Currency - Grouping Separator</b> <br/><br/>Grouping separator specifies the separator to be used to group the whole number part into hundreds, thousands etc. <br/><b>Eg:</b> <br/>. => 123.456.789 <br/>, => 123,456,789 <br/>\' => 123\'456\'789 <br/>  => 123 456 789 <br/>$ => 123$456$789 <br/>');
INSERT INTO xmai_field VALUES ('29', '513', 'currency_symbol_placement', 'xmai_users', '1', '16', 'currency_symbol_placement', 'Symbol Placement', '1', '0', '', '20', '5', '78', '1', 'V~O', '1', null, 'BAS', '1', '<b>Currency - Symbol Placement</b> <br/><br/>Symbol Placement allows you to configure the position of the currency symbol with respect to the currency value.<br/><b>Eg:</b> <br/>$1.0 => $123,456,789.50 <br/>1.0$ => 123,456,789.50$ <br/>');
INSERT INTO xmai_field VALUES ('29', '514', 'imagename', 'xmai_users', '1', '105', 'imagename', 'User Image', '1', '0', '', '250', '10', '82', '1', 'V~O', '1', null, 'BAS', '1', null);
INSERT INTO xmai_field VALUES ('29', '515', 'internal_mailer', 'xmai_users', '1', '56', 'internal_mailer', 'INTERNAL_MAIL_COMPOSER', '1', '0', '', '50', '15', '79', '1', 'V~O', '1', null, 'BAS', '1', null);
INSERT INTO xmai_field VALUES ('29', '516', 'theme', 'xmai_users', '1', '31', 'theme', 'Theme', '1', '0', '', '100', '16', '79', '1', 'V~O', '1', null, 'BAS', '1', null);
INSERT INTO xmai_field VALUES ('29', '517', 'language', 'xmai_users', '1', '32', 'language', 'Language', '1', '0', '', '100', '17', '79', '1', 'V~O', '1', null, 'BAS', '1', null);
INSERT INTO xmai_field VALUES ('29', '518', 'reminder_interval', 'xmai_users', '1', '16', 'reminder_interval', 'Reminder Interval', '1', '0', '', '100', '1', '83', '1', 'V~O', '1', null, 'BAS', '1', null);
INSERT INTO xmai_field VALUES ('10', '519', 'from_email', 'xmai_emaildetails', '1', '12', 'from_email', 'From', '1', '2', '', '100', '1', '21', '3', 'V~M', '3', null, 'BAS', '0', null);
INSERT INTO xmai_field VALUES ('10', '520', 'to_email', 'xmai_emaildetails', '1', '8', 'saved_toid', 'To', '1', '2', '', '100', '2', '21', '1', 'V~M', '3', null, 'BAS', '0', null);
INSERT INTO xmai_field VALUES ('10', '521', 'cc_email', 'xmai_emaildetails', '1', '8', 'ccmail', 'CC', '1', '2', '', '1000', '3', '21', '1', 'V~O', '3', null, 'BAS', '0', null);
INSERT INTO xmai_field VALUES ('10', '522', 'bcc_email', 'xmai_emaildetails', '1', '8', 'bccmail', 'BCC', '1', '2', '', '1000', '4', '21', '1', 'V~O', '3', null, 'BAS', '0', null);
INSERT INTO xmai_field VALUES ('10', '523', 'idlists', 'xmai_emaildetails', '1', '357', 'parent_id', 'Parent ID', '1', '2', '', '1000', '5', '21', '1', 'V~O', '3', null, 'BAS', '0', null);
INSERT INTO xmai_field VALUES ('10', '524', 'email_flag', 'xmai_emaildetails', '1', '16', 'email_flag', 'Email Flag', '1', '2', '', '1000', '6', '21', '3', 'V~O', '3', null, 'BAS', '0', null);
INSERT INTO xmai_field VALUES ('36', '525', 'callfrom', 'xmai_pbxmanager', '1', '2', 'callfrom', 'Call From', '1', '0', '', '100', '1', '88', '1', 'V~M', '1', null, 'BAS', '1', '');
INSERT INTO xmai_field VALUES ('36', '526', 'callto', 'xmai_pbxmanager', '1', '2', 'callto', 'Call To', '1', '0', '', '100', '2', '88', '1', 'V~M', '1', null, 'BAS', '1', '');
INSERT INTO xmai_field VALUES ('36', '527', 'timeofcall', 'xmai_pbxmanager', '1', '2', 'timeofcall', 'Time Of Call', '1', '0', '', '100', '3', '88', '1', 'V~O', '1', null, 'BAS', '1', '');
INSERT INTO xmai_field VALUES ('36', '528', 'status', 'xmai_pbxmanager', '1', '2', 'status', 'Status', '1', '0', '', '100', '4', '88', '1', 'V~O', '1', null, 'BAS', '1', '');
INSERT INTO xmai_field VALUES ('29', '529', 'asterisk_extension', 'xmai_asteriskextensions', '1', '1', 'asterisk_extension', 'Asterisk Extension', '1', '0', '0', '30', '1', '90', '1', 'V~O', '1', null, 'BAS', '1', null);
INSERT INTO xmai_field VALUES ('29', '530', 'use_asterisk', 'xmai_asteriskextensions', '1', '56', 'use_asterisk', ' Receive Incoming Calls', '1', '0', '0', '30', '2', '90', '1', 'C~O', '1', null, 'BAS', '1', null);
INSERT INTO xmai_field VALUES ('37', '531', 'smownerid', 'xmai_crmentity', '1', '53', 'assigned_user_id', 'Assigned To', '1', '2', '', '100', '4', '91', '1', 'V~M', '2', '2', 'BAS', '1', '');
INSERT INTO xmai_field VALUES ('37', '532', 'createdtime', 'xmai_crmentity', '1', '70', 'createdtime', 'Created Time', '1', '0', '', '100', '17', '91', '2', 'V~O', '3', '0', 'BAS', '0', '');
INSERT INTO xmai_field VALUES ('37', '533', 'modifiedtime', 'xmai_crmentity', '1', '70', 'modifiedtime', 'Modified Time', '1', '0', '', '100', '18', '91', '2', 'V~O', '3', '0', 'BAS', '0', '');
INSERT INTO xmai_field VALUES ('37', '534', 'start_date', 'xmai_servicecontracts', '1', '5', 'start_date', 'Start Date', '1', '2', '', '100', '7', '91', '1', 'D~O', '2', '4', 'BAS', '1', '');
INSERT INTO xmai_field VALUES ('37', '535', 'end_date', 'xmai_servicecontracts', '1', '5', 'end_date', 'End Date', '1', '2', '', '100', '11', '91', '2', 'D~O', '3', '0', 'BAS', '0', '');
INSERT INTO xmai_field VALUES ('37', '536', 'sc_related_to', 'xmai_servicecontracts', '1', '10', 'sc_related_to', 'Related to', '1', '2', '', '100', '3', '91', '1', 'V~O', '2', '6', 'BAS', '1', '');
INSERT INTO xmai_field VALUES ('37', '537', 'tracking_unit', 'xmai_servicecontracts', '1', '15', 'tracking_unit', 'Tracking Unit', '1', '2', '', '100', '6', '91', '1', 'V~O', '2', '7', 'BAS', '1', '');
INSERT INTO xmai_field VALUES ('37', '538', 'total_units', 'xmai_servicecontracts', '1', '7', 'total_units', 'Total Units', '1', '2', '', '100', '8', '91', '1', 'V~O', '2', '8', 'BAS', '1', '');
INSERT INTO xmai_field VALUES ('37', '539', 'used_units', 'xmai_servicecontracts', '1', '7', 'used_units', 'Used Units', '1', '2', '', '100', '10', '91', '1', 'V~O', '2', '9', 'BAS', '1', '');
INSERT INTO xmai_field VALUES ('37', '540', 'subject', 'xmai_servicecontracts', '1', '1', 'subject', 'Subject', '1', '0', '', '100', '1', '91', '1', 'V~M', '0', '1', 'BAS', '1', '');
INSERT INTO xmai_field VALUES ('37', '541', 'due_date', 'xmai_servicecontracts', '1', '23', 'due_date', 'Due date', '1', '2', '', '100', '9', '91', '1', 'D~O', '2', '5', 'BAS', '1', '');
INSERT INTO xmai_field VALUES ('37', '542', 'planned_duration', 'xmai_servicecontracts', '1', '1', 'planned_duration', 'Planned Duration', '1', '2', '', '100', '13', '91', '2', 'V~O', '3', '0', 'BAS', '0', '');
INSERT INTO xmai_field VALUES ('37', '543', 'actual_duration', 'xmai_servicecontracts', '1', '1', 'actual_duration', 'Actual Duration', '1', '2', '', '100', '15', '91', '2', 'V~O', '3', '0', 'BAS', '0', '');
INSERT INTO xmai_field VALUES ('37', '544', 'contract_status', 'xmai_servicecontracts', '1', '15', 'contract_status', 'Status', '1', '2', '', '100', '12', '91', '1', 'V~O', '1', null, 'BAS', '1', '');
INSERT INTO xmai_field VALUES ('37', '545', 'priority', 'xmai_servicecontracts', '1', '15', 'contract_priority', 'Priority', '1', '2', '', '100', '14', '91', '1', 'V~O', '1', null, 'BAS', '1', '');
INSERT INTO xmai_field VALUES ('37', '546', 'contract_type', 'xmai_servicecontracts', '1', '15', 'contract_type', 'Type', '1', '2', '', '100', '5', '91', '1', 'V~O', '1', null, 'BAS', '1', '');
INSERT INTO xmai_field VALUES ('37', '547', 'progress', 'xmai_servicecontracts', '1', '9', 'progress', 'Progress', '1', '2', '', '100', '16', '91', '2', 'N~O~2~2', '3', '3', 'BAS', '0', '');
INSERT INTO xmai_field VALUES ('37', '548', 'contract_no', 'xmai_servicecontracts', '1', '4', 'contract_no', 'Contract No', '1', '0', '', '100', '2', '91', '1', 'V~O', '3', '0', 'BAS', '0', '');
INSERT INTO xmai_field VALUES ('37', '549', 'modifiedby', 'xmai_crmentity', '1', '52', 'modifiedby', 'Last Modified By', '1', '0', '', '100', '17', '91', '3', 'V~O', '3', '0', 'BAS', '0', '');
INSERT INTO xmai_field VALUES ('38', '550', 'servicename', 'xmai_service', '1', '2', 'servicename', 'Service Name', '1', '0', '', '100', '1', '93', '1', 'V~M', '0', '1', 'BAS', '1', '');
INSERT INTO xmai_field VALUES ('38', '551', 'service_no', 'xmai_service', '1', '4', 'service_no', 'Service No', '1', '0', '', '100', '2', '93', '1', 'V~O', '3', '0', 'BAS', '0', '');
INSERT INTO xmai_field VALUES ('38', '552', 'discontinued', 'xmai_service', '1', '56', 'discontinued', 'Service Active', '1', '2', '', '100', '4', '93', '1', 'V~O', '2', '3', 'BAS', '1', '');
INSERT INTO xmai_field VALUES ('38', '553', 'sales_start_date', 'xmai_service', '1', '5', 'sales_start_date', 'Sales Start Date', '1', '2', '', '100', '9', '93', '1', 'D~O', '1', null, 'BAS', '1', '');
INSERT INTO xmai_field VALUES ('38', '554', 'sales_end_date', 'xmai_service', '1', '5', 'sales_end_date', 'Sales End Date', '1', '2', '', '100', '10', '93', '1', 'D~O~OTH~GE~sales_start_date~Sales Start Date', '1', null, 'BAS', '1', '');
INSERT INTO xmai_field VALUES ('38', '555', 'start_date', 'xmai_service', '1', '5', 'start_date', 'Support Start Date', '1', '2', '', '100', '11', '93', '1', 'D~O', '1', null, 'BAS', '1', '');
INSERT INTO xmai_field VALUES ('38', '556', 'expiry_date', 'xmai_service', '1', '5', 'expiry_date', 'Support Expiry Date', '1', '2', '', '100', '12', '93', '1', 'D~O~OTH~GE~start_date~Start Date', '1', null, 'BAS', '1', '');
INSERT INTO xmai_field VALUES ('38', '557', 'website', 'xmai_service', '1', '17', 'website', 'Website', '1', '2', '', '100', '6', '93', '1', 'V~O', '1', null, 'BAS', '1', '');
INSERT INTO xmai_field VALUES ('38', '558', 'createdtime', 'xmai_crmentity', '1', '70', 'createdtime', 'Created Time', '1', '0', '', '100', '13', '93', '2', 'T~O', '3', '0', 'BAS', '0', '');
INSERT INTO xmai_field VALUES ('38', '559', 'modifiedtime', 'xmai_crmentity', '1', '70', 'modifiedtime', 'Modified Time', '1', '0', '', '100', '14', '93', '2', 'T~O', '3', '0', 'BAS', '0', '');
INSERT INTO xmai_field VALUES ('38', '560', 'modifiedby', 'xmai_crmentity', '1', '52', 'modifiedby', 'Last Modified By', '1', '0', '', '100', '16', '93', '3', 'V~O', '3', '0', 'BAS', '0', '');
INSERT INTO xmai_field VALUES ('38', '561', 'service_usageunit', 'xmai_service', '1', '15', 'service_usageunit', 'Usage Unit', '1', '2', '', '100', '3', '93', '1', 'V~O', '1', null, 'BAS', '1', '');
INSERT INTO xmai_field VALUES ('38', '562', 'qty_per_unit', 'xmai_service', '1', '1', 'qty_per_unit', 'No of Units', '1', '2', '', '100', '5', '93', '1', 'N~O', '1', null, 'BAS', '1', '');
INSERT INTO xmai_field VALUES ('38', '563', 'smownerid', 'xmai_crmentity', '1', '53', 'assigned_user_id', 'Owner', '1', '0', '', '100', '8', '93', '1', 'I~O', '1', null, 'BAS', '1', '');
INSERT INTO xmai_field VALUES ('38', '564', 'servicecategory', 'xmai_service', '1', '15', 'servicecategory', 'Service Category', '1', '2', '', '100', '7', '93', '1', 'V~O', '1', null, 'BAS', '1', '');
INSERT INTO xmai_field VALUES ('38', '565', 'unit_price', 'xmai_service', '1', '72', 'unit_price', 'Price', '1', '2', '', '100', '1', '94', '1', 'N~O', '2', '2', 'BAS', '0', '');
INSERT INTO xmai_field VALUES ('38', '566', 'taxclass', 'xmai_service', '1', '83', 'taxclass', 'Tax Class', '1', '2', '', '100', '4', '94', '1', 'V~O', '1', null, 'BAS', '1', '');
INSERT INTO xmai_field VALUES ('38', '567', 'commissionrate', 'xmai_service', '1', '9', 'commissionrate', 'Commission Rate', '1', '2', '', '100', '2', '94', '1', 'N~O', '1', null, 'BAS', '1', '');
INSERT INTO xmai_field VALUES ('38', '568', 'description', 'xmai_crmentity', '1', '19', 'description', 'Description', '1', '2', '', '100', '1', '96', '1', 'V~O', '1', null, 'BAS', '1', '');
INSERT INTO xmai_field VALUES ('41', '569', 'asset_no', 'xmai_assets', '1', '4', 'asset_no', 'Asset No', '1', '0', '', '100', '2', '97', '1', 'V~O', '3', '0', 'BAS', '0', '');
INSERT INTO xmai_field VALUES ('41', '570', 'product', 'xmai_assets', '1', '10', 'product', 'Product Name', '1', '2', '', '100', '3', '97', '1', 'V~M', '0', '3', 'BAS', '1', '');
INSERT INTO xmai_field VALUES ('41', '571', 'serialnumber', 'xmai_assets', '1', '2', 'serialnumber', 'Serial Number', '1', '2', '', '100', '4', '97', '1', 'V~M', '0', '5', 'BAS', '1', '');
INSERT INTO xmai_field VALUES ('41', '572', 'datesold', 'xmai_assets', '1', '5', 'datesold', 'Date Sold', '1', '2', '', '100', '5', '97', '1', 'D~M~OTH~GE~datesold~Date Sold', '0', '0', 'BAS', '1', '');
INSERT INTO xmai_field VALUES ('41', '573', 'dateinservice', 'xmai_assets', '1', '5', 'dateinservice', 'Date in Service', '1', '2', '', '100', '6', '97', '1', 'D~M~OTH~GE~dateinservice~Date in Service', '0', '4', 'BAS', '1', '');
INSERT INTO xmai_field VALUES ('41', '574', 'assetstatus', 'xmai_assets', '1', '15', 'assetstatus', 'Status', '1', '2', '', '100', '7', '97', '1', 'V~M', '0', '0', 'BAS', '1', '');
INSERT INTO xmai_field VALUES ('41', '575', 'tagnumber', 'xmai_assets', '1', '2', 'tagnumber', 'Tag Number', '1', '2', '', '100', '8', '97', '1', 'V~O', '1', null, 'BAS', '1', '');
INSERT INTO xmai_field VALUES ('41', '576', 'invoiceid', 'xmai_assets', '1', '10', 'invoiceid', 'Invoice Name', '1', '2', '', '100', '9', '97', '1', 'V~O', '1', null, 'BAS', '1', '');
INSERT INTO xmai_field VALUES ('41', '577', 'shippingmethod', 'xmai_assets', '1', '2', 'shippingmethod', 'Shipping Method', '1', '2', '', '100', '10', '97', '1', 'V~O', '1', null, 'BAS', '1', '');
INSERT INTO xmai_field VALUES ('41', '578', 'shippingtrackingnumber', 'xmai_assets', '1', '2', 'shippingtrackingnumber', 'Shipping Tracking Number', '1', '2', '', '100', '11', '97', '1', 'V~O', '1', null, 'BAS', '1', '');
INSERT INTO xmai_field VALUES ('41', '579', 'smownerid', 'xmai_crmentity', '1', '53', 'assigned_user_id', 'Assigned To', '1', '2', '', '100', '4', '97', '1', 'V~M', '0', '2', 'BAS', '1', '');
INSERT INTO xmai_field VALUES ('41', '580', 'assetname', 'xmai_assets', '1', '1', 'assetname', 'Asset Name', '1', '0', '', '100', '12', '97', '1', 'V~M', '0', '6', 'BAS', '1', '');
INSERT INTO xmai_field VALUES ('41', '581', 'account', 'xmai_assets', '1', '10', 'account', 'Customer Name', '1', '2', '', '100', '13', '97', '1', 'V~M', '0', '0', 'BAS', '1', '');
INSERT INTO xmai_field VALUES ('41', '582', 'createdtime', 'xmai_crmentity', '1', '70', 'createdtime', 'Created Time', '1', '0', '', '100', '14', '97', '2', 'T~O', '3', '0', 'BAS', '0', '');
INSERT INTO xmai_field VALUES ('41', '583', 'modifiedtime', 'xmai_crmentity', '1', '70', 'modifiedtime', 'Modified Time', '1', '0', '', '100', '15', '97', '2', 'T~O', '3', '0', 'BAS', '0', '');
INSERT INTO xmai_field VALUES ('41', '584', 'modifiedby', 'xmai_crmentity', '1', '52', 'modifiedby', 'Last Modified By', '1', '0', '', '100', '16', '97', '3', 'V~O', '3', '0', 'BAS', '0', '');
INSERT INTO xmai_field VALUES ('41', '585', 'description', 'xmai_crmentity', '1', '19', 'description', 'Notes', '1', '2', '', '100', '1', '99', '1', 'V~O', '1', null, 'BAS', '1', '');
INSERT INTO xmai_field VALUES ('45', '586', 'commentcontent', 'xmai_modcomments', '1', '19', 'commentcontent', 'Comment', '1', '0', '', '100', '4', '100', '1', 'V~M', '0', '4', 'BAS', '2', '');
INSERT INTO xmai_field VALUES ('45', '587', 'smownerid', 'xmai_crmentity', '1', '53', 'assigned_user_id', 'Assigned To', '1', '0', '', '100', '1', '101', '1', 'V~M', '0', '1', 'BAS', '2', '');
INSERT INTO xmai_field VALUES ('45', '588', 'createdtime', 'xmai_crmentity', '1', '70', 'createdtime', 'Created Time', '1', '0', '', '100', '5', '101', '2', 'T~O', '0', '2', 'BAS', '0', '');
INSERT INTO xmai_field VALUES ('45', '589', 'modifiedtime', 'xmai_crmentity', '1', '70', 'modifiedtime', 'Modified Time', '1', '0', '', '100', '6', '101', '2', 'T~O', '0', '3', 'BAS', '0', '');
INSERT INTO xmai_field VALUES ('45', '590', 'related_to', 'xmai_modcomments', '1', '10', 'related_to', 'Related To', '1', '2', '', '100', '2', '101', '1', 'V~M', '2', '5', 'BAS', '2', '');
INSERT INTO xmai_field VALUES ('45', '591', 'smcreatorid', 'xmai_crmentity', '1', '52', 'creator', 'Creator', '1', '2', '', '100', '4', '101', '2', 'V~O', '1', null, 'BAS', '1', '');
INSERT INTO xmai_field VALUES ('45', '592', 'parent_comments', 'xmai_modcomments', '1', '10', 'parent_comments', 'Related To Comments', '1', '2', '', '100', '7', '101', '1', 'V~O', '1', null, 'BAS', '1', '');
INSERT INTO xmai_field VALUES ('46', '593', 'projectmilestonename', 'xmai_projectmilestone', '1', '2', 'projectmilestonename', 'Project Milestone Name', '1', '2', '', '100', '1', '103', '1', 'V~M', '0', '1', 'BAS', '1', '');
INSERT INTO xmai_field VALUES ('46', '594', 'projectmilestonedate', 'xmai_projectmilestone', '1', '5', 'projectmilestonedate', 'Milestone Date', '1', '2', '', '100', '5', '103', '1', 'D~O', '0', '3', 'BAS', '1', '');
INSERT INTO xmai_field VALUES ('46', '595', 'projectid', 'xmai_projectmilestone', '1', '10', 'projectid', 'Related to', '1', '0', '', '100', '4', '103', '1', 'V~M', '0', '4', 'BAS', '1', '');
INSERT INTO xmai_field VALUES ('46', '596', 'projectmilestonetype', 'xmai_projectmilestone', '1', '15', 'projectmilestonetype', 'Type', '1', '2', '', '100', '7', '103', '1', 'V~O', '1', null, 'BAS', '1', '');
INSERT INTO xmai_field VALUES ('46', '597', 'smownerid', 'xmai_crmentity', '1', '53', 'assigned_user_id', 'Assigned To', '1', '2', '', '100', '6', '103', '1', 'V~M', '0', '2', 'BAS', '1', '');
INSERT INTO xmai_field VALUES ('46', '598', 'projectmilestone_no', 'xmai_projectmilestone', '2', '4', 'projectmilestone_no', 'Project Milestone No', '1', '0', '', '100', '2', '103', '1', 'V~O', '3', '4', 'BAS', '0', '');
INSERT INTO xmai_field VALUES ('46', '599', 'createdtime', 'xmai_crmentity', '1', '70', 'createdtime', 'Created Time', '1', '2', '', '100', '1', '104', '2', 'T~O', '1', null, 'BAS', '1', '');
INSERT INTO xmai_field VALUES ('46', '600', 'modifiedtime', 'xmai_crmentity', '1', '70', 'modifiedtime', 'Modified Time', '1', '2', '', '100', '2', '104', '2', 'T~O', '1', null, 'BAS', '1', '');
INSERT INTO xmai_field VALUES ('46', '601', 'modifiedby', 'xmai_crmentity', '1', '52', 'modifiedby', 'Last Modified By', '1', '0', '', '100', '3', '104', '3', 'V~O', '3', '0', 'BAS', '0', '');
INSERT INTO xmai_field VALUES ('46', '602', 'description', 'xmai_crmentity', '1', '19', 'description', 'description', '1', '2', '', '100', '1', '105', '1', 'V~O', '1', null, 'BAS', '1', '');
INSERT INTO xmai_field VALUES ('47', '603', 'projecttaskname', 'xmai_projecttask', '1', '2', 'projecttaskname', 'Project Task Name', '1', '2', '', '100', '1', '106', '1', 'V~M', '0', '1', 'BAS', '1', '');
INSERT INTO xmai_field VALUES ('47', '604', 'projecttasktype', 'xmai_projecttask', '1', '15', 'projecttasktype', 'Type', '1', '2', '', '100', '4', '106', '1', 'V~O', '1', null, 'BAS', '1', '');
INSERT INTO xmai_field VALUES ('47', '605', 'projecttaskpriority', 'xmai_projecttask', '1', '15', 'projecttaskpriority', 'Priority', '1', '2', '', '100', '3', '106', '1', 'V~O', '1', null, 'BAS', '1', '');
INSERT INTO xmai_field VALUES ('47', '606', 'projectid', 'xmai_projecttask', '1', '10', 'projectid', 'Related to', '1', '0', '', '100', '6', '106', '1', 'V~M', '0', '5', 'BAS', '1', '');
INSERT INTO xmai_field VALUES ('47', '607', 'smownerid', 'xmai_crmentity', '1', '53', 'assigned_user_id', 'Assigned To', '1', '2', '', '100', '7', '106', '1', 'V~M', '0', '2', 'BAS', '1', '');
INSERT INTO xmai_field VALUES ('47', '608', 'projecttasknumber', 'xmai_projecttask', '1', '7', 'projecttasknumber', 'Project Task Number', '1', '2', '', '100', '5', '106', '1', 'I~O', '1', null, 'BAS', '1', '');
INSERT INTO xmai_field VALUES ('47', '609', 'projecttask_no', 'xmai_projecttask', '2', '4', 'projecttask_no', 'Project Task No', '1', '0', '', '100', '2', '106', '1', 'V~O', '3', '4', 'BAS', '0', '');
INSERT INTO xmai_field VALUES ('47', '610', 'projecttaskprogress', 'xmai_projecttask', '1', '15', 'projecttaskprogress', 'Progress', '1', '2', '', '100', '1', '107', '1', 'V~O', '1', null, 'BAS', '1', '');
INSERT INTO xmai_field VALUES ('47', '611', 'projecttaskhours', 'xmai_projecttask', '1', '7', 'projecttaskhours', 'Worked Hours', '1', '2', '', '100', '2', '107', '1', 'V~O', '1', null, 'BAS', '1', '');
INSERT INTO xmai_field VALUES ('47', '612', 'startdate', 'xmai_projecttask', '1', '5', 'startdate', 'Start Date', '1', '2', '', '100', '3', '107', '1', 'D~O', '0', '3', 'BAS', '1', '');
INSERT INTO xmai_field VALUES ('47', '613', 'enddate', 'xmai_projecttask', '1', '5', 'enddate', 'End Date', '1', '2', '', '100', '4', '107', '1', 'D~O~OTH~GE~startdate~Start Date', '1', null, 'BAS', '1', '');
INSERT INTO xmai_field VALUES ('47', '614', 'createdtime', 'xmai_crmentity', '1', '70', 'createdtime', 'Created Time', '1', '2', '', '100', '5', '107', '2', 'T~O', '1', null, 'BAS', '1', '');
INSERT INTO xmai_field VALUES ('47', '615', 'modifiedtime', 'xmai_crmentity', '1', '70', 'modifiedtime', 'Modified Time', '1', '2', '', '100', '6', '107', '2', 'T~O', '1', null, 'BAS', '1', '');
INSERT INTO xmai_field VALUES ('47', '616', 'modifiedby', 'xmai_crmentity', '1', '52', 'modifiedby', 'Last Modified By', '1', '0', '', '100', '7', '107', '3', 'V~O', '3', '0', 'BAS', '0', '');
INSERT INTO xmai_field VALUES ('47', '617', 'description', 'xmai_crmentity', '1', '19', 'description', 'description', '1', '2', '', '100', '1', '108', '1', 'V~O', '1', null, 'BAS', '1', '');
INSERT INTO xmai_field VALUES ('48', '618', 'projectname', 'xmai_project', '1', '2', 'projectname', 'Project Name', '1', '2', '', '100', '1', '109', '1', 'V~M', '0', '1', 'BAS', '1', '');
INSERT INTO xmai_field VALUES ('48', '619', 'startdate', 'xmai_project', '1', '23', 'startdate', 'Start Date', '1', '2', '', '100', '3', '109', '1', 'D~O', '0', '3', 'BAS', '1', '');
INSERT INTO xmai_field VALUES ('48', '620', 'targetenddate', 'xmai_project', '1', '23', 'targetenddate', 'Target End Date', '1', '2', '', '100', '5', '109', '1', 'D~O~OTH~GE~startdate~Start Date', '0', '4', 'BAS', '1', '');
INSERT INTO xmai_field VALUES ('48', '621', 'actualenddate', 'xmai_project', '1', '23', 'actualenddate', 'Actual End Date', '1', '2', '', '100', '6', '109', '1', 'D~O~OTH~GE~startdate~Start Date', '1', null, 'BAS', '1', '');
INSERT INTO xmai_field VALUES ('48', '622', 'projectstatus', 'xmai_project', '1', '15', 'projectstatus', 'Status', '1', '2', '', '100', '7', '109', '1', 'V~O', '1', null, 'BAS', '1', '');
INSERT INTO xmai_field VALUES ('48', '623', 'projecttype', 'xmai_project', '1', '15', 'projecttype', 'Type', '1', '2', '', '100', '8', '109', '1', 'V~O', '1', null, 'BAS', '1', '');
INSERT INTO xmai_field VALUES ('48', '624', 'linktoaccountscontacts', 'xmai_project', '1', '10', 'linktoaccountscontacts', 'Related to', '1', '2', '', '100', '9', '109', '1', 'V~O', '1', null, 'BAS', '1', '');
INSERT INTO xmai_field VALUES ('48', '625', 'smownerid', 'xmai_crmentity', '1', '53', 'assigned_user_id', 'Assigned To', '1', '2', '', '100', '4', '109', '1', 'V~M', '0', '2', 'BAS', '1', '');
INSERT INTO xmai_field VALUES ('48', '626', 'project_no', 'xmai_project', '2', '4', 'project_no', 'Project No', '1', '0', '', '100', '2', '109', '1', 'V~O', '3', '0', 'BAS', '0', '');
INSERT INTO xmai_field VALUES ('48', '627', 'targetbudget', 'xmai_project', '1', '7', 'targetbudget', 'Target Budget', '1', '2', '', '100', '1', '110', '1', 'V~O', '1', null, 'BAS', '1', '');
INSERT INTO xmai_field VALUES ('48', '628', 'projecturl', 'xmai_project', '1', '17', 'projecturl', 'Project Url', '1', '2', '', '100', '2', '110', '1', 'V~O', '1', null, 'BAS', '1', '');
INSERT INTO xmai_field VALUES ('48', '629', 'projectpriority', 'xmai_project', '1', '15', 'projectpriority', 'Priority', '1', '2', '', '100', '3', '110', '1', 'V~O', '1', null, 'BAS', '1', '');
INSERT INTO xmai_field VALUES ('48', '630', 'progress', 'xmai_project', '1', '15', 'progress', 'Progress', '1', '2', '', '100', '4', '110', '1', 'V~O', '1', null, 'BAS', '1', '');
INSERT INTO xmai_field VALUES ('48', '631', 'createdtime', 'xmai_crmentity', '1', '70', 'createdtime', 'Created Time', '1', '2', '', '100', '5', '110', '2', 'T~O', '1', null, 'BAS', '1', '');
INSERT INTO xmai_field VALUES ('48', '632', 'modifiedtime', 'xmai_crmentity', '1', '70', 'modifiedtime', 'Modified Time', '1', '2', '', '100', '6', '110', '2', 'T~O', '1', null, 'BAS', '1', '');
INSERT INTO xmai_field VALUES ('48', '633', 'modifiedby', 'xmai_crmentity', '1', '52', 'modifiedby', 'Last Modified By', '1', '0', '', '100', '7', '110', '3', 'V~O', '3', '0', 'BAS', '0', '');
INSERT INTO xmai_field VALUES ('48', '634', 'description', 'xmai_crmentity', '1', '19', 'description', 'description', '1', '2', '', '100', '1', '111', '1', 'V~O', '1', null, 'BAS', '1', '');
INSERT INTO xmai_field VALUES ('50', '635', 'smownerid', 'xmai_crmentity', '1', '53', 'assigned_user_id', 'Assigned To', '1', '0', '', '100', '2', '112', '1', 'V~M', '1', null, 'BAS', '1', '');
INSERT INTO xmai_field VALUES ('50', '636', 'createdtime', 'xmai_crmentity', '1', '70', 'createdtime', 'Created Time', '1', '0', '', '100', '5', '112', '2', 'T~O', '1', null, 'BAS', '0', '');
INSERT INTO xmai_field VALUES ('50', '637', 'modifiedtime', 'xmai_crmentity', '1', '70', 'modifiedtime', 'Modified Time', '1', '0', '', '100', '6', '112', '2', 'T~O', '1', null, 'BAS', '0', '');
INSERT INTO xmai_field VALUES ('50', '638', 'modifiedby', 'xmai_crmentity', '1', '52', 'modifiedby', 'Last Modified By', '1', '0', '', '100', '7', '112', '3', 'V~O', '3', '0', 'BAS', '0', '');
INSERT INTO xmai_field VALUES ('50', '639', 'message', 'xmai_smsnotifier', '1', '21', 'message', 'message', '1', '0', '', '100', '1', '112', '1', 'V~M', '1', null, 'BAS', '1', '');

-- ----------------------------
-- Table structure for `xmai_fieldformulas`
-- ----------------------------
DROP TABLE IF EXISTS `xmai_fieldformulas`;
CREATE TABLE `xmai_fieldformulas` (
  `expressionid` int(11) NOT NULL default '0',
  `modulename` varchar(100) default NULL,
  `expression_engine` text,
  PRIMARY KEY  (`expressionid`)
) ENGINE=InnoDB DEFAULT CHARSET=utf8;

-- ----------------------------
-- Records of xmai_fieldformulas
-- ----------------------------

-- ----------------------------
-- Table structure for `xmai_fieldmodulerel`
-- ----------------------------
DROP TABLE IF EXISTS `xmai_fieldmodulerel`;
CREATE TABLE `xmai_fieldmodulerel` (
  `fieldid` int(11) NOT NULL,
  `module` varchar(100) NOT NULL,
  `relmodule` varchar(100) NOT NULL,
  `status` varchar(10) default NULL,
  `sequence` int(11) default NULL
) ENGINE=InnoDB DEFAULT CHARSET=utf8;

-- ----------------------------
-- Records of xmai_fieldmodulerel
-- ----------------------------
INSERT INTO xmai_fieldmodulerel VALUES ('113', 'Potentials', 'Accounts', null, '0');
INSERT INTO xmai_fieldmodulerel VALUES ('113', 'Potentials', 'Contacts', null, '1');
INSERT INTO xmai_fieldmodulerel VALUES ('536', 'ServiceContracts', 'Contacts', null, null);
INSERT INTO xmai_fieldmodulerel VALUES ('536', 'ServiceContracts', 'Accounts', null, null);
INSERT INTO xmai_fieldmodulerel VALUES ('570', 'Assets', 'Products', null, null);
INSERT INTO xmai_fieldmodulerel VALUES ('576', 'Assets', 'Invoice', null, null);
INSERT INTO xmai_fieldmodulerel VALUES ('581', 'Assets', 'Accounts', null, null);
INSERT INTO xmai_fieldmodulerel VALUES ('590', 'ModComments', 'Leads', null, null);
INSERT INTO xmai_fieldmodulerel VALUES ('590', 'ModComments', 'Contacts', null, null);
INSERT INTO xmai_fieldmodulerel VALUES ('590', 'ModComments', 'Accounts', null, null);
INSERT INTO xmai_fieldmodulerel VALUES ('592', 'ModComments', 'ModComments', null, null);
INSERT INTO xmai_fieldmodulerel VALUES ('590', 'ModComments', 'Potentials', null, null);
INSERT INTO xmai_fieldmodulerel VALUES ('595', 'ProjectMilestone', 'Project', null, null);
INSERT INTO xmai_fieldmodulerel VALUES ('606', 'ProjectTask', 'Project', null, null);
INSERT INTO xmai_fieldmodulerel VALUES ('590', 'ModComments', 'ProjectTask', null, null);
INSERT INTO xmai_fieldmodulerel VALUES ('624', 'Project', 'Accounts', null, null);
INSERT INTO xmai_fieldmodulerel VALUES ('624', 'Project', 'Contacts', null, null);
INSERT INTO xmai_fieldmodulerel VALUES ('590', 'ModComments', 'Project', null, null);

-- ----------------------------
-- Table structure for `xmai_field_seq`
-- ----------------------------
DROP TABLE IF EXISTS `xmai_field_seq`;
CREATE TABLE `xmai_field_seq` (
  `id` int(11) NOT NULL
) ENGINE=MyISAM DEFAULT CHARSET=utf8;

-- ----------------------------
-- Records of xmai_field_seq
-- ----------------------------
INSERT INTO xmai_field_seq VALUES ('639');

-- ----------------------------
-- Table structure for `xmai_files`
-- ----------------------------
DROP TABLE IF EXISTS `xmai_files`;
CREATE TABLE `xmai_files` (
  `id` varchar(36) NOT NULL,
  `name` varchar(36) default NULL,
  `content` longblob,
  `deleted` int(1) NOT NULL default '0',
  `date_entered` timestamp NOT NULL default CURRENT_TIMESTAMP on update CURRENT_TIMESTAMP,
  `assigned_user_id` varchar(36) default NULL,
  PRIMARY KEY  (`id`),
  KEY `files_assigned_user_id_name_deleted_idx` (`assigned_user_id`,`name`,`deleted`)
) ENGINE=InnoDB DEFAULT CHARSET=utf8;

-- ----------------------------
-- Records of xmai_files
-- ----------------------------

-- ----------------------------
-- Table structure for `xmai_freetagged_objects`
-- ----------------------------
DROP TABLE IF EXISTS `xmai_freetagged_objects`;
CREATE TABLE `xmai_freetagged_objects` (
  `tag_id` int(20) NOT NULL default '0',
  `tagger_id` int(20) NOT NULL default '0',
  `object_id` int(20) NOT NULL default '0',
  `tagged_on` timestamp NOT NULL default CURRENT_TIMESTAMP on update CURRENT_TIMESTAMP,
  `module` varchar(50) NOT NULL default '',
  PRIMARY KEY  (`tag_id`,`tagger_id`,`object_id`),
  KEY `freetagged_objects_tag_id_tagger_id_object_id_idx` (`tag_id`,`tagger_id`,`object_id`)
) ENGINE=InnoDB DEFAULT CHARSET=utf8;

-- ----------------------------
-- Records of xmai_freetagged_objects
-- ----------------------------
INSERT INTO xmai_freetagged_objects VALUES ('2', '1', '10', '2012-07-28 12:03:02', 'Accounts');
INSERT INTO xmai_freetagged_objects VALUES ('3', '1', '12', '2012-07-28 12:03:03', 'Accounts');
INSERT INTO xmai_freetagged_objects VALUES ('4', '1', '14', '2012-07-28 12:03:03', 'Accounts');
INSERT INTO xmai_freetagged_objects VALUES ('5', '1', '16', '2012-07-28 12:03:04', 'Accounts');
INSERT INTO xmai_freetagged_objects VALUES ('6', '1', '18', '2012-07-28 12:03:05', 'Accounts');
INSERT INTO xmai_freetagged_objects VALUES ('7', '1', '20', '2012-07-28 12:03:05', 'Accounts');
INSERT INTO xmai_freetagged_objects VALUES ('8', '1', '31', '2012-07-28 12:03:09', 'Contacts');
INSERT INTO xmai_freetagged_objects VALUES ('9', '1', '93', '2012-07-28 12:03:30', 'Invoice');
INSERT INTO xmai_freetagged_objects VALUES ('10', '1', '115', '2012-07-28 12:03:34', 'HelpDesk');

-- ----------------------------
-- Table structure for `xmai_freetags`
-- ----------------------------
DROP TABLE IF EXISTS `xmai_freetags`;
CREATE TABLE `xmai_freetags` (
  `id` int(19) NOT NULL,
  `tag` varchar(50) NOT NULL default '',
  `raw_tag` varchar(50) NOT NULL default '',
  PRIMARY KEY  (`id`)
) ENGINE=InnoDB DEFAULT CHARSET=utf8;

-- ----------------------------
-- Records of xmai_freetags
-- ----------------------------
INSERT INTO xmai_freetags VALUES ('2', 'X-CEED', 'X-CEED');
INSERT INTO xmai_freetags VALUES ('3', 'X-CEED', 'X-CEED');
INSERT INTO xmai_freetags VALUES ('4', 'X-CEED', 'X-CEED');
INSERT INTO xmai_freetags VALUES ('5', 'X-CEED', 'X-CEED');
INSERT INTO xmai_freetags VALUES ('6', 'X-CEED', 'X-CEED');
INSERT INTO xmai_freetags VALUES ('7', 'X-CEED', 'X-CEED');
INSERT INTO xmai_freetags VALUES ('8', 'X-CEED', 'X-CEED');
INSERT INTO xmai_freetags VALUES ('9', 'SO_vendtl', 'SO_vendtl');
INSERT INTO xmai_freetags VALUES ('10', 'xmai_50usr', 'xmai_50usr');

-- ----------------------------
-- Table structure for `xmai_freetags_seq`
-- ----------------------------
DROP TABLE IF EXISTS `xmai_freetags_seq`;
CREATE TABLE `xmai_freetags_seq` (
  `id` int(11) NOT NULL
) ENGINE=MyISAM DEFAULT CHARSET=utf8;

-- ----------------------------
-- Records of xmai_freetags_seq
-- ----------------------------
INSERT INTO xmai_freetags_seq VALUES ('10');

-- ----------------------------
-- Table structure for `xmai_glacct`
-- ----------------------------
DROP TABLE IF EXISTS `xmai_glacct`;
CREATE TABLE `xmai_glacct` (
  `glacctid` int(19) NOT NULL auto_increment,
  `glacct` varchar(200) NOT NULL,
  `presence` int(1) NOT NULL default '1',
  `picklist_valueid` int(19) NOT NULL default '0',
  PRIMARY KEY  (`glacctid`),
  UNIQUE KEY `glacct_glacct_idx` (`glacct`)
) ENGINE=InnoDB AUTO_INCREMENT=10 DEFAULT CHARSET=utf8;

-- ----------------------------
-- Records of xmai_glacct
-- ----------------------------
INSERT INTO xmai_glacct VALUES ('1', '300-Sales-Software', '1', '51');
INSERT INTO xmai_glacct VALUES ('2', '301-Sales-Hardware', '1', '52');
INSERT INTO xmai_glacct VALUES ('3', '302-Rental-Income', '1', '53');
INSERT INTO xmai_glacct VALUES ('4', '303-Interest-Income', '1', '54');
INSERT INTO xmai_glacct VALUES ('5', '304-Sales-Software-Support', '1', '55');
INSERT INTO xmai_glacct VALUES ('6', '305-Sales Other', '1', '56');
INSERT INTO xmai_glacct VALUES ('7', '306-Internet Sales', '1', '57');
INSERT INTO xmai_glacct VALUES ('8', '307-Service-Hardware Labor', '1', '58');
INSERT INTO xmai_glacct VALUES ('9', '308-Sales-Books', '1', '59');

-- ----------------------------
-- Table structure for `xmai_glacct_seq`
-- ----------------------------
DROP TABLE IF EXISTS `xmai_glacct_seq`;
CREATE TABLE `xmai_glacct_seq` (
  `id` int(11) NOT NULL
) ENGINE=MyISAM DEFAULT CHARSET=utf8;

-- ----------------------------
-- Records of xmai_glacct_seq
-- ----------------------------
INSERT INTO xmai_glacct_seq VALUES ('9');

-- ----------------------------
-- Table structure for `xmai_group2grouprel`
-- ----------------------------
DROP TABLE IF EXISTS `xmai_group2grouprel`;
CREATE TABLE `xmai_group2grouprel` (
  `groupid` int(19) NOT NULL,
  `containsgroupid` int(19) NOT NULL,
  PRIMARY KEY  (`groupid`,`containsgroupid`),
  CONSTRAINT `fk_2_xmai_group2grouprel` FOREIGN KEY (`groupid`) REFERENCES `xmai_groups` (`groupid`) ON DELETE CASCADE ON UPDATE CASCADE
) ENGINE=InnoDB DEFAULT CHARSET=utf8;

-- ----------------------------
-- Records of xmai_group2grouprel
-- ----------------------------

-- ----------------------------
-- Table structure for `xmai_group2role`
-- ----------------------------
DROP TABLE IF EXISTS `xmai_group2role`;
CREATE TABLE `xmai_group2role` (
  `groupid` int(19) NOT NULL,
  `roleid` varchar(255) NOT NULL,
  PRIMARY KEY  (`groupid`,`roleid`),
  KEY `fk_2_xmai_group2role` (`roleid`),
  CONSTRAINT `fk_2_xmai_group2role` FOREIGN KEY (`roleid`) REFERENCES `xmai_role` (`roleid`) ON DELETE CASCADE
) ENGINE=InnoDB DEFAULT CHARSET=utf8;

-- ----------------------------
-- Records of xmai_group2role
-- ----------------------------
INSERT INTO xmai_group2role VALUES ('3', 'H2');
INSERT INTO xmai_group2role VALUES ('4', 'H3');
INSERT INTO xmai_group2role VALUES ('2', 'H4');

-- ----------------------------
-- Table structure for `xmai_group2rs`
-- ----------------------------
DROP TABLE IF EXISTS `xmai_group2rs`;
CREATE TABLE `xmai_group2rs` (
  `groupid` int(19) NOT NULL,
  `roleandsubid` varchar(255) NOT NULL,
  PRIMARY KEY  (`groupid`,`roleandsubid`),
  KEY `fk_2_xmai_group2rs` (`roleandsubid`),
  CONSTRAINT `fk_2_xmai_group2rs` FOREIGN KEY (`roleandsubid`) REFERENCES `xmai_role` (`roleid`) ON DELETE CASCADE
) ENGINE=InnoDB DEFAULT CHARSET=utf8;

-- ----------------------------
-- Records of xmai_group2rs
-- ----------------------------
INSERT INTO xmai_group2rs VALUES ('3', 'H3');
INSERT INTO xmai_group2rs VALUES ('4', 'H3');
INSERT INTO xmai_group2rs VALUES ('2', 'H5');

-- ----------------------------
-- Table structure for `xmai_groups`
-- ----------------------------
DROP TABLE IF EXISTS `xmai_groups`;
CREATE TABLE `xmai_groups` (
  `groupid` int(19) NOT NULL,
  `groupname` varchar(100) default NULL,
  `description` text,
  PRIMARY KEY  (`groupid`),
  UNIQUE KEY `groups_groupname_idx` (`groupname`)
) ENGINE=InnoDB DEFAULT CHARSET=utf8;

-- ----------------------------
-- Records of xmai_groups
-- ----------------------------
INSERT INTO xmai_groups VALUES ('2', 'Team Selling', 'Group Related to Sales');
INSERT INTO xmai_groups VALUES ('3', 'Marketing Group', 'Group Related to Marketing Activities');
INSERT INTO xmai_groups VALUES ('4', 'Support Group', 'Group Related to providing Support to Customers');

-- ----------------------------
-- Table structure for `xmai_headers`
-- ----------------------------
DROP TABLE IF EXISTS `xmai_headers`;
CREATE TABLE `xmai_headers` (
  `fileid` int(3) NOT NULL auto_increment,
  `headernames` varchar(30) NOT NULL,
  PRIMARY KEY  (`fileid`)
) ENGINE=InnoDB DEFAULT CHARSET=utf8;

-- ----------------------------
-- Records of xmai_headers
-- ----------------------------

-- ----------------------------
-- Table structure for `xmai_homedashbd`
-- ----------------------------
DROP TABLE IF EXISTS `xmai_homedashbd`;
CREATE TABLE `xmai_homedashbd` (
  `stuffid` int(19) NOT NULL default '0',
  `dashbdname` varchar(100) default NULL,
  `dashbdtype` varchar(100) default NULL,
  PRIMARY KEY  (`stuffid`),
  KEY `stuff_stuffid_idx` (`stuffid`),
  CONSTRAINT `fk_1_xmai_homedashbd` FOREIGN KEY (`stuffid`) REFERENCES `xmai_homestuff` (`stuffid`) ON DELETE CASCADE
) ENGINE=InnoDB DEFAULT CHARSET=utf8;

-- ----------------------------
-- Records of xmai_homedashbd
-- ----------------------------

-- ----------------------------
-- Table structure for `xmai_homedefault`
-- ----------------------------
DROP TABLE IF EXISTS `xmai_homedefault`;
CREATE TABLE `xmai_homedefault` (
  `stuffid` int(19) NOT NULL default '0',
  `hometype` varchar(30) NOT NULL,
  `maxentries` int(19) default NULL,
  `setype` varchar(30) default NULL,
  PRIMARY KEY  (`stuffid`),
  KEY `stuff_stuffid_idx` (`stuffid`),
  CONSTRAINT `fk_1_xmai_homedefault` FOREIGN KEY (`stuffid`) REFERENCES `xmai_homestuff` (`stuffid`) ON DELETE CASCADE
) ENGINE=InnoDB DEFAULT CHARSET=utf8;

-- ----------------------------
-- Records of xmai_homedefault
-- ----------------------------
INSERT INTO xmai_homedefault VALUES ('1', 'ALVT', '5', 'Accounts');
INSERT INTO xmai_homedefault VALUES ('2', 'HDB', '5', 'Dashboard');
INSERT INTO xmai_homedefault VALUES ('3', 'PLVT', '5', 'Potentials');
INSERT INTO xmai_homedefault VALUES ('4', 'QLTQ', '5', 'Quotes');
INSERT INTO xmai_homedefault VALUES ('5', 'CVLVT', '5', 'NULL');
INSERT INTO xmai_homedefault VALUES ('6', 'HLT', '5', 'HelpDesk');
INSERT INTO xmai_homedefault VALUES ('7', 'UA', '5', 'Calendar');
INSERT INTO xmai_homedefault VALUES ('8', 'GRT', '5', 'NULL');
INSERT INTO xmai_homedefault VALUES ('9', 'OLTSO', '5', 'SalesOrder');
INSERT INTO xmai_homedefault VALUES ('10', 'ILTI', '5', 'Invoice');
INSERT INTO xmai_homedefault VALUES ('11', 'MNL', '5', 'Leads');
INSERT INTO xmai_homedefault VALUES ('12', 'OLTPO', '5', 'PurchaseOrder');
INSERT INTO xmai_homedefault VALUES ('13', 'PA', '5', 'Calendar');
INSERT INTO xmai_homedefault VALUES ('14', 'LTFAQ', '5', 'Faq');

-- ----------------------------
-- Table structure for `xmai_homemodule`
-- ----------------------------
DROP TABLE IF EXISTS `xmai_homemodule`;
CREATE TABLE `xmai_homemodule` (
  `stuffid` int(19) NOT NULL,
  `modulename` varchar(100) default NULL,
  `maxentries` int(19) NOT NULL,
  `customviewid` int(19) NOT NULL,
  `setype` varchar(30) NOT NULL,
  PRIMARY KEY  (`stuffid`),
  KEY `stuff_stuffid_idx` (`stuffid`),
  CONSTRAINT `fk_1_xmai_homemodule` FOREIGN KEY (`stuffid`) REFERENCES `xmai_homestuff` (`stuffid`) ON DELETE CASCADE
) ENGINE=InnoDB DEFAULT CHARSET=utf8;

-- ----------------------------
-- Records of xmai_homemodule
-- ----------------------------

-- ----------------------------
-- Table structure for `xmai_homemoduleflds`
-- ----------------------------
DROP TABLE IF EXISTS `xmai_homemoduleflds`;
CREATE TABLE `xmai_homemoduleflds` (
  `stuffid` int(19) default NULL,
  `fieldname` varchar(100) default NULL,
  KEY `stuff_stuffid_idx` (`stuffid`),
  CONSTRAINT `fk_1_xmai_homemoduleflds` FOREIGN KEY (`stuffid`) REFERENCES `xmai_homemodule` (`stuffid`) ON DELETE CASCADE
) ENGINE=InnoDB DEFAULT CHARSET=utf8;

-- ----------------------------
-- Records of xmai_homemoduleflds
-- ----------------------------

-- ----------------------------
-- Table structure for `xmai_homereportchart`
-- ----------------------------
DROP TABLE IF EXISTS `xmai_homereportchart`;
CREATE TABLE `xmai_homereportchart` (
  `stuffid` int(11) NOT NULL,
  `reportid` int(19) default NULL,
  `reportcharttype` varchar(100) default NULL,
  PRIMARY KEY  (`stuffid`)
) ENGINE=InnoDB DEFAULT CHARSET=utf8;

-- ----------------------------
-- Records of xmai_homereportchart
-- ----------------------------

-- ----------------------------
-- Table structure for `xmai_homerss`
-- ----------------------------
DROP TABLE IF EXISTS `xmai_homerss`;
CREATE TABLE `xmai_homerss` (
  `stuffid` int(19) NOT NULL default '0',
  `url` varchar(100) default NULL,
  `maxentries` int(19) NOT NULL,
  PRIMARY KEY  (`stuffid`),
  KEY `stuff_stuffid_idx` (`stuffid`),
  CONSTRAINT `fk_1_xmai_homerss` FOREIGN KEY (`stuffid`) REFERENCES `xmai_homestuff` (`stuffid`) ON DELETE CASCADE
) ENGINE=InnoDB DEFAULT CHARSET=utf8;

-- ----------------------------
-- Records of xmai_homerss
-- ----------------------------

-- ----------------------------
-- Table structure for `xmai_homestuff`
-- ----------------------------
DROP TABLE IF EXISTS `xmai_homestuff`;
CREATE TABLE `xmai_homestuff` (
  `stuffid` int(19) NOT NULL default '0',
  `stuffsequence` int(19) NOT NULL default '0',
  `stufftype` varchar(100) default NULL,
  `userid` int(19) NOT NULL,
  `visible` int(10) NOT NULL default '0',
  `stufftitle` varchar(100) default NULL,
  PRIMARY KEY  (`stuffid`),
  KEY `stuff_stuffid_idx` (`stuffid`),
  KEY `fk_1_xmai_homestuff` (`userid`),
  CONSTRAINT `fk_1_xmai_homestuff` FOREIGN KEY (`userid`) REFERENCES `xmai_users` (`id`) ON DELETE CASCADE
) ENGINE=InnoDB DEFAULT CHARSET=utf8;

-- ----------------------------
-- Records of xmai_homestuff
-- ----------------------------
INSERT INTO xmai_homestuff VALUES ('1', '1', 'Default', '1', '0', 'Top Accounts');
INSERT INTO xmai_homestuff VALUES ('2', '2', 'Default', '1', '0', 'Home Page Dashboard');
INSERT INTO xmai_homestuff VALUES ('3', '3', 'Default', '1', '0', 'Top Potentials');
INSERT INTO xmai_homestuff VALUES ('4', '4', 'Default', '1', '0', 'Top Quotes');
INSERT INTO xmai_homestuff VALUES ('5', '5', 'Default', '1', '0', 'Key Metrics');
INSERT INTO xmai_homestuff VALUES ('6', '6', 'Default', '1', '0', 'Top Trouble Tickets');
INSERT INTO xmai_homestuff VALUES ('7', '7', 'Default', '1', '0', 'Upcoming Activities');
INSERT INTO xmai_homestuff VALUES ('8', '8', 'Default', '1', '0', 'My Group Allocation');
INSERT INTO xmai_homestuff VALUES ('9', '9', 'Default', '1', '0', 'Top Sales Orders');
INSERT INTO xmai_homestuff VALUES ('10', '10', 'Default', '1', '0', 'Top Invoices');
INSERT INTO xmai_homestuff VALUES ('11', '11', 'Default', '1', '0', 'My New Leads');
INSERT INTO xmai_homestuff VALUES ('12', '12', 'Default', '1', '0', 'Top Purchase Orders');
INSERT INTO xmai_homestuff VALUES ('13', '13', 'Default', '1', '0', 'Pending Activities');
INSERT INTO xmai_homestuff VALUES ('14', '14', 'Default', '1', '0', 'My Recent FAQs');
INSERT INTO xmai_homestuff VALUES ('15', '15', 'Tag Cloud', '1', '1', 'Tag Cloud');

-- ----------------------------
-- Table structure for `xmai_homestuff_seq`
-- ----------------------------
DROP TABLE IF EXISTS `xmai_homestuff_seq`;
CREATE TABLE `xmai_homestuff_seq` (
  `id` int(11) NOT NULL
) ENGINE=MyISAM DEFAULT CHARSET=utf8;

-- ----------------------------
-- Records of xmai_homestuff_seq
-- ----------------------------
INSERT INTO xmai_homestuff_seq VALUES ('15');

-- ----------------------------
-- Table structure for `xmai_home_layout`
-- ----------------------------
DROP TABLE IF EXISTS `xmai_home_layout`;
CREATE TABLE `xmai_home_layout` (
  `userid` int(19) NOT NULL,
  `layout` int(19) NOT NULL default '4',
  PRIMARY KEY  (`userid`)
) ENGINE=InnoDB DEFAULT CHARSET=utf8;

-- ----------------------------
-- Records of xmai_home_layout
-- ----------------------------

-- ----------------------------
-- Table structure for `xmai_import_locks`
-- ----------------------------
DROP TABLE IF EXISTS `xmai_import_locks`;
CREATE TABLE `xmai_import_locks` (
  `xmai_import_lock_id` int(11) NOT NULL,
  `userid` int(11) NOT NULL,
  `tabid` int(11) NOT NULL,
  `importid` int(11) NOT NULL,
  `locked_since` datetime default NULL,
  PRIMARY KEY  (`xmai_import_lock_id`)
) ENGINE=InnoDB DEFAULT CHARSET=utf8;

-- ----------------------------
-- Records of xmai_import_locks
-- ----------------------------

-- ----------------------------
-- Table structure for `xmai_import_maps`
-- ----------------------------
DROP TABLE IF EXISTS `xmai_import_maps`;
CREATE TABLE `xmai_import_maps` (
  `id` int(19) NOT NULL auto_increment,
  `name` varchar(36) NOT NULL,
  `module` varchar(36) NOT NULL,
  `content` longblob,
  `has_header` int(1) NOT NULL default '1',
  `deleted` int(1) NOT NULL default '0',
  `date_entered` timestamp NOT NULL default CURRENT_TIMESTAMP on update CURRENT_TIMESTAMP,
  `date_modified` timestamp NOT NULL default '0000-00-00 00:00:00',
  `assigned_user_id` varchar(36) default NULL,
  `is_published` varchar(3) NOT NULL default 'no',
  PRIMARY KEY  (`id`),
  KEY `import_maps_assigned_user_id_module_name_deleted_idx` (`assigned_user_id`,`module`,`name`,`deleted`)
) ENGINE=InnoDB DEFAULT CHARSET=utf8;

-- ----------------------------
-- Records of xmai_import_maps
-- ----------------------------

-- ----------------------------
-- Table structure for `xmai_import_queue`
-- ----------------------------
DROP TABLE IF EXISTS `xmai_import_queue`;
CREATE TABLE `xmai_import_queue` (
  `importid` int(11) NOT NULL,
  `userid` int(11) NOT NULL,
  `tabid` int(11) NOT NULL,
  `field_mapping` text,
  `default_values` text,
  `merge_type` int(11) default NULL,
  `merge_fields` text,
  `status` int(11) default '0',
  PRIMARY KEY  (`importid`)
) ENGINE=InnoDB DEFAULT CHARSET=utf8;

-- ----------------------------
-- Records of xmai_import_queue
-- ----------------------------

-- ----------------------------
-- Table structure for `xmai_industry`
-- ----------------------------
DROP TABLE IF EXISTS `xmai_industry`;
CREATE TABLE `xmai_industry` (
  `industryid` int(19) NOT NULL auto_increment,
  `industry` varchar(200) NOT NULL,
  `presence` int(1) NOT NULL default '1',
  `picklist_valueid` int(19) NOT NULL default '0',
  PRIMARY KEY  (`industryid`),
  UNIQUE KEY `industry_industry_idx` (`industry`)
) ENGINE=InnoDB AUTO_INCREMENT=33 DEFAULT CHARSET=utf8;

-- ----------------------------
-- Records of xmai_industry
-- ----------------------------
INSERT INTO xmai_industry VALUES ('1', '--None--', '1', '60');
INSERT INTO xmai_industry VALUES ('2', 'Apparel', '1', '61');
INSERT INTO xmai_industry VALUES ('3', 'Banking', '1', '62');
INSERT INTO xmai_industry VALUES ('4', 'Biotechnology', '1', '63');
INSERT INTO xmai_industry VALUES ('5', 'Chemicals', '1', '64');
INSERT INTO xmai_industry VALUES ('6', 'Communications', '1', '65');
INSERT INTO xmai_industry VALUES ('7', 'Construction', '1', '66');
INSERT INTO xmai_industry VALUES ('8', 'Consulting', '1', '67');
INSERT INTO xmai_industry VALUES ('9', 'Education', '1', '68');
INSERT INTO xmai_industry VALUES ('10', 'Electronics', '1', '69');
INSERT INTO xmai_industry VALUES ('11', 'Energy', '1', '70');
INSERT INTO xmai_industry VALUES ('12', 'Engineering', '1', '71');
INSERT INTO xmai_industry VALUES ('13', 'Entertainment', '1', '72');
INSERT INTO xmai_industry VALUES ('14', 'Environmental', '1', '73');
INSERT INTO xmai_industry VALUES ('15', 'Finance', '1', '74');
INSERT INTO xmai_industry VALUES ('16', 'Food & Beverage', '1', '75');
INSERT INTO xmai_industry VALUES ('17', 'Government', '1', '76');
INSERT INTO xmai_industry VALUES ('18', 'Healthcare', '1', '77');
INSERT INTO xmai_industry VALUES ('19', 'Hospitality', '1', '78');
INSERT INTO xmai_industry VALUES ('20', 'Insurance', '1', '79');
INSERT INTO xmai_industry VALUES ('21', 'Machinery', '1', '80');
INSERT INTO xmai_industry VALUES ('22', 'Manufacturing', '1', '81');
INSERT INTO xmai_industry VALUES ('23', 'Media', '1', '82');
INSERT INTO xmai_industry VALUES ('24', 'Not For Profit', '1', '83');
INSERT INTO xmai_industry VALUES ('25', 'Recreation', '1', '84');
INSERT INTO xmai_industry VALUES ('26', 'Retail', '1', '85');
INSERT INTO xmai_industry VALUES ('27', 'Shipping', '1', '86');
INSERT INTO xmai_industry VALUES ('28', 'Technology', '1', '87');
INSERT INTO xmai_industry VALUES ('29', 'Telecommunications', '1', '88');
INSERT INTO xmai_industry VALUES ('30', 'Transportation', '1', '89');
INSERT INTO xmai_industry VALUES ('31', 'Utilities', '1', '90');
INSERT INTO xmai_industry VALUES ('32', 'Other', '1', '91');

-- ----------------------------
-- Table structure for `xmai_industry_seq`
-- ----------------------------
DROP TABLE IF EXISTS `xmai_industry_seq`;
CREATE TABLE `xmai_industry_seq` (
  `id` int(11) NOT NULL
) ENGINE=MyISAM DEFAULT CHARSET=utf8;

-- ----------------------------
-- Records of xmai_industry_seq
-- ----------------------------
INSERT INTO xmai_industry_seq VALUES ('32');

-- ----------------------------
-- Table structure for `xmai_inventorynotification`
-- ----------------------------
DROP TABLE IF EXISTS `xmai_inventorynotification`;
CREATE TABLE `xmai_inventorynotification` (
  `notificationid` int(19) NOT NULL auto_increment,
  `notificationname` varchar(200) default NULL,
  `notificationsubject` varchar(200) default NULL,
  `notificationbody` text,
  `label` varchar(50) default NULL,
  `status` varchar(30) default NULL,
  PRIMARY KEY  (`notificationid`)
) ENGINE=InnoDB AUTO_INCREMENT=4 DEFAULT CHARSET=utf8;

-- ----------------------------
-- Records of xmai_inventorynotification
-- ----------------------------
INSERT INTO xmai_inventorynotification VALUES ('1', 'InvoiceNotification', '{PRODUCTNAME} Stock Level is Low', 'Dear {HANDLER},\n\nThe current stock of {PRODUCTNAME} in our warehouse is {CURRENTSTOCK}. Kindly procure required number of units as the stock level is below reorder level {REORDERLEVELVALUE}.\n\nPlease treat this information as Urgent as the invoice is already sent  to the customer.\n\nSeverity: Critical\n\nThanks,\n{CURRENTUSER} ', 'InvoiceNotificationDescription', null);
INSERT INTO xmai_inventorynotification VALUES ('2', 'QuoteNotification', 'Quote given for {PRODUCTNAME}', 'Dear {HANDLER},\n\nQuote is generated for {QUOTEQUANTITY} units of {PRODUCTNAME}. The current stock of {PRODUCTNAME} in our warehouse is {CURRENTSTOCK}.\n\nSeverity: Minor\n\nThanks,\n{CURRENTUSER} ', 'QuoteNotificationDescription', null);
INSERT INTO xmai_inventorynotification VALUES ('3', 'SalesOrderNotification', 'Sales Order generated for {PRODUCTNAME}', 'Dear {HANDLER},\n\nSalesOrder is generated for {SOQUANTITY} units of {PRODUCTNAME}. The current stock of {PRODUCTNAME} in our warehouse is {CURRENTSTOCK}.\n\nPlease treat this information  with priority as the sales order is already generated.\n\nSeverity: Major\n\nThanks,\n{CURRENTUSER} ', 'SalesOrderNotificationDescription', null);

-- ----------------------------
-- Table structure for `xmai_inventorynotification_seq`
-- ----------------------------
DROP TABLE IF EXISTS `xmai_inventorynotification_seq`;
CREATE TABLE `xmai_inventorynotification_seq` (
  `id` int(11) NOT NULL
) ENGINE=MyISAM DEFAULT CHARSET=utf8;

-- ----------------------------
-- Records of xmai_inventorynotification_seq
-- ----------------------------
INSERT INTO xmai_inventorynotification_seq VALUES ('3');

-- ----------------------------
-- Table structure for `xmai_inventoryproductrel`
-- ----------------------------
DROP TABLE IF EXISTS `xmai_inventoryproductrel`;
CREATE TABLE `xmai_inventoryproductrel` (
  `id` int(19) default NULL,
  `productid` int(19) default NULL,
  `sequence_no` int(4) default NULL,
  `quantity` decimal(25,3) default NULL,
  `listprice` decimal(25,3) default NULL,
  `discount_percent` decimal(7,3) default NULL,
  `discount_amount` decimal(25,3) default NULL,
  `comment` varchar(250) default NULL,
  `description` text,
  `incrementondel` int(11) NOT NULL default '0',
  `lineitem_id` int(11) NOT NULL auto_increment,
  `tax1` decimal(7,3) default NULL,
  `tax2` decimal(7,3) default NULL,
  `tax3` decimal(7,3) default NULL,
  PRIMARY KEY  (`lineitem_id`),
  KEY `inventoryproductrel_id_idx` (`id`),
  KEY `inventoryproductrel_productid_idx` (`productid`)
) ENGINE=InnoDB AUTO_INCREMENT=40 DEFAULT CHARSET=utf8;

-- ----------------------------
-- Records of xmai_inventoryproductrel
-- ----------------------------
INSERT INTO xmai_inventoryproductrel VALUES ('74', '61', '1', '1.000', '130.000', null, '20.000', 'This is test comment for product of Quotes', null, '0', '1', null, null, null);
INSERT INTO xmai_inventoryproductrel VALUES ('75', '61', '1', '1.000', '130.000', null, '20.000', 'This is test comment for product of Quotes', null, '0', '2', null, null, null);
INSERT INTO xmai_inventoryproductrel VALUES ('75', '60', '1', '1.000', '130.000', null, '20.000', 'This is test comment for product of Quotes', null, '0', '3', null, null, null);
INSERT INTO xmai_inventoryproductrel VALUES ('76', '60', '1', '1.000', '130.000', null, '20.000', 'This is test comment for product of Quotes', null, '0', '4', null, null, null);
INSERT INTO xmai_inventoryproductrel VALUES ('76', '58', '1', '1.000', '130.000', null, '20.000', 'This is test comment for product of Quotes', null, '0', '5', null, null, null);
INSERT INTO xmai_inventoryproductrel VALUES ('77', '58', '1', '1.000', '130.000', null, '20.000', 'This is test comment for product of Quotes', null, '0', '6', null, null, null);
INSERT INTO xmai_inventoryproductrel VALUES ('77', '58', '1', '1.000', '130.000', null, '20.000', 'This is test comment for product of Quotes', null, '0', '7', null, null, null);
INSERT INTO xmai_inventoryproductrel VALUES ('78', '58', '1', '1.000', '130.000', null, '20.000', 'This is test comment for product of Quotes', null, '0', '8', null, null, null);
INSERT INTO xmai_inventoryproductrel VALUES ('78', '55', '1', '1.000', '130.000', null, '20.000', 'This is test comment for product of Quotes', null, '0', '9', null, null, null);
INSERT INTO xmai_inventoryproductrel VALUES ('79', '55', '1', '1.000', '130.000', null, '20.000', 'This is test comment for product of Quotes', null, '0', '10', null, null, null);
INSERT INTO xmai_inventoryproductrel VALUES ('79', '55', '1', '1.000', '1230.000', null, '200.000', 'This is test comment for product of SalesOrder', null, '0', '11', null, null, null);
INSERT INTO xmai_inventoryproductrel VALUES ('80', '55', '1', '1.000', '1230.000', null, '200.000', 'This is test comment for product of SalesOrder', null, '0', '12', null, null, null);
INSERT INTO xmai_inventoryproductrel VALUES ('80', '59', '1', '1.000', '1230.000', null, '200.000', 'This is test comment for product of SalesOrder', null, '0', '13', null, null, null);
INSERT INTO xmai_inventoryproductrel VALUES ('81', '59', '1', '1.000', '1230.000', null, '200.000', 'This is test comment for product of SalesOrder', null, '0', '14', null, null, null);
INSERT INTO xmai_inventoryproductrel VALUES ('81', '61', '1', '1.000', '1230.000', null, '200.000', 'This is test comment for product of SalesOrder', null, '0', '15', null, null, null);
INSERT INTO xmai_inventoryproductrel VALUES ('82', '61', '1', '1.000', '1230.000', null, '200.000', 'This is test comment for product of SalesOrder', null, '0', '16', null, null, null);
INSERT INTO xmai_inventoryproductrel VALUES ('82', '55', '1', '1.000', '1230.000', null, '200.000', 'This is test comment for product of SalesOrder', null, '0', '17', null, null, null);
INSERT INTO xmai_inventoryproductrel VALUES ('83', '55', '1', '1.000', '1230.000', null, '200.000', 'This is test comment for product of SalesOrder', null, '0', '18', null, null, null);
INSERT INTO xmai_inventoryproductrel VALUES ('83', '57', '1', '1.000', '1230.000', null, '200.000', 'This is test comment for product of SalesOrder', null, '0', '19', null, null, null);
INSERT INTO xmai_inventoryproductrel VALUES ('84', '57', '1', '1.000', '1230.000', null, '200.000', 'This is test comment for product of SalesOrder', null, '0', '20', null, null, null);
INSERT INTO xmai_inventoryproductrel VALUES ('84', '56', '1', '1.000', '2200.000', null, '200.000', 'This is test comment for product of PurchaseOrder', null, '0', '21', null, null, null);
INSERT INTO xmai_inventoryproductrel VALUES ('85', '56', '1', '1.000', '2200.000', null, '200.000', 'This is test comment for product of PurchaseOrder', null, '0', '22', null, null, null);
INSERT INTO xmai_inventoryproductrel VALUES ('85', '60', '1', '1.000', '2200.000', null, '200.000', 'This is test comment for product of PurchaseOrder', null, '0', '23', null, null, null);
INSERT INTO xmai_inventoryproductrel VALUES ('86', '60', '1', '1.000', '2200.000', null, '200.000', 'This is test comment for product of PurchaseOrder', null, '0', '24', null, null, null);
INSERT INTO xmai_inventoryproductrel VALUES ('86', '60', '1', '1.000', '2200.000', null, '200.000', 'This is test comment for product of PurchaseOrder', null, '0', '25', null, null, null);
INSERT INTO xmai_inventoryproductrel VALUES ('87', '60', '1', '1.000', '2200.000', null, '200.000', 'This is test comment for product of PurchaseOrder', null, '0', '26', null, null, null);
INSERT INTO xmai_inventoryproductrel VALUES ('87', '54', '1', '1.000', '2200.000', null, '200.000', 'This is test comment for product of PurchaseOrder', null, '0', '27', null, null, null);
INSERT INTO xmai_inventoryproductrel VALUES ('88', '54', '1', '1.000', '2200.000', null, '200.000', 'This is test comment for product of PurchaseOrder', null, '0', '28', null, null, null);
INSERT INTO xmai_inventoryproductrel VALUES ('88', '57', '1', '1.000', '2200.000', null, '200.000', 'This is test comment for product of PurchaseOrder', null, '0', '29', null, null, null);
INSERT INTO xmai_inventoryproductrel VALUES ('89', '57', '1', '1.000', '2200.000', null, '200.000', 'This is test comment for product of PurchaseOrder', null, '1', '30', null, null, null);
INSERT INTO xmai_inventoryproductrel VALUES ('89', '54', '1', '1.000', '4300.000', null, '300.000', 'This is test comment for product of Invoice', null, '0', '31', null, null, null);
INSERT INTO xmai_inventoryproductrel VALUES ('90', '54', '1', '1.000', '4300.000', null, '300.000', 'This is test comment for product of Invoice', null, '1', '32', null, null, null);
INSERT INTO xmai_inventoryproductrel VALUES ('90', '57', '1', '1.000', '4300.000', null, '300.000', 'This is test comment for product of Invoice', null, '0', '33', null, null, null);
INSERT INTO xmai_inventoryproductrel VALUES ('91', '57', '1', '1.000', '4300.000', null, '300.000', 'This is test comment for product of Invoice', null, '1', '34', null, null, null);
INSERT INTO xmai_inventoryproductrel VALUES ('91', '52', '1', '1.000', '4300.000', null, '300.000', 'This is test comment for product of Invoice', null, '0', '35', null, null, null);
INSERT INTO xmai_inventoryproductrel VALUES ('92', '52', '1', '1.000', '4300.000', null, '300.000', 'This is test comment for product of Invoice', null, '1', '36', null, null, null);
INSERT INTO xmai_inventoryproductrel VALUES ('92', '58', '1', '1.000', '4300.000', null, '300.000', 'This is test comment for product of Invoice', null, '0', '37', null, null, null);
INSERT INTO xmai_inventoryproductrel VALUES ('93', '58', '1', '1.000', '4300.000', null, '300.000', 'This is test comment for product of Invoice', null, '1', '38', null, null, null);
INSERT INTO xmai_inventoryproductrel VALUES ('93', '54', '1', '1.000', '4300.000', null, '300.000', 'This is test comment for product of Invoice', null, '0', '39', null, null, null);

-- ----------------------------
-- Table structure for `xmai_inventoryshippingrel`
-- ----------------------------
DROP TABLE IF EXISTS `xmai_inventoryshippingrel`;
CREATE TABLE `xmai_inventoryshippingrel` (
  `id` int(19) default NULL,
  `shtax1` decimal(7,3) default NULL,
  `shtax2` decimal(7,3) default NULL,
  `shtax3` decimal(7,3) default NULL,
  KEY `inventoryishippingrel_id_idx` (`id`)
) ENGINE=InnoDB DEFAULT CHARSET=utf8;

-- ----------------------------
-- Records of xmai_inventoryshippingrel
-- ----------------------------
INSERT INTO xmai_inventoryshippingrel VALUES ('74', null, null, null);
INSERT INTO xmai_inventoryshippingrel VALUES ('74', null, null, null);
INSERT INTO xmai_inventoryshippingrel VALUES ('75', null, null, null);
INSERT INTO xmai_inventoryshippingrel VALUES ('75', null, null, null);
INSERT INTO xmai_inventoryshippingrel VALUES ('76', null, null, null);
INSERT INTO xmai_inventoryshippingrel VALUES ('76', null, null, null);
INSERT INTO xmai_inventoryshippingrel VALUES ('77', null, null, null);
INSERT INTO xmai_inventoryshippingrel VALUES ('77', null, null, null);
INSERT INTO xmai_inventoryshippingrel VALUES ('78', null, null, null);
INSERT INTO xmai_inventoryshippingrel VALUES ('78', null, null, null);
INSERT INTO xmai_inventoryshippingrel VALUES ('79', null, null, null);
INSERT INTO xmai_inventoryshippingrel VALUES ('79', null, null, null);
INSERT INTO xmai_inventoryshippingrel VALUES ('80', null, null, null);
INSERT INTO xmai_inventoryshippingrel VALUES ('80', null, null, null);
INSERT INTO xmai_inventoryshippingrel VALUES ('81', null, null, null);
INSERT INTO xmai_inventoryshippingrel VALUES ('81', null, null, null);
INSERT INTO xmai_inventoryshippingrel VALUES ('82', null, null, null);
INSERT INTO xmai_inventoryshippingrel VALUES ('82', null, null, null);
INSERT INTO xmai_inventoryshippingrel VALUES ('83', null, null, null);
INSERT INTO xmai_inventoryshippingrel VALUES ('83', null, null, null);
INSERT INTO xmai_inventoryshippingrel VALUES ('84', null, null, null);
INSERT INTO xmai_inventoryshippingrel VALUES ('84', null, null, null);
INSERT INTO xmai_inventoryshippingrel VALUES ('85', null, null, null);
INSERT INTO xmai_inventoryshippingrel VALUES ('85', null, null, null);
INSERT INTO xmai_inventoryshippingrel VALUES ('86', null, null, null);
INSERT INTO xmai_inventoryshippingrel VALUES ('86', null, null, null);
INSERT INTO xmai_inventoryshippingrel VALUES ('87', null, null, null);
INSERT INTO xmai_inventoryshippingrel VALUES ('87', null, null, null);
INSERT INTO xmai_inventoryshippingrel VALUES ('88', null, null, null);
INSERT INTO xmai_inventoryshippingrel VALUES ('88', null, null, null);
INSERT INTO xmai_inventoryshippingrel VALUES ('89', null, null, null);
INSERT INTO xmai_inventoryshippingrel VALUES ('89', null, null, null);
INSERT INTO xmai_inventoryshippingrel VALUES ('90', null, null, null);
INSERT INTO xmai_inventoryshippingrel VALUES ('90', null, null, null);
INSERT INTO xmai_inventoryshippingrel VALUES ('91', null, null, null);
INSERT INTO xmai_inventoryshippingrel VALUES ('91', null, null, null);
INSERT INTO xmai_inventoryshippingrel VALUES ('92', null, null, null);
INSERT INTO xmai_inventoryshippingrel VALUES ('92', null, null, null);
INSERT INTO xmai_inventoryshippingrel VALUES ('93', null, null, null);
INSERT INTO xmai_inventoryshippingrel VALUES ('93', null, null, null);

-- ----------------------------
-- Table structure for `xmai_inventorysubproductrel`
-- ----------------------------
DROP TABLE IF EXISTS `xmai_inventorysubproductrel`;
CREATE TABLE `xmai_inventorysubproductrel` (
  `id` int(19) NOT NULL,
  `sequence_no` int(10) NOT NULL,
  `productid` int(19) NOT NULL
) ENGINE=InnoDB DEFAULT CHARSET=utf8;

-- ----------------------------
-- Records of xmai_inventorysubproductrel
-- ----------------------------

-- ----------------------------
-- Table structure for `xmai_inventorytaxinfo`
-- ----------------------------
DROP TABLE IF EXISTS `xmai_inventorytaxinfo`;
CREATE TABLE `xmai_inventorytaxinfo` (
  `taxid` int(3) NOT NULL,
  `taxname` varchar(50) default NULL,
  `taxlabel` varchar(50) default NULL,
  `percentage` decimal(7,3) default NULL,
  `deleted` int(1) default NULL,
  PRIMARY KEY  (`taxid`),
  KEY `inventorytaxinfo_taxname_idx` (`taxname`)
) ENGINE=InnoDB DEFAULT CHARSET=utf8;

-- ----------------------------
-- Records of xmai_inventorytaxinfo
-- ----------------------------
INSERT INTO xmai_inventorytaxinfo VALUES ('1', 'tax1', 'VAT', '4.500', '0');
INSERT INTO xmai_inventorytaxinfo VALUES ('2', 'tax2', 'Sales', '10.000', '0');
INSERT INTO xmai_inventorytaxinfo VALUES ('3', 'tax3', 'Service', '12.500', '0');

-- ----------------------------
-- Table structure for `xmai_inventorytaxinfo_seq`
-- ----------------------------
DROP TABLE IF EXISTS `xmai_inventorytaxinfo_seq`;
CREATE TABLE `xmai_inventorytaxinfo_seq` (
  `id` int(11) NOT NULL
) ENGINE=MyISAM DEFAULT CHARSET=utf8;

-- ----------------------------
-- Records of xmai_inventorytaxinfo_seq
-- ----------------------------
INSERT INTO xmai_inventorytaxinfo_seq VALUES ('3');

-- ----------------------------
-- Table structure for `xmai_inventory_tandc`
-- ----------------------------
DROP TABLE IF EXISTS `xmai_inventory_tandc`;
CREATE TABLE `xmai_inventory_tandc` (
  `id` int(19) NOT NULL,
  `type` varchar(30) NOT NULL,
  `tandc` text,
  PRIMARY KEY  (`id`)
) ENGINE=InnoDB DEFAULT CHARSET=utf8;

-- ----------------------------
-- Records of xmai_inventory_tandc
-- ----------------------------
INSERT INTO xmai_inventory_tandc VALUES ('1', 'Inventory', '\n - Unless otherwise agreed in writing by the supplier all invoices are payable within thirty (30) days of the date of invoice, in the currency of the invoice, drawn on a bank based in India or by such other method as is agreed in advance by the Supplier.\n\n - All prices are not inclusive of VAT which shall be payable in addition by the Customer at the applicable rate.');

-- ----------------------------
-- Table structure for `xmai_inventory_tandc_seq`
-- ----------------------------
DROP TABLE IF EXISTS `xmai_inventory_tandc_seq`;
CREATE TABLE `xmai_inventory_tandc_seq` (
  `id` int(11) NOT NULL
) ENGINE=MyISAM DEFAULT CHARSET=utf8;

-- ----------------------------
-- Records of xmai_inventory_tandc_seq
-- ----------------------------
INSERT INTO xmai_inventory_tandc_seq VALUES ('1');

-- ----------------------------
-- Table structure for `xmai_invitees`
-- ----------------------------
DROP TABLE IF EXISTS `xmai_invitees`;
CREATE TABLE `xmai_invitees` (
  `activityid` int(19) NOT NULL,
  `inviteeid` int(19) NOT NULL,
  PRIMARY KEY  (`activityid`,`inviteeid`)
) ENGINE=InnoDB DEFAULT CHARSET=utf8;

-- ----------------------------
-- Records of xmai_invitees
-- ----------------------------

-- ----------------------------
-- Table structure for `xmai_invoice`
-- ----------------------------
DROP TABLE IF EXISTS `xmai_invoice`;
CREATE TABLE `xmai_invoice` (
  `invoiceid` int(19) NOT NULL default '0',
  `subject` varchar(100) default NULL,
  `salesorderid` int(19) default NULL,
  `customerno` varchar(100) default NULL,
  `contactid` int(19) default NULL,
  `notes` varchar(100) default NULL,
  `invoicedate` date default NULL,
  `duedate` date default NULL,
  `invoiceterms` varchar(100) default NULL,
  `type` varchar(100) default NULL,
  `adjustment` decimal(25,3) default NULL,
  `salescommission` decimal(25,3) default NULL,
  `exciseduty` decimal(25,3) default NULL,
  `subtotal` decimal(25,3) default NULL,
  `total` decimal(25,3) default NULL,
  `taxtype` varchar(25) default NULL,
  `discount_percent` decimal(25,3) default NULL,
  `discount_amount` decimal(25,3) default NULL,
  `s_h_amount` decimal(25,3) default NULL,
  `shipping` varchar(100) default NULL,
  `accountid` int(19) default NULL,
  `terms_conditions` text,
  `purchaseorder` varchar(200) default NULL,
  `invoicestatus` varchar(200) default NULL,
  `invoice_no` varchar(100) default NULL,
  `currency_id` int(19) NOT NULL default '1',
  `conversion_rate` decimal(10,3) NOT NULL default '1.000',
  PRIMARY KEY  (`invoiceid`),
  KEY `invoice_purchaseorderid_idx` (`invoiceid`),
  KEY `fk_2_xmai_invoice` (`salesorderid`),
  CONSTRAINT `fk_2_xmai_invoice` FOREIGN KEY (`salesorderid`) REFERENCES `xmai_salesorder` (`salesorderid`) ON DELETE CASCADE
) ENGINE=InnoDB DEFAULT CHARSET=utf8;

-- ----------------------------
-- Records of xmai_invoice
-- ----------------------------
INSERT INTO xmai_invoice VALUES ('89', 'xmai_invoice201', '80', '', '0', null, null, null, null, null, '100.000', '0.000', '0.000', '4000.000', '4050.000', 'individual', '0.000', '100.000', '50.000', null, '18', '', '', 'Created', 'INV1', '1', '1.000');
INSERT INTO xmai_invoice VALUES ('90', 'zoho_inv7841', '79', '', '0', null, null, null, null, null, '100.000', '0.000', '0.000', '4000.000', '4050.000', 'individual', '0.000', '100.000', '50.000', null, '14', '', '', 'Sent', 'INV2', '1', '1.000');
INSERT INTO xmai_invoice VALUES ('91', 'xmai5usrp_invoice71134', '83', '', '0', null, null, null, null, null, '100.000', '0.000', '0.000', '4000.000', '4050.000', 'individual', '0.000', '100.000', '50.000', null, '16', '', '', 'Approved', 'INV3', '1', '1.000');
INSERT INTO xmai_invoice VALUES ('92', 'vt100usrpk_inv113', '81', '', '0', null, null, null, null, null, '100.000', '0.000', '0.000', '4000.000', '4050.000', 'individual', '0.000', '100.000', '50.000', null, '10', '', '', 'Credit Invoice', 'INV4', '1', '1.000');
INSERT INTO xmai_invoice VALUES ('93', 'vendtl_inv214', '83', '', '0', null, null, null, null, null, '100.000', '0.000', '0.000', '4000.000', '4050.000', 'individual', '0.000', '100.000', '50.000', null, '12', '', '', 'Paid', 'INV5', '1', '1.000');

-- ----------------------------
-- Table structure for `xmai_invoicebillads`
-- ----------------------------
DROP TABLE IF EXISTS `xmai_invoicebillads`;
CREATE TABLE `xmai_invoicebillads` (
  `invoicebilladdressid` int(19) NOT NULL default '0',
  `bill_city` varchar(30) default NULL,
  `bill_code` varchar(30) default NULL,
  `bill_country` varchar(30) default NULL,
  `bill_state` varchar(30) default NULL,
  `bill_street` varchar(250) default NULL,
  `bill_pobox` varchar(30) default NULL,
  PRIMARY KEY  (`invoicebilladdressid`),
  CONSTRAINT `fk_1_xmai_invoicebillads` FOREIGN KEY (`invoicebilladdressid`) REFERENCES `xmai_invoice` (`invoiceid`) ON DELETE CASCADE
) ENGINE=InnoDB DEFAULT CHARSET=utf8;

-- ----------------------------
-- Records of xmai_invoicebillads
-- ----------------------------
INSERT INTO xmai_invoicebillads VALUES ('89', 'San Jose', '74563', 'USA', 'CA', '345 Sugar Blvd.', '');
INSERT INTO xmai_invoicebillads VALUES ('90', 'San Jose', '93913', 'USA', 'CA', '999 Baker Way', '');
INSERT INTO xmai_invoicebillads VALUES ('91', 'San Mateo', '99272', 'USA', 'CA', '999 Baker Way', '');
INSERT INTO xmai_invoicebillads VALUES ('92', 'Sunnyvale', '15281', 'USA', 'CA', '345 Sugar Blvd.', '');
INSERT INTO xmai_invoicebillads VALUES ('93', 'San Jose', '55609', 'USA', 'CA', '1715 Scott Dr', '');

-- ----------------------------
-- Table structure for `xmai_invoicecf`
-- ----------------------------
DROP TABLE IF EXISTS `xmai_invoicecf`;
CREATE TABLE `xmai_invoicecf` (
  `invoiceid` int(19) NOT NULL default '0',
  PRIMARY KEY  (`invoiceid`),
  CONSTRAINT `fk_1_xmai_invoicecf` FOREIGN KEY (`invoiceid`) REFERENCES `xmai_invoice` (`invoiceid`) ON DELETE CASCADE
) ENGINE=InnoDB DEFAULT CHARSET=utf8;

-- ----------------------------
-- Records of xmai_invoicecf
-- ----------------------------
INSERT INTO xmai_invoicecf VALUES ('89');
INSERT INTO xmai_invoicecf VALUES ('90');
INSERT INTO xmai_invoicecf VALUES ('91');
INSERT INTO xmai_invoicecf VALUES ('92');
INSERT INTO xmai_invoicecf VALUES ('93');

-- ----------------------------
-- Table structure for `xmai_invoiceshipads`
-- ----------------------------
DROP TABLE IF EXISTS `xmai_invoiceshipads`;
CREATE TABLE `xmai_invoiceshipads` (
  `invoiceshipaddressid` int(19) NOT NULL default '0',
  `ship_city` varchar(30) default NULL,
  `ship_code` varchar(30) default NULL,
  `ship_country` varchar(30) default NULL,
  `ship_state` varchar(30) default NULL,
  `ship_street` varchar(250) default NULL,
  `ship_pobox` varchar(30) default NULL,
  PRIMARY KEY  (`invoiceshipaddressid`),
  CONSTRAINT `fk_1_xmai_invoiceshipads` FOREIGN KEY (`invoiceshipaddressid`) REFERENCES `xmai_invoice` (`invoiceid`) ON DELETE CASCADE
) ENGINE=InnoDB DEFAULT CHARSET=utf8;

-- ----------------------------
-- Records of xmai_invoiceshipads
-- ----------------------------
INSERT INTO xmai_invoiceshipads VALUES ('89', 'San Jose', '94732', 'USA', 'CA', '999 Baker Way', '');
INSERT INTO xmai_invoiceshipads VALUES ('90', 'San Jose', '94732', 'USA', 'CA', '999 Baker Way', '');
INSERT INTO xmai_invoiceshipads VALUES ('91', 'San Jose', '94732', 'USA', 'CA', '999 Baker Way', '');
INSERT INTO xmai_invoiceshipads VALUES ('92', 'San Jose', '94732', 'USA', 'CA', '999 Baker Way', '');
INSERT INTO xmai_invoiceshipads VALUES ('93', 'San Jose', '94732', 'USA', 'CA', '999 Baker Way', '');

-- ----------------------------
-- Table structure for `xmai_invoicestatus`
-- ----------------------------
DROP TABLE IF EXISTS `xmai_invoicestatus`;
CREATE TABLE `xmai_invoicestatus` (
  `invoicestatusid` int(19) NOT NULL auto_increment,
  `invoicestatus` varchar(200) NOT NULL,
  `presence` int(1) NOT NULL default '1',
  `picklist_valueid` int(19) NOT NULL default '0',
  PRIMARY KEY  (`invoicestatusid`),
  UNIQUE KEY `invoicestatus_invoiestatus_idx` (`invoicestatus`)
) ENGINE=InnoDB AUTO_INCREMENT=7 DEFAULT CHARSET=utf8;

-- ----------------------------
-- Records of xmai_invoicestatus
-- ----------------------------
INSERT INTO xmai_invoicestatus VALUES ('1', 'AutoCreated', '0', '92');
INSERT INTO xmai_invoicestatus VALUES ('2', 'Created', '0', '93');
INSERT INTO xmai_invoicestatus VALUES ('3', 'Approved', '0', '94');
INSERT INTO xmai_invoicestatus VALUES ('4', 'Sent', '0', '95');
INSERT INTO xmai_invoicestatus VALUES ('5', 'Credit Invoice', '0', '96');
INSERT INTO xmai_invoicestatus VALUES ('6', 'Paid', '0', '97');

-- ----------------------------
-- Table structure for `xmai_invoicestatushistory`
-- ----------------------------
DROP TABLE IF EXISTS `xmai_invoicestatushistory`;
CREATE TABLE `xmai_invoicestatushistory` (
  `historyid` int(19) NOT NULL auto_increment,
  `invoiceid` int(19) NOT NULL,
  `accountname` varchar(100) default NULL,
  `total` decimal(10,0) default NULL,
  `invoicestatus` varchar(200) default NULL,
  `lastmodified` datetime default NULL,
  PRIMARY KEY  (`historyid`),
  KEY `invoicestatushistory_invoiceid_idx` (`invoiceid`),
  CONSTRAINT `fk_1_xmai_invoicestatushistory` FOREIGN KEY (`invoiceid`) REFERENCES `xmai_invoice` (`invoiceid`) ON DELETE CASCADE
) ENGINE=InnoDB DEFAULT CHARSET=utf8;

-- ----------------------------
-- Records of xmai_invoicestatushistory
-- ----------------------------

-- ----------------------------
-- Table structure for `xmai_invoicestatus_seq`
-- ----------------------------
DROP TABLE IF EXISTS `xmai_invoicestatus_seq`;
CREATE TABLE `xmai_invoicestatus_seq` (
  `id` int(11) NOT NULL
) ENGINE=MyISAM DEFAULT CHARSET=utf8;

-- ----------------------------
-- Records of xmai_invoicestatus_seq
-- ----------------------------
INSERT INTO xmai_invoicestatus_seq VALUES ('6');

-- ----------------------------
-- Table structure for `xmai_invoice_recurring_info`
-- ----------------------------
DROP TABLE IF EXISTS `xmai_invoice_recurring_info`;
CREATE TABLE `xmai_invoice_recurring_info` (
  `salesorderid` int(11) default NULL,
  `recurring_frequency` varchar(200) default NULL,
  `start_period` date default NULL,
  `end_period` date default NULL,
  `last_recurring_date` date default NULL,
  `payment_duration` varchar(200) default NULL,
  `invoice_status` varchar(200) default NULL
) ENGINE=InnoDB DEFAULT CHARSET=utf8;

-- ----------------------------
-- Records of xmai_invoice_recurring_info
-- ----------------------------

-- ----------------------------
-- Table structure for `xmai_language`
-- ----------------------------
DROP TABLE IF EXISTS `xmai_language`;
CREATE TABLE `xmai_language` (
  `id` int(11) NOT NULL auto_increment,
  `name` varchar(50) default NULL,
  `prefix` varchar(10) default NULL,
  `label` varchar(30) default NULL,
  `lastupdated` datetime default NULL,
  `sequence` int(11) default NULL,
  `isdefault` int(1) default NULL,
  `active` int(1) default NULL,
  PRIMARY KEY  (`id`)
) ENGINE=InnoDB AUTO_INCREMENT=11 DEFAULT CHARSET=utf8;

-- ----------------------------
-- Records of xmai_language
-- ----------------------------
INSERT INTO xmai_language VALUES ('1', 'English', 'en_us', 'US English', '2012-07-28 11:59:23', null, '1', '1');
INSERT INTO xmai_language VALUES ('2', 'Brazilian', 'pt_br', 'PT Brasil', '2012-07-28 12:02:55', null, '0', '1');
INSERT INTO xmai_language VALUES ('3', 'BritishEnglish', 'en_gb', 'British English', '2012-07-28 12:02:56', null, '0', '1');
INSERT INTO xmai_language VALUES ('4', 'Deutsch', 'de_de', 'DE Deutsch', '2012-07-28 12:02:56', null, '0', '1');
INSERT INTO xmai_language VALUES ('5', 'Dutch', 'nl_nl', 'NL-Dutch', '2012-07-28 12:02:57', null, '0', '1');
INSERT INTO xmai_language VALUES ('6', 'French', 'fr_fr', 'Francais', '2012-07-28 12:02:57', null, '0', '1');
INSERT INTO xmai_language VALUES ('7', 'Hungarian', 'hu_hu', 'HU Magyar', '2012-07-28 12:02:58', null, '0', '1');
INSERT INTO xmai_language VALUES ('8', 'Mexican Spanish', 'es_mx', 'ES Mexico', '2012-07-28 12:02:58', null, '0', '1');
INSERT INTO xmai_language VALUES ('9', 'Spanish', 'es_es', 'ES Spanish', '2012-07-28 12:02:59', null, '0', '1');
INSERT INTO xmai_language VALUES ('10', ' (Simplified Chinese)', 'zh_cn', '', '2012-07-28 12:21:24', null, '0', '1');

-- ----------------------------
-- Table structure for `xmai_language_seq`
-- ----------------------------
DROP TABLE IF EXISTS `xmai_language_seq`;
CREATE TABLE `xmai_language_seq` (
  `id` int(11) NOT NULL
) ENGINE=MyISAM DEFAULT CHARSET=utf8;

-- ----------------------------
-- Records of xmai_language_seq
-- ----------------------------
INSERT INTO xmai_language_seq VALUES ('10');

-- ----------------------------
-- Table structure for `xmai_lar`
-- ----------------------------
DROP TABLE IF EXISTS `xmai_lar`;
CREATE TABLE `xmai_lar` (
  `larid` int(19) NOT NULL default '0',
  `name` varchar(50) NOT NULL,
  `createdby` int(19) NOT NULL default '0',
  `createdon` date NOT NULL,
  PRIMARY KEY  (`larid`),
  UNIQUE KEY `lar_name_idx` (`name`),
  KEY `lar_createdby_idx` (`createdby`),
  CONSTRAINT `fk_1_xmai_lar` FOREIGN KEY (`createdby`) REFERENCES `xmai_users` (`id`) ON DELETE CASCADE
) ENGINE=InnoDB DEFAULT CHARSET=utf8;

-- ----------------------------
-- Records of xmai_lar
-- ----------------------------

-- ----------------------------
-- Table structure for `xmai_leadacctrel`
-- ----------------------------
DROP TABLE IF EXISTS `xmai_leadacctrel`;
CREATE TABLE `xmai_leadacctrel` (
  `leadid` int(19) NOT NULL default '0',
  `accountid` int(19) NOT NULL default '0',
  PRIMARY KEY  (`leadid`),
  KEY `leadacctrel_accountid_idx` (`accountid`),
  CONSTRAINT `fk_2_xmai_leadacctrel` FOREIGN KEY (`leadid`) REFERENCES `xmai_leaddetails` (`leadid`) ON DELETE CASCADE
) ENGINE=InnoDB DEFAULT CHARSET=utf8;

-- ----------------------------
-- Records of xmai_leadacctrel
-- ----------------------------

-- ----------------------------
-- Table structure for `xmai_leadaddress`
-- ----------------------------
DROP TABLE IF EXISTS `xmai_leadaddress`;
CREATE TABLE `xmai_leadaddress` (
  `leadaddressid` int(19) NOT NULL default '0',
  `city` varchar(30) default NULL,
  `code` varchar(30) default NULL,
  `state` varchar(30) default NULL,
  `pobox` varchar(30) default NULL,
  `country` varchar(30) default NULL,
  `phone` varchar(50) default NULL,
  `mobile` varchar(50) default NULL,
  `fax` varchar(50) default NULL,
  `lane` varchar(250) default NULL,
  `leadaddresstype` varchar(30) default 'Billing',
  PRIMARY KEY  (`leadaddressid`),
  CONSTRAINT `fk_1_xmai_leadaddress` FOREIGN KEY (`leadaddressid`) REFERENCES `xmai_leaddetails` (`leadid`) ON DELETE CASCADE
) ENGINE=InnoDB DEFAULT CHARSET=utf8;

-- ----------------------------
-- Records of xmai_leadaddress
-- ----------------------------
INSERT INTO xmai_leadaddress VALUES ('32', 'San Francisco', '99999', 'CA', '', 'USA', '(617) 002-4926', '(937) 846-2845', '', '123 Anywhere Street', 'Billing');
INSERT INTO xmai_leadaddress VALUES ('33', 'San Jose', '99999', 'CA', '', 'USA', '(630) 640-2174', '(055) 119-3274', '', '123 Anywhere Street', 'Billing');
INSERT INTO xmai_leadaddress VALUES ('34', 'San Francisco', '99999', 'CA', '', 'USA', '(058) 312-2616', '(618) 697-7995', '', '345 Sugar Blvd.', 'Billing');
INSERT INTO xmai_leadaddress VALUES ('35', 'San Mateo', '99999', 'CA', '', 'USA', '(017) 097-2372', '(161) 877-4514', '', '123 Anywhere Street', 'Billing');
INSERT INTO xmai_leadaddress VALUES ('36', 'Sunnyvale', '99999', 'CA', '', 'USA', '(425) 813-3346', '(396) 486-7165', '', '999 Baker Way', 'Billing');
INSERT INTO xmai_leadaddress VALUES ('37', 'San Mateo', '99999', 'CA', '', 'USA', '(859) 336-5005', '(316) 778-3165', '', '999 Baker Way', 'Billing');
INSERT INTO xmai_leadaddress VALUES ('38', 'San Francisco', '99999', 'CA', '', 'USA', '(361) 620-9611', '(855) 815-5367', '', '999 Baker Way', 'Billing');
INSERT INTO xmai_leadaddress VALUES ('39', 'San Francisco', '99999', 'CA', '', 'USA', '(506) 955-8387', '(110) 683-0863', '', '999 Baker Way', 'Billing');
INSERT INTO xmai_leadaddress VALUES ('40', 'Sunnyvale', '99999', 'CA', '', 'USA', '(503) 984-7373', '(071) 679-4810', '', '999 Baker Way', 'Billing');
INSERT INTO xmai_leadaddress VALUES ('41', 'San Jose', '99999', 'CA', '', 'USA', '(659) 271-0352', '(190) 791-7692', '', '345 Sugar Blvd.', 'Billing');

-- ----------------------------
-- Table structure for `xmai_leadcontrel`
-- ----------------------------
DROP TABLE IF EXISTS `xmai_leadcontrel`;
CREATE TABLE `xmai_leadcontrel` (
  `leadid` int(19) NOT NULL default '0',
  `contactid` int(19) NOT NULL default '0',
  PRIMARY KEY  (`leadid`),
  KEY `leadcontrel_contactid_idx` (`contactid`),
  CONSTRAINT `fk_2_xmai_leadcontrel` FOREIGN KEY (`leadid`) REFERENCES `xmai_leaddetails` (`leadid`) ON DELETE CASCADE
) ENGINE=InnoDB DEFAULT CHARSET=utf8;

-- ----------------------------
-- Records of xmai_leadcontrel
-- ----------------------------

-- ----------------------------
-- Table structure for `xmai_leaddetails`
-- ----------------------------
DROP TABLE IF EXISTS `xmai_leaddetails`;
CREATE TABLE `xmai_leaddetails` (
  `leadid` int(19) NOT NULL,
  `lead_no` varchar(100) NOT NULL,
  `email` varchar(100) default NULL,
  `interest` varchar(50) default NULL,
  `firstname` varchar(40) default NULL,
  `salutation` varchar(200) default NULL,
  `lastname` varchar(80) NOT NULL,
  `company` varchar(100) NOT NULL,
  `annualrevenue` int(19) default '0',
  `industry` varchar(200) default NULL,
  `campaign` varchar(30) default NULL,
  `rating` varchar(200) default NULL,
  `leadstatus` varchar(50) default NULL,
  `leadsource` varchar(200) default NULL,
  `converted` int(1) default '0',
  `designation` varchar(50) default 'SalesMan',
  `licencekeystatus` varchar(50) default NULL,
  `space` varchar(250) default NULL,
  `comments` text,
  `priority` varchar(50) default NULL,
  `demorequest` varchar(50) default NULL,
  `partnercontact` varchar(50) default NULL,
  `productversion` varchar(20) default NULL,
  `product` varchar(50) default NULL,
  `maildate` date default NULL,
  `nextstepdate` date default NULL,
  `fundingsituation` varchar(50) default NULL,
  `purpose` varchar(50) default NULL,
  `evaluationstatus` varchar(50) default NULL,
  `transferdate` date default NULL,
  `revenuetype` varchar(50) default NULL,
  `noofemployees` int(50) default NULL,
  `secondaryemail` varchar(100) default NULL,
  `assignleadchk` int(1) default '0',
  PRIMARY KEY  (`leadid`),
  KEY `leaddetails_converted_leadstatus_idx` (`converted`,`leadstatus`),
  CONSTRAINT `fk_1_xmai_leaddetails` FOREIGN KEY (`leadid`) REFERENCES `xmai_crmentity` (`crmid`) ON DELETE CASCADE
) ENGINE=InnoDB DEFAULT CHARSET=utf8;

-- ----------------------------
-- Records of xmai_leaddetails
-- ----------------------------
INSERT INTO xmai_leaddetails VALUES ('32', 'LEA1', 'mary_smith@company.com', null, 'Mary', '', 'Smith', 'xmai', '0', '', null, 'Active', 'Cold', 'Partner', '0', 'VP Operations', null, null, null, null, null, null, null, null, null, null, null, null, null, null, null, '0', '', '0');
INSERT INTO xmai_leaddetails VALUES ('33', 'LEA2', 'patricia_johnson@company.com', null, 'Patricia', '', 'Johnson', 'T3m invest a/s', '0', '', null, 'Acquired', 'Cold', 'Direct Mail', '0', 'Director Operations', null, null, null, null, null, null, null, null, null, null, null, null, null, null, null, '0', '', '0');
INSERT INTO xmai_leaddetails VALUES ('34', 'LEA3', 'linda_williams@company.com', null, 'Linda', '', 'Williams', 'Edfg group limited', '0', '', null, 'Shutdown', 'Not Contacted', 'Self Generated', '0', '', null, null, null, null, null, null, null, null, null, null, null, null, null, null, null, '0', '', '0');
INSERT INTO xmai_leaddetails VALUES ('35', 'LEA4', 'barbara_jones@company.com', null, 'Barbara', '', 'Jones', 'xmaicrm inc', '0', '', null, '--None--', 'Contact in Future', 'Partner', '0', 'Mgr Operations', null, null, null, null, null, null, null, null, null, null, null, null, null, null, null, '0', '', '0');
INSERT INTO xmai_leaddetails VALUES ('36', 'LEA5', 'elizabeth_brown@company.com', null, 'Elizabeth', '', 'Brown', 'X-ceed inc 99', '0', '', null, '--None--', 'Not Contacted', 'Cold Call', '0', 'IT Developer', null, null, null, null, null, null, null, null, null, null, null, null, null, null, null, '0', '', '0');
INSERT INTO xmai_leaddetails VALUES ('37', 'LEA6', 'jennifer_davis@company.com', null, 'Jennifer', '', 'Davis', 'xmai', '0', '', null, 'Active', 'Junk Lead', 'Existing Customer', '0', 'Mgr Operations', null, null, null, null, null, null, null, null, null, null, null, null, null, null, null, '0', '', '0');
INSERT INTO xmai_leaddetails VALUES ('38', 'LEA7', 'maria_miller@company.com', null, 'Maria', '', 'Miller', 'T3m invest a/s', '0', '', null, 'Acquired', 'Qualified', 'Self Generated', '0', '', null, null, null, null, null, null, null, null, null, null, null, null, null, null, null, '0', '', '0');
INSERT INTO xmai_leaddetails VALUES ('39', 'LEA8', 'susan_wilson@company.com', null, 'Susan', '', 'Wilson', 'Edfg group limited', '0', '', null, '--None--', 'Pre Qualified', 'Public Relations', '0', 'IT Developer', null, null, null, null, null, null, null, null, null, null, null, null, null, null, null, '0', '', '0');
INSERT INTO xmai_leaddetails VALUES ('40', 'LEA9', 'margaret_moore@company.com', null, 'Margaret', '', 'Moore', 'xmaicrm inc', '0', '', null, 'Project Cancelled', 'Warm', 'Existing Customer', '0', 'IT Developer', null, null, null, null, null, null, null, null, null, null, null, null, null, null, null, '0', '', '0');
INSERT INTO xmai_leaddetails VALUES ('41', 'LEA10', 'dorothy_taylor@company.com', null, 'Dorothy', '', 'Taylor', 'X-ceed inc 99', '0', '', null, 'Acquired', '--None--', 'Trade Show', '0', 'IT Developer', null, null, null, null, null, null, null, null, null, null, null, null, null, null, null, '0', '', '0');

-- ----------------------------
-- Table structure for `xmai_leadpotrel`
-- ----------------------------
DROP TABLE IF EXISTS `xmai_leadpotrel`;
CREATE TABLE `xmai_leadpotrel` (
  `leadid` int(19) NOT NULL default '0',
  `potentialid` int(19) NOT NULL default '0',
  PRIMARY KEY  (`potentialid`),
  UNIQUE KEY `leadpotrel_leadid_idx` (`leadid`),
  CONSTRAINT `fk_2_xmai_leadpotrel` FOREIGN KEY (`potentialid`) REFERENCES `xmai_potential` (`potentialid`) ON DELETE CASCADE
) ENGINE=InnoDB DEFAULT CHARSET=utf8;

-- ----------------------------
-- Records of xmai_leadpotrel
-- ----------------------------

-- ----------------------------
-- Table structure for `xmai_leadscf`
-- ----------------------------
DROP TABLE IF EXISTS `xmai_leadscf`;
CREATE TABLE `xmai_leadscf` (
  `leadid` int(19) NOT NULL default '0',
  PRIMARY KEY  (`leadid`),
  CONSTRAINT `fk_1_xmai_leadscf` FOREIGN KEY (`leadid`) REFERENCES `xmai_leaddetails` (`leadid`) ON DELETE CASCADE
) ENGINE=InnoDB DEFAULT CHARSET=utf8;

-- ----------------------------
-- Records of xmai_leadscf
-- ----------------------------
INSERT INTO xmai_leadscf VALUES ('32');
INSERT INTO xmai_leadscf VALUES ('33');
INSERT INTO xmai_leadscf VALUES ('34');
INSERT INTO xmai_leadscf VALUES ('35');
INSERT INTO xmai_leadscf VALUES ('36');
INSERT INTO xmai_leadscf VALUES ('37');
INSERT INTO xmai_leadscf VALUES ('38');
INSERT INTO xmai_leadscf VALUES ('39');
INSERT INTO xmai_leadscf VALUES ('40');
INSERT INTO xmai_leadscf VALUES ('41');

-- ----------------------------
-- Table structure for `xmai_leadsource`
-- ----------------------------
DROP TABLE IF EXISTS `xmai_leadsource`;
CREATE TABLE `xmai_leadsource` (
  `leadsourceid` int(19) NOT NULL auto_increment,
  `leadsource` varchar(200) NOT NULL,
  `presence` int(1) NOT NULL default '1',
  `picklist_valueid` int(19) NOT NULL default '0',
  PRIMARY KEY  (`leadsourceid`)
) ENGINE=InnoDB AUTO_INCREMENT=14 DEFAULT CHARSET=utf8;

-- ----------------------------
-- Records of xmai_leadsource
-- ----------------------------
INSERT INTO xmai_leadsource VALUES ('1', '--None--', '1', '98');
INSERT INTO xmai_leadsource VALUES ('2', 'Cold Call', '1', '99');
INSERT INTO xmai_leadsource VALUES ('3', 'Existing Customer', '1', '100');
INSERT INTO xmai_leadsource VALUES ('4', 'Self Generated', '1', '101');
INSERT INTO xmai_leadsource VALUES ('5', 'Employee', '1', '102');
INSERT INTO xmai_leadsource VALUES ('6', 'Partner', '1', '103');
INSERT INTO xmai_leadsource VALUES ('7', 'Public Relations', '1', '104');
INSERT INTO xmai_leadsource VALUES ('8', 'Direct Mail', '1', '105');
INSERT INTO xmai_leadsource VALUES ('9', 'Conference', '1', '106');
INSERT INTO xmai_leadsource VALUES ('10', 'Trade Show', '1', '107');
INSERT INTO xmai_leadsource VALUES ('11', 'Web Site', '1', '108');
INSERT INTO xmai_leadsource VALUES ('12', 'Word of mouth', '1', '109');
INSERT INTO xmai_leadsource VALUES ('13', 'Other', '1', '110');

-- ----------------------------
-- Table structure for `xmai_leadsource_seq`
-- ----------------------------
DROP TABLE IF EXISTS `xmai_leadsource_seq`;
CREATE TABLE `xmai_leadsource_seq` (
  `id` int(11) NOT NULL
) ENGINE=MyISAM DEFAULT CHARSET=utf8;

-- ----------------------------
-- Records of xmai_leadsource_seq
-- ----------------------------
INSERT INTO xmai_leadsource_seq VALUES ('13');

-- ----------------------------
-- Table structure for `xmai_leadstage`
-- ----------------------------
DROP TABLE IF EXISTS `xmai_leadstage`;
CREATE TABLE `xmai_leadstage` (
  `leadstageid` int(19) NOT NULL auto_increment,
  `stage` varchar(200) NOT NULL,
  `sortorderid` int(19) NOT NULL default '0',
  `presence` int(1) NOT NULL default '1',
  PRIMARY KEY  (`leadstageid`),
  UNIQUE KEY `leadstage_stage_idx` (`stage`)
) ENGINE=InnoDB DEFAULT CHARSET=utf8;

-- ----------------------------
-- Records of xmai_leadstage
-- ----------------------------

-- ----------------------------
-- Table structure for `xmai_leadstatus`
-- ----------------------------
DROP TABLE IF EXISTS `xmai_leadstatus`;
CREATE TABLE `xmai_leadstatus` (
  `leadstatusid` int(19) NOT NULL auto_increment,
  `leadstatus` varchar(200) NOT NULL,
  `presence` int(1) NOT NULL default '1',
  `picklist_valueid` int(19) NOT NULL default '0',
  PRIMARY KEY  (`leadstatusid`)
) ENGINE=InnoDB AUTO_INCREMENT=13 DEFAULT CHARSET=utf8;

-- ----------------------------
-- Records of xmai_leadstatus
-- ----------------------------
INSERT INTO xmai_leadstatus VALUES ('1', '--None--', '1', '111');
INSERT INTO xmai_leadstatus VALUES ('2', 'Attempted to Contact', '1', '112');
INSERT INTO xmai_leadstatus VALUES ('3', 'Cold', '1', '113');
INSERT INTO xmai_leadstatus VALUES ('4', 'Contact in Future', '1', '114');
INSERT INTO xmai_leadstatus VALUES ('5', 'Contacted', '1', '115');
INSERT INTO xmai_leadstatus VALUES ('6', 'Hot', '1', '116');
INSERT INTO xmai_leadstatus VALUES ('7', 'Junk Lead', '1', '117');
INSERT INTO xmai_leadstatus VALUES ('8', 'Lost Lead', '1', '118');
INSERT INTO xmai_leadstatus VALUES ('9', 'Not Contacted', '1', '119');
INSERT INTO xmai_leadstatus VALUES ('10', 'Pre Qualified', '1', '120');
INSERT INTO xmai_leadstatus VALUES ('11', 'Qualified', '1', '121');
INSERT INTO xmai_leadstatus VALUES ('12', 'Warm', '1', '122');

-- ----------------------------
-- Table structure for `xmai_leadstatus_seq`
-- ----------------------------
DROP TABLE IF EXISTS `xmai_leadstatus_seq`;
CREATE TABLE `xmai_leadstatus_seq` (
  `id` int(11) NOT NULL
) ENGINE=MyISAM DEFAULT CHARSET=utf8;

-- ----------------------------
-- Records of xmai_leadstatus_seq
-- ----------------------------
INSERT INTO xmai_leadstatus_seq VALUES ('12');

-- ----------------------------
-- Table structure for `xmai_leadsubdetails`
-- ----------------------------
DROP TABLE IF EXISTS `xmai_leadsubdetails`;
CREATE TABLE `xmai_leadsubdetails` (
  `leadsubscriptionid` int(19) NOT NULL default '0',
  `website` varchar(255) default NULL,
  `callornot` int(1) default '0',
  `readornot` int(1) default '0',
  `empct` int(10) default '0',
  PRIMARY KEY  (`leadsubscriptionid`),
  CONSTRAINT `fk_1_xmai_leadsubdetails` FOREIGN KEY (`leadsubscriptionid`) REFERENCES `xmai_leaddetails` (`leadid`) ON DELETE CASCADE
) ENGINE=InnoDB DEFAULT CHARSET=utf8;

-- ----------------------------
-- Records of xmai_leadsubdetails
-- ----------------------------
INSERT INTO xmai_leadsubdetails VALUES ('32', 'www.xmai.com', '0', '0', '0');
INSERT INTO xmai_leadsubdetails VALUES ('33', 'www.t3minvesta/s.com', '0', '0', '0');
INSERT INTO xmai_leadsubdetails VALUES ('34', 'www.edfggrouplimited.com', '0', '0', '0');
INSERT INTO xmai_leadsubdetails VALUES ('35', 'www.xmaicrminc.com', '0', '0', '0');
INSERT INTO xmai_leadsubdetails VALUES ('36', 'www.x-ceedinc99.com', '0', '0', '0');
INSERT INTO xmai_leadsubdetails VALUES ('37', 'www.demoxmai.com', '0', '0', '0');
INSERT INTO xmai_leadsubdetails VALUES ('38', 'www.usable-xmai.com', '0', '0', '0');
INSERT INTO xmai_leadsubdetails VALUES ('39', 'www.gooduixmai.com', '0', '0', '0');
INSERT INTO xmai_leadsubdetails VALUES ('40', 'www.xmaiuser.com', '0', '0', '0');
INSERT INTO xmai_leadsubdetails VALUES ('41', 'www.samplexmai.com', '0', '0', '0');

-- ----------------------------
-- Table structure for `xmai_lead_view`
-- ----------------------------
DROP TABLE IF EXISTS `xmai_lead_view`;
CREATE TABLE `xmai_lead_view` (
  `lead_viewid` int(19) NOT NULL auto_increment,
  `lead_view` varchar(200) NOT NULL,
  `sortorderid` int(19) NOT NULL default '0',
  `presence` int(1) NOT NULL default '1',
  PRIMARY KEY  (`lead_viewid`)
) ENGINE=InnoDB AUTO_INCREMENT=4 DEFAULT CHARSET=utf8;

-- ----------------------------
-- Records of xmai_lead_view
-- ----------------------------
INSERT INTO xmai_lead_view VALUES ('1', 'Today', '0', '1');
INSERT INTO xmai_lead_view VALUES ('2', 'Last 2 Days', '1', '1');
INSERT INTO xmai_lead_view VALUES ('3', 'Last Week', '2', '1');

-- ----------------------------
-- Table structure for `xmai_lead_view_seq`
-- ----------------------------
DROP TABLE IF EXISTS `xmai_lead_view_seq`;
CREATE TABLE `xmai_lead_view_seq` (
  `id` int(11) NOT NULL
) ENGINE=MyISAM DEFAULT CHARSET=utf8;

-- ----------------------------
-- Records of xmai_lead_view_seq
-- ----------------------------
INSERT INTO xmai_lead_view_seq VALUES ('3');

-- ----------------------------
-- Table structure for `xmai_licencekeystatus`
-- ----------------------------
DROP TABLE IF EXISTS `xmai_licencekeystatus`;
CREATE TABLE `xmai_licencekeystatus` (
  `licencekeystatusid` int(19) NOT NULL auto_increment,
  `licencekeystatus` varchar(200) NOT NULL,
  `sortorderid` int(19) NOT NULL default '0',
  `presence` int(1) NOT NULL default '1',
  PRIMARY KEY  (`licencekeystatusid`)
) ENGINE=InnoDB DEFAULT CHARSET=utf8;

-- ----------------------------
-- Records of xmai_licencekeystatus
-- ----------------------------

-- ----------------------------
-- Table structure for `xmai_links`
-- ----------------------------
DROP TABLE IF EXISTS `xmai_links`;
CREATE TABLE `xmai_links` (
  `linkid` int(11) NOT NULL,
  `tabid` int(11) default NULL,
  `linktype` varchar(20) default NULL,
  `linklabel` varchar(30) default NULL,
  `linkurl` varchar(255) default NULL,
  `linkicon` varchar(100) default NULL,
  `sequence` int(11) default NULL,
  `handler_path` varchar(128) default NULL,
  `handler_class` varchar(32) default NULL,
  `handler` varchar(32) default NULL,
  PRIMARY KEY  (`linkid`),
  KEY `link_tabidtype_idx` (`tabid`,`linktype`)
) ENGINE=InnoDB DEFAULT CHARSET=utf8;

-- ----------------------------
-- Records of xmai_links
-- ----------------------------
INSERT INTO xmai_links VALUES ('1', '6', 'DETAILVIEWBASIC', 'LBL_ADD_NOTE', 'index.php?module=Documents&action=EditView&return_module=$MODULE$&return_action=DetailView&return_id=$RECORD$&parent_id=$RECORD$', 'themes/images/bookMark.gif', '0', null, null, null);
INSERT INTO xmai_links VALUES ('2', '6', 'DETAILVIEWBASIC', 'LBL_SHOW_ACCOUNT_HIERARCHY', 'index.php?module=Accounts&action=AccountHierarchy&accountid=$RECORD$', '', '0', null, null, null);
INSERT INTO xmai_links VALUES ('3', '7', 'DETAILVIEWBASIC', 'LBL_ADD_NOTE', 'index.php?module=Documents&action=EditView&return_module=$MODULE$&return_action=DetailView&return_id=$RECORD$&parent_id=$RECORD$', 'themes/images/bookMark.gif', '0', null, null, null);
INSERT INTO xmai_links VALUES ('4', '4', 'DETAILVIEWBASIC', 'LBL_ADD_NOTE', 'index.php?module=Documents&action=EditView&return_module=$MODULE$&return_action=DetailView&return_id=$RECORD$&parent_id=$RECORD$', 'themes/images/bookMark.gif', '0', null, null, null);
INSERT INTO xmai_links VALUES ('5', '35', 'HEADERSCRIPT', 'ModTrackerCommon_JS', 'modules/ModTracker/ModTrackerCommon.js', '', '0', null, null, null);
INSERT INTO xmai_links VALUES ('6', '45', 'HEADERSCRIPT', 'ModCommentsCommonHeaderScript', 'modules/ModComments/ModCommentsCommon.js', '', '0', null, null, null);
INSERT INTO xmai_links VALUES ('7', '7', 'DETAILVIEWWIDGET', 'DetailViewBlockCommentWidget', 'block://ModComments:modules/ModComments/ModComments.php', '', '0', null, null, null);
INSERT INTO xmai_links VALUES ('8', '4', 'DETAILVIEWWIDGET', 'DetailViewBlockCommentWidget', 'block://ModComments:modules/ModComments/ModComments.php', '', '0', null, null, null);
INSERT INTO xmai_links VALUES ('9', '6', 'DETAILVIEWWIDGET', 'DetailViewBlockCommentWidget', 'block://ModComments:modules/ModComments/ModComments.php', '', '0', null, null, null);
INSERT INTO xmai_links VALUES ('10', '2', 'DETAILVIEWWIDGET', 'DetailViewBlockCommentWidget', 'block://ModComments:modules/ModComments/ModComments.php', '', '0', null, null, null);
INSERT INTO xmai_links VALUES ('11', '47', 'DETAILVIEWBASIC', 'Add Note', 'index.php?module=Documents&action=EditView&return_module=ProjectTask&return_action=DetailView&return_id=$RECORD$&parent_id=$RECORD$', '', '0', null, null, null);
INSERT INTO xmai_links VALUES ('12', '47', 'DETAILVIEWWIDGET', 'DetailViewBlockCommentWidget', 'block://ModComments:modules/ModComments/ModComments.php', '', '0', null, null, null);
INSERT INTO xmai_links VALUES ('13', '48', 'DETAILVIEWBASIC', 'Add Project Task', 'index.php?module=ProjectTask&action=EditView&projectid=$RECORD$&return_module=Project&return_action=DetailView&return_id=$RECORD$', '', '0', null, null, null);
INSERT INTO xmai_links VALUES ('14', '48', 'DETAILVIEWBASIC', 'Add Note', 'index.php?module=Documents&action=EditView&return_module=Project&return_action=DetailView&return_id=$RECORD$&parent_id=$RECORD$', '', '1', null, null, null);
INSERT INTO xmai_links VALUES ('15', '48', 'DETAILVIEWWIDGET', 'DetailViewBlockCommentWidget', 'block://ModComments:modules/ModComments/ModComments.php', '', '0', null, null, null);
INSERT INTO xmai_links VALUES ('16', '50', 'DETAILVIEWBASIC', 'LBL_CHECK_STATUS', 'javascript:SMSNotifier.checkstatus($RECORD$)', 'themes/images/reload.gif', '0', null, null, null);
INSERT INTO xmai_links VALUES ('18', '50', 'HEADERSCRIPT', 'SMSNotifierCommonJS', 'modules/SMSNotifier/SMSNotifierCommon.js', '', '0', null, null, null);
INSERT INTO xmai_links VALUES ('19', '7', 'LISTVIEWBASIC', 'Send SMS', 'SMSNotifierCommon.displaySelectWizard(this, \'$MODULE$\');', '', '0', null, null, null);
INSERT INTO xmai_links VALUES ('20', '7', 'DETAILVIEWBASIC', 'Send SMS', 'javascript:SMSNotifierCommon.displaySelectWizard_DetailView(\'$MODULE$\', \'$RECORD$\');', '', '0', null, null, null);
INSERT INTO xmai_links VALUES ('21', '4', 'LISTVIEWBASIC', 'Send SMS', 'SMSNotifierCommon.displaySelectWizard(this, \'$MODULE$\');', '', '0', null, null, null);
INSERT INTO xmai_links VALUES ('22', '4', 'DETAILVIEWBASIC', 'Send SMS', 'javascript:SMSNotifierCommon.displaySelectWizard_DetailView(\'$MODULE$\', \'$RECORD$\');', '', '0', null, null, null);
INSERT INTO xmai_links VALUES ('23', '6', 'LISTVIEWBASIC', 'Send SMS', 'SMSNotifierCommon.displaySelectWizard(this, \'$MODULE$\');', '', '0', null, null, null);
INSERT INTO xmai_links VALUES ('24', '6', 'DETAILVIEWBASIC', 'Send SMS', 'javascript:SMSNotifierCommon.displaySelectWizard_DetailView(\'$MODULE$\', \'$RECORD$\');', '', '0', null, null, null);
INSERT INTO xmai_links VALUES ('25', '51', 'HEADERSCRIPT', 'ToolTip_HeaderScript', 'modules/Tooltip/TooltipHeaderScript.js', '', '0', null, null, null);

-- ----------------------------
-- Table structure for `xmai_links_seq`
-- ----------------------------
DROP TABLE IF EXISTS `xmai_links_seq`;
CREATE TABLE `xmai_links_seq` (
  `id` int(11) NOT NULL
) ENGINE=MyISAM DEFAULT CHARSET=utf8;

-- ----------------------------
-- Records of xmai_links_seq
-- ----------------------------
INSERT INTO xmai_links_seq VALUES ('25');

-- ----------------------------
-- Table structure for `xmai_loginhistory`
-- ----------------------------
DROP TABLE IF EXISTS `xmai_loginhistory`;
CREATE TABLE `xmai_loginhistory` (
  `login_id` int(11) NOT NULL auto_increment,
  `user_name` varchar(25) NOT NULL,
  `user_ip` varchar(25) NOT NULL,
  `logout_time` timestamp NOT NULL default CURRENT_TIMESTAMP on update CURRENT_TIMESTAMP,
  `login_time` timestamp NOT NULL default '0000-00-00 00:00:00',
  `status` varchar(25) default NULL,
  PRIMARY KEY  (`login_id`)
) ENGINE=InnoDB AUTO_INCREMENT=4 DEFAULT CHARSET=utf8;

-- ----------------------------
-- Records of xmai_loginhistory
-- ----------------------------
INSERT INTO xmai_loginhistory VALUES ('1', 'admin', '127.0.0.1', '2012-07-28 12:32:08', '2012-07-28 12:04:33', 'Signed off');
INSERT INTO xmai_loginhistory VALUES ('2', 'admin', '127.0.0.1', '0000-00-00 00:00:00', '2012-07-28 12:32:21', 'Signed in');
INSERT INTO xmai_loginhistory VALUES ('3', 'admin', '127.0.0.1', '0000-00-00 00:00:00', '2012-07-29 00:45:28', 'Signed in');

-- ----------------------------
-- Table structure for `xmai_mailmanager_mailattachments`
-- ----------------------------
DROP TABLE IF EXISTS `xmai_mailmanager_mailattachments`;
CREATE TABLE `xmai_mailmanager_mailattachments` (
  `userid` int(11) default NULL,
  `muid` int(11) default NULL,
  `aname` varchar(100) default NULL,
  `lastsavedtime` int(11) default NULL,
  `attachid` int(19) NOT NULL,
  `path` varchar(200) NOT NULL,
  KEY `userid_muid_idx` (`userid`,`muid`)
) ENGINE=InnoDB DEFAULT CHARSET=utf8;

-- ----------------------------
-- Records of xmai_mailmanager_mailattachments
-- ----------------------------

-- ----------------------------
-- Table structure for `xmai_mailmanager_mailrecord`
-- ----------------------------
DROP TABLE IF EXISTS `xmai_mailmanager_mailrecord`;
CREATE TABLE `xmai_mailmanager_mailrecord` (
  `userid` int(11) default NULL,
  `mfrom` varchar(255) default NULL,
  `mto` varchar(255) default NULL,
  `mcc` varchar(500) default NULL,
  `mbcc` varchar(500) default NULL,
  `mdate` varchar(20) default NULL,
  `msubject` varchar(500) default NULL,
  `mbody` text,
  `mcharset` varchar(10) default NULL,
  `misbodyhtml` int(1) default NULL,
  `mplainmessage` int(1) default NULL,
  `mhtmlmessage` int(1) default NULL,
  `muniqueid` varchar(500) default NULL,
  `mbodyparsed` int(1) default NULL,
  `muid` int(11) default NULL,
  `lastsavedtime` int(11) default NULL,
  KEY `userid_lastsavedtime_idx` (`userid`,`lastsavedtime`),
  KEY `userid_muid_idx` (`userid`,`muid`)
) ENGINE=InnoDB DEFAULT CHARSET=utf8;

-- ----------------------------
-- Records of xmai_mailmanager_mailrecord
-- ----------------------------

-- ----------------------------
-- Table structure for `xmai_mailmanager_mailrel`
-- ----------------------------
DROP TABLE IF EXISTS `xmai_mailmanager_mailrel`;
CREATE TABLE `xmai_mailmanager_mailrel` (
  `mailuid` varchar(999) default NULL,
  `crmid` int(11) default NULL,
  `emailid` int(11) default NULL
) ENGINE=InnoDB DEFAULT CHARSET=utf8;

-- ----------------------------
-- Records of xmai_mailmanager_mailrel
-- ----------------------------

-- ----------------------------
-- Table structure for `xmai_mailscanner`
-- ----------------------------
DROP TABLE IF EXISTS `xmai_mailscanner`;
CREATE TABLE `xmai_mailscanner` (
  `scannerid` int(11) NOT NULL auto_increment,
  `scannername` varchar(30) default NULL,
  `server` varchar(100) default NULL,
  `protocol` varchar(10) default NULL,
  `username` varchar(255) default NULL,
  `password` varchar(255) default NULL,
  `ssltype` varchar(10) default NULL,
  `sslmethod` varchar(30) default NULL,
  `connecturl` varchar(255) default NULL,
  `searchfor` varchar(10) default NULL,
  `markas` varchar(10) default NULL,
  `isvalid` int(1) default NULL,
  PRIMARY KEY  (`scannerid`)
) ENGINE=InnoDB DEFAULT CHARSET=utf8;

-- ----------------------------
-- Records of xmai_mailscanner
-- ----------------------------

-- ----------------------------
-- Table structure for `xmai_mailscanner_actions`
-- ----------------------------
DROP TABLE IF EXISTS `xmai_mailscanner_actions`;
CREATE TABLE `xmai_mailscanner_actions` (
  `actionid` int(11) NOT NULL auto_increment,
  `scannerid` int(11) default NULL,
  `actiontype` varchar(10) default NULL,
  `module` varchar(30) default NULL,
  `lookup` varchar(30) default NULL,
  `sequence` int(11) default NULL,
  PRIMARY KEY  (`actionid`)
) ENGINE=InnoDB DEFAULT CHARSET=utf8;

-- ----------------------------
-- Records of xmai_mailscanner_actions
-- ----------------------------

-- ----------------------------
-- Table structure for `xmai_mailscanner_folders`
-- ----------------------------
DROP TABLE IF EXISTS `xmai_mailscanner_folders`;
CREATE TABLE `xmai_mailscanner_folders` (
  `folderid` int(11) NOT NULL auto_increment,
  `scannerid` int(11) default NULL,
  `foldername` varchar(255) default NULL,
  `lastscan` varchar(30) default NULL,
  `rescan` int(1) default NULL,
  `enabled` int(1) default NULL,
  PRIMARY KEY  (`folderid`)
) ENGINE=InnoDB DEFAULT CHARSET=utf8;

-- ----------------------------
-- Records of xmai_mailscanner_folders
-- ----------------------------

-- ----------------------------
-- Table structure for `xmai_mailscanner_ids`
-- ----------------------------
DROP TABLE IF EXISTS `xmai_mailscanner_ids`;
CREATE TABLE `xmai_mailscanner_ids` (
  `scannerid` int(11) default NULL,
  `messageid` text,
  `crmid` int(11) default NULL
) ENGINE=InnoDB DEFAULT CHARSET=utf8;

-- ----------------------------
-- Records of xmai_mailscanner_ids
-- ----------------------------

-- ----------------------------
-- Table structure for `xmai_mailscanner_ruleactions`
-- ----------------------------
DROP TABLE IF EXISTS `xmai_mailscanner_ruleactions`;
CREATE TABLE `xmai_mailscanner_ruleactions` (
  `ruleid` int(11) default NULL,
  `actionid` int(11) default NULL
) ENGINE=InnoDB DEFAULT CHARSET=utf8;

-- ----------------------------
-- Records of xmai_mailscanner_ruleactions
-- ----------------------------

-- ----------------------------
-- Table structure for `xmai_mailscanner_rules`
-- ----------------------------
DROP TABLE IF EXISTS `xmai_mailscanner_rules`;
CREATE TABLE `xmai_mailscanner_rules` (
  `ruleid` int(11) NOT NULL auto_increment,
  `scannerid` int(11) default NULL,
  `fromaddress` varchar(255) default NULL,
  `toaddress` varchar(255) default NULL,
  `subjectop` varchar(20) default NULL,
  `subject` varchar(255) default NULL,
  `bodyop` varchar(20) default NULL,
  `body` varchar(255) default NULL,
  `matchusing` varchar(5) default NULL,
  `sequence` int(11) default NULL,
  PRIMARY KEY  (`ruleid`)
) ENGINE=InnoDB DEFAULT CHARSET=utf8;

-- ----------------------------
-- Records of xmai_mailscanner_rules
-- ----------------------------

-- ----------------------------
-- Table structure for `xmai_mail_accounts`
-- ----------------------------
DROP TABLE IF EXISTS `xmai_mail_accounts`;
CREATE TABLE `xmai_mail_accounts` (
  `account_id` int(11) NOT NULL,
  `user_id` int(11) NOT NULL,
  `display_name` varchar(50) default NULL,
  `mail_id` varchar(50) default NULL,
  `account_name` varchar(50) default NULL,
  `mail_protocol` varchar(20) default NULL,
  `mail_username` varchar(50) NOT NULL,
  `mail_password` varchar(250) NOT NULL,
  `mail_servername` varchar(50) default NULL,
  `box_refresh` int(10) default NULL,
  `mails_per_page` int(10) default NULL,
  `ssltype` varchar(50) default NULL,
  `sslmeth` varchar(50) default NULL,
  `int_mailer` int(1) default '0',
  `status` varchar(10) default NULL,
  `set_default` int(2) default NULL,
  PRIMARY KEY  (`account_id`)
) ENGINE=InnoDB DEFAULT CHARSET=utf8;

-- ----------------------------
-- Records of xmai_mail_accounts
-- ----------------------------

-- ----------------------------
-- Table structure for `xmai_manufacturer`
-- ----------------------------
DROP TABLE IF EXISTS `xmai_manufacturer`;
CREATE TABLE `xmai_manufacturer` (
  `manufacturerid` int(19) NOT NULL auto_increment,
  `manufacturer` varchar(200) NOT NULL,
  `presence` int(1) NOT NULL default '1',
  `picklist_valueid` int(19) NOT NULL default '0',
  PRIMARY KEY  (`manufacturerid`),
  UNIQUE KEY `manufacturer_manufacturer_idx` (`manufacturer`)
) ENGINE=InnoDB AUTO_INCREMENT=5 DEFAULT CHARSET=utf8;

-- ----------------------------
-- Records of xmai_manufacturer
-- ----------------------------
INSERT INTO xmai_manufacturer VALUES ('1', '--None--', '1', '123');
INSERT INTO xmai_manufacturer VALUES ('2', 'AltvetPet Inc.', '1', '124');
INSERT INTO xmai_manufacturer VALUES ('3', 'LexPon Inc.', '1', '125');
INSERT INTO xmai_manufacturer VALUES ('4', 'MetBeat Corp', '1', '126');

-- ----------------------------
-- Table structure for `xmai_manufacturer_seq`
-- ----------------------------
DROP TABLE IF EXISTS `xmai_manufacturer_seq`;
CREATE TABLE `xmai_manufacturer_seq` (
  `id` int(11) NOT NULL
) ENGINE=MyISAM DEFAULT CHARSET=utf8;

-- ----------------------------
-- Records of xmai_manufacturer_seq
-- ----------------------------
INSERT INTO xmai_manufacturer_seq VALUES ('4');

-- ----------------------------
-- Table structure for `xmai_mobile_alerts`
-- ----------------------------
DROP TABLE IF EXISTS `xmai_mobile_alerts`;
CREATE TABLE `xmai_mobile_alerts` (
  `id` int(11) NOT NULL auto_increment,
  `handler_path` varchar(500) default NULL,
  `handler_class` varchar(50) default NULL,
  `sequence` int(11) default NULL,
  `deleted` int(11) NOT NULL default '0',
  PRIMARY KEY  (`id`)
) ENGINE=InnoDB AUTO_INCREMENT=19 DEFAULT CHARSET=utf8;

-- ----------------------------
-- Records of xmai_mobile_alerts
-- ----------------------------
INSERT INTO xmai_mobile_alerts VALUES ('12', 'modules/Mobile/api/ws/models/alerts/IdleTicketsOfMine.php', 'Mobile_WS_AlertModel_IdleTicketsOfMine', null, '0');
INSERT INTO xmai_mobile_alerts VALUES ('13', 'modules/Mobile/api/ws/models/alerts/NewTicketOfMine.php', 'Mobile_WS_AlertModel_NewTicketOfMine', null, '0');
INSERT INTO xmai_mobile_alerts VALUES ('14', 'modules/Mobile/api/ws/models/alerts/PendingTicketsOfMine.php', 'Mobile_WS_AlertModel_PendingTicketsOfMine', null, '0');
INSERT INTO xmai_mobile_alerts VALUES ('15', 'modules/Mobile/api/ws/models/alerts/PotentialsDueIn5Days.php', 'Mobile_WS_AlertModel_PotentialsDueIn5Days', null, '0');
INSERT INTO xmai_mobile_alerts VALUES ('16', 'modules/Mobile/api/ws/models/alerts/EventsOfMineToday.php', 'Mobile_WS_AlertModel_EventsOfMineToday', null, '0');
INSERT INTO xmai_mobile_alerts VALUES ('17', 'modules/Mobile/api/ws/models/alerts/ProjectTasksOfMine.php', 'Mobile_WS_AlertModel_ProjectTasksOfMine', null, '0');
INSERT INTO xmai_mobile_alerts VALUES ('18', 'modules/Mobile/api/ws/models/alerts/Projects.php', 'Mobile_WS_AlertModel_Projects', null, '0');

-- ----------------------------
-- Table structure for `xmai_modcomments`
-- ----------------------------
DROP TABLE IF EXISTS `xmai_modcomments`;
CREATE TABLE `xmai_modcomments` (
  `modcommentsid` int(11) default NULL,
  `commentcontent` text,
  `related_to` varchar(100) NOT NULL,
  `parent_comments` varchar(100) default NULL
) ENGINE=InnoDB DEFAULT CHARSET=utf8;

-- ----------------------------
-- Records of xmai_modcomments
-- ----------------------------

-- ----------------------------
-- Table structure for `xmai_modcommentscf`
-- ----------------------------
DROP TABLE IF EXISTS `xmai_modcommentscf`;
CREATE TABLE `xmai_modcommentscf` (
  `modcommentsid` int(11) NOT NULL,
  PRIMARY KEY  (`modcommentsid`)
) ENGINE=InnoDB DEFAULT CHARSET=utf8;

-- ----------------------------
-- Records of xmai_modcommentscf
-- ----------------------------

-- ----------------------------
-- Table structure for `xmai_modentity_num`
-- ----------------------------
DROP TABLE IF EXISTS `xmai_modentity_num`;
CREATE TABLE `xmai_modentity_num` (
  `num_id` int(19) NOT NULL,
  `semodule` varchar(50) NOT NULL,
  `prefix` varchar(50) NOT NULL default '',
  `start_id` varchar(50) NOT NULL,
  `cur_id` varchar(50) NOT NULL,
  `active` varchar(2) NOT NULL,
  PRIMARY KEY  (`num_id`),
  UNIQUE KEY `num_idx` (`num_id`),
  KEY `semodule_active_idx` (`semodule`,`active`)
) ENGINE=InnoDB DEFAULT CHARSET=utf8;

-- ----------------------------
-- Records of xmai_modentity_num
-- ----------------------------
INSERT INTO xmai_modentity_num VALUES ('1', 'Leads', 'LEA', '1', '11', '1');
INSERT INTO xmai_modentity_num VALUES ('2', 'Accounts', 'ACC', '1', '11', '1');
INSERT INTO xmai_modentity_num VALUES ('3', 'Campaigns', 'CAM', '1', '4', '1');
INSERT INTO xmai_modentity_num VALUES ('4', 'Contacts', 'CON', '1', '11', '1');
INSERT INTO xmai_modentity_num VALUES ('5', 'Potentials', 'POT', '1', '11', '1');
INSERT INTO xmai_modentity_num VALUES ('6', 'HelpDesk', 'TT', '1', '6', '1');
INSERT INTO xmai_modentity_num VALUES ('7', 'Quotes', 'QUO', '1', '6', '1');
INSERT INTO xmai_modentity_num VALUES ('8', 'SalesOrder', 'SO', '1', '6', '1');
INSERT INTO xmai_modentity_num VALUES ('9', 'PurchaseOrder', 'PO', '1', '6', '1');
INSERT INTO xmai_modentity_num VALUES ('10', 'Invoice', 'INV', '1', '6', '1');
INSERT INTO xmai_modentity_num VALUES ('11', 'Products', 'PRO', '1', '11', '1');
INSERT INTO xmai_modentity_num VALUES ('12', 'Vendors', 'VEN', '1', '11', '1');
INSERT INTO xmai_modentity_num VALUES ('13', 'PriceBooks', 'PB', '1', '13', '1');
INSERT INTO xmai_modentity_num VALUES ('14', 'Faq', 'FAQ', '1', '13', '1');
INSERT INTO xmai_modentity_num VALUES ('15', 'Documents', 'DOC', '1', '1', '1');
INSERT INTO xmai_modentity_num VALUES ('16', 'ServiceContracts', 'SERCON', '1', '1', '1');
INSERT INTO xmai_modentity_num VALUES ('17', 'Services', 'SER', '1', '1', '1');

-- ----------------------------
-- Table structure for `xmai_modentity_num_seq`
-- ----------------------------
DROP TABLE IF EXISTS `xmai_modentity_num_seq`;
CREATE TABLE `xmai_modentity_num_seq` (
  `id` int(11) NOT NULL
) ENGINE=MyISAM DEFAULT CHARSET=utf8;

-- ----------------------------
-- Records of xmai_modentity_num_seq
-- ----------------------------
INSERT INTO xmai_modentity_num_seq VALUES ('17');

-- ----------------------------
-- Table structure for `xmai_modtracker_basic`
-- ----------------------------
DROP TABLE IF EXISTS `xmai_modtracker_basic`;
CREATE TABLE `xmai_modtracker_basic` (
  `id` int(20) NOT NULL,
  `crmid` int(20) default NULL,
  `module` varchar(50) default NULL,
  `whodid` int(20) default NULL,
  `changedon` datetime default NULL,
  `status` int(1) default '0',
  PRIMARY KEY  (`id`)
) ENGINE=InnoDB DEFAULT CHARSET=utf8;

-- ----------------------------
-- Records of xmai_modtracker_basic
-- ----------------------------

-- ----------------------------
-- Table structure for `xmai_modtracker_detail`
-- ----------------------------
DROP TABLE IF EXISTS `xmai_modtracker_detail`;
CREATE TABLE `xmai_modtracker_detail` (
  `id` int(11) default NULL,
  `fieldname` varchar(100) default NULL,
  `prevalue` text,
  `postvalue` text
) ENGINE=InnoDB DEFAULT CHARSET=utf8;

-- ----------------------------
-- Records of xmai_modtracker_detail
-- ----------------------------

-- ----------------------------
-- Table structure for `xmai_modtracker_tabs`
-- ----------------------------
DROP TABLE IF EXISTS `xmai_modtracker_tabs`;
CREATE TABLE `xmai_modtracker_tabs` (
  `tabid` int(11) NOT NULL,
  `visible` int(11) default '0',
  PRIMARY KEY  (`tabid`)
) ENGINE=InnoDB DEFAULT CHARSET=utf8;

-- ----------------------------
-- Records of xmai_modtracker_tabs
-- ----------------------------

-- ----------------------------
-- Table structure for `xmai_notebook_contents`
-- ----------------------------
DROP TABLE IF EXISTS `xmai_notebook_contents`;
CREATE TABLE `xmai_notebook_contents` (
  `userid` int(19) NOT NULL,
  `notebookid` int(19) NOT NULL,
  `contents` text
) ENGINE=InnoDB DEFAULT CHARSET=utf8;

-- ----------------------------
-- Records of xmai_notebook_contents
-- ----------------------------

-- ----------------------------
-- Table structure for `xmai_notes`
-- ----------------------------
DROP TABLE IF EXISTS `xmai_notes`;
CREATE TABLE `xmai_notes` (
  `notesid` int(19) NOT NULL default '0',
  `note_no` varchar(100) NOT NULL,
  `title` varchar(50) NOT NULL,
  `filename` varchar(200) default NULL,
  `notecontent` text,
  `folderid` int(19) NOT NULL default '1',
  `filetype` varchar(50) default NULL,
  `filelocationtype` varchar(5) default NULL,
  `filedownloadcount` int(19) default NULL,
  `filestatus` int(19) default NULL,
  `filesize` int(19) NOT NULL default '0',
  `fileversion` varchar(50) default NULL,
  PRIMARY KEY  (`notesid`),
  KEY `notes_title_idx` (`title`),
  KEY `notes_notesid_idx` (`notesid`),
  CONSTRAINT `fk_1_xmai_notes` FOREIGN KEY (`notesid`) REFERENCES `xmai_crmentity` (`crmid`) ON DELETE CASCADE
) ENGINE=InnoDB DEFAULT CHARSET=utf8;

-- ----------------------------
-- Records of xmai_notes
-- ----------------------------

-- ----------------------------
-- Table structure for `xmai_notescf`
-- ----------------------------
DROP TABLE IF EXISTS `xmai_notescf`;
CREATE TABLE `xmai_notescf` (
  `notesid` int(19) NOT NULL default '0',
  PRIMARY KEY  (`notesid`)
) ENGINE=InnoDB DEFAULT CHARSET=utf8;

-- ----------------------------
-- Records of xmai_notescf
-- ----------------------------

-- ----------------------------
-- Table structure for `xmai_notificationscheduler`
-- ----------------------------
DROP TABLE IF EXISTS `xmai_notificationscheduler`;
CREATE TABLE `xmai_notificationscheduler` (
  `schedulednotificationid` int(19) NOT NULL auto_increment,
  `schedulednotificationname` varchar(200) default NULL,
  `active` int(1) default NULL,
  `notificationsubject` varchar(200) default NULL,
  `notificationbody` text,
  `label` varchar(50) default NULL,
  `type` varchar(10) default NULL,
  PRIMARY KEY  (`schedulednotificationid`),
  UNIQUE KEY `notificationscheduler_schedulednotificationname_idx` (`schedulednotificationname`)
) ENGINE=InnoDB AUTO_INCREMENT=9 DEFAULT CHARSET=utf8;

-- ----------------------------
-- Records of xmai_notificationscheduler
-- ----------------------------
INSERT INTO xmai_notificationscheduler VALUES ('1', 'LBL_TASK_NOTIFICATION_DESCRITPION', '1', 'Task Delay Notification', 'Tasks delayed beyond 24 hrs ', 'LBL_TASK_NOTIFICATION', null);
INSERT INTO xmai_notificationscheduler VALUES ('2', 'LBL_BIG_DEAL_DESCRIPTION', '1', 'Big Deal notification', 'Success! A big deal has been won! ', 'LBL_BIG_DEAL', null);
INSERT INTO xmai_notificationscheduler VALUES ('3', 'LBL_TICKETS_DESCRIPTION', '1', 'Pending Tickets notification', 'Ticket pending please ', 'LBL_PENDING_TICKETS', null);
INSERT INTO xmai_notificationscheduler VALUES ('4', 'LBL_MANY_TICKETS_DESCRIPTION', '1', 'Too many tickets Notification', 'Too many tickets pending against this entity ', 'LBL_MANY_TICKETS', null);
INSERT INTO xmai_notificationscheduler VALUES ('5', 'LBL_START_DESCRIPTION', '1', 'Support Start Notification', '10', 'LBL_START_NOTIFICATION', 'select');
INSERT INTO xmai_notificationscheduler VALUES ('6', 'LBL_SUPPORT_DESCRIPTION', '1', 'Support ending please', '11', 'LBL_SUPPORT_NOTICIATION', 'select');
INSERT INTO xmai_notificationscheduler VALUES ('7', 'LBL_SUPPORT_DESCRIPTION_MONTH', '1', 'Support ending please', '12', 'LBL_SUPPORT_NOTICIATION_MONTH', 'select');
INSERT INTO xmai_notificationscheduler VALUES ('8', 'LBL_ACTIVITY_REMINDER_DESCRIPTION', '1', 'Activity Reminder Notification', 'This is a reminder notification for the Activity', 'LBL_ACTIVITY_NOTIFICATION', null);

-- ----------------------------
-- Table structure for `xmai_notificationscheduler_seq`
-- ----------------------------
DROP TABLE IF EXISTS `xmai_notificationscheduler_seq`;
CREATE TABLE `xmai_notificationscheduler_seq` (
  `id` int(11) NOT NULL
) ENGINE=MyISAM DEFAULT CHARSET=utf8;

-- ----------------------------
-- Records of xmai_notificationscheduler_seq
-- ----------------------------
INSERT INTO xmai_notificationscheduler_seq VALUES ('8');

-- ----------------------------
-- Table structure for `xmai_opportunitystage`
-- ----------------------------
DROP TABLE IF EXISTS `xmai_opportunitystage`;
CREATE TABLE `xmai_opportunitystage` (
  `potstageid` int(19) NOT NULL auto_increment,
  `stage` varchar(200) NOT NULL,
  `sortorderid` int(19) NOT NULL default '0',
  `presence` int(1) NOT NULL default '1',
  `probability` decimal(3,2) default '0.00',
  PRIMARY KEY  (`potstageid`),
  UNIQUE KEY `opportunitystage_stage_idx` (`stage`)
) ENGINE=InnoDB DEFAULT CHARSET=utf8;

-- ----------------------------
-- Records of xmai_opportunitystage
-- ----------------------------

-- ----------------------------
-- Table structure for `xmai_opportunity_type`
-- ----------------------------
DROP TABLE IF EXISTS `xmai_opportunity_type`;
CREATE TABLE `xmai_opportunity_type` (
  `opptypeid` int(19) NOT NULL auto_increment,
  `opportunity_type` varchar(200) NOT NULL,
  `presence` int(1) NOT NULL default '1',
  `picklist_valueid` int(19) NOT NULL default '0',
  PRIMARY KEY  (`opptypeid`),
  UNIQUE KEY `opportunity_type_opportunity_type_idx` (`opportunity_type`)
) ENGINE=InnoDB AUTO_INCREMENT=4 DEFAULT CHARSET=utf8;

-- ----------------------------
-- Records of xmai_opportunity_type
-- ----------------------------
INSERT INTO xmai_opportunity_type VALUES ('1', '--None--', '1', '127');
INSERT INTO xmai_opportunity_type VALUES ('2', 'Existing Business', '1', '128');
INSERT INTO xmai_opportunity_type VALUES ('3', 'New Business', '1', '129');

-- ----------------------------
-- Table structure for `xmai_opportunity_type_seq`
-- ----------------------------
DROP TABLE IF EXISTS `xmai_opportunity_type_seq`;
CREATE TABLE `xmai_opportunity_type_seq` (
  `id` int(11) NOT NULL
) ENGINE=MyISAM DEFAULT CHARSET=utf8;

-- ----------------------------
-- Records of xmai_opportunity_type_seq
-- ----------------------------
INSERT INTO xmai_opportunity_type_seq VALUES ('3');

-- ----------------------------
-- Table structure for `xmai_organizationdetails`
-- ----------------------------
DROP TABLE IF EXISTS `xmai_organizationdetails`;
CREATE TABLE `xmai_organizationdetails` (
  `organization_id` int(11) NOT NULL,
  `organizationname` varchar(60) default NULL,
  `address` varchar(150) default NULL,
  `city` varchar(100) default NULL,
  `state` varchar(100) default NULL,
  `country` varchar(100) default NULL,
  `code` varchar(30) default NULL,
  `phone` varchar(30) default NULL,
  `fax` varchar(30) default NULL,
  `website` varchar(100) default NULL,
  `logoname` varchar(50) default NULL,
  `logo` text,
  PRIMARY KEY  (`organization_id`)
) ENGINE=InnoDB DEFAULT CHARSET=utf8;

-- ----------------------------
-- Records of xmai_organizationdetails
-- ----------------------------
INSERT INTO xmai_organizationdetails VALUES ('1', 'xmai', ' 40-41-42, Sivasundar Apartments, Flat D-II, Shastri Street, Velachery', 'Chennai', 'Tamil Nadu', 'India', '600 042', '+91-44-5202-1990', '+91-44-5202-1990', 'www.xmai.com', 'xmai-crm-logo.gif', null);

-- ----------------------------
-- Table structure for `xmai_organizationdetails_seq`
-- ----------------------------
DROP TABLE IF EXISTS `xmai_organizationdetails_seq`;
CREATE TABLE `xmai_organizationdetails_seq` (
  `id` int(11) NOT NULL
) ENGINE=MyISAM DEFAULT CHARSET=utf8;

-- ----------------------------
-- Records of xmai_organizationdetails_seq
-- ----------------------------
INSERT INTO xmai_organizationdetails_seq VALUES ('1');

-- ----------------------------
-- Table structure for `xmai_org_share_action2tab`
-- ----------------------------
DROP TABLE IF EXISTS `xmai_org_share_action2tab`;
CREATE TABLE `xmai_org_share_action2tab` (
  `share_action_id` int(19) NOT NULL,
  `tabid` int(19) NOT NULL,
  PRIMARY KEY  (`share_action_id`,`tabid`),
  KEY `fk_2_xmai_org_share_action2tab` (`tabid`),
  CONSTRAINT `fk_2_xmai_org_share_action2tab` FOREIGN KEY (`tabid`) REFERENCES `xmai_tab` (`tabid`) ON DELETE CASCADE
) ENGINE=InnoDB DEFAULT CHARSET=utf8;

-- ----------------------------
-- Records of xmai_org_share_action2tab
-- ----------------------------
INSERT INTO xmai_org_share_action2tab VALUES ('0', '2');
INSERT INTO xmai_org_share_action2tab VALUES ('1', '2');
INSERT INTO xmai_org_share_action2tab VALUES ('2', '2');
INSERT INTO xmai_org_share_action2tab VALUES ('3', '2');
INSERT INTO xmai_org_share_action2tab VALUES ('0', '4');
INSERT INTO xmai_org_share_action2tab VALUES ('1', '4');
INSERT INTO xmai_org_share_action2tab VALUES ('2', '4');
INSERT INTO xmai_org_share_action2tab VALUES ('3', '4');
INSERT INTO xmai_org_share_action2tab VALUES ('0', '6');
INSERT INTO xmai_org_share_action2tab VALUES ('1', '6');
INSERT INTO xmai_org_share_action2tab VALUES ('2', '6');
INSERT INTO xmai_org_share_action2tab VALUES ('3', '6');
INSERT INTO xmai_org_share_action2tab VALUES ('0', '7');
INSERT INTO xmai_org_share_action2tab VALUES ('1', '7');
INSERT INTO xmai_org_share_action2tab VALUES ('2', '7');
INSERT INTO xmai_org_share_action2tab VALUES ('3', '7');
INSERT INTO xmai_org_share_action2tab VALUES ('0', '8');
INSERT INTO xmai_org_share_action2tab VALUES ('1', '8');
INSERT INTO xmai_org_share_action2tab VALUES ('2', '8');
INSERT INTO xmai_org_share_action2tab VALUES ('3', '8');
INSERT INTO xmai_org_share_action2tab VALUES ('0', '9');
INSERT INTO xmai_org_share_action2tab VALUES ('1', '9');
INSERT INTO xmai_org_share_action2tab VALUES ('2', '9');
INSERT INTO xmai_org_share_action2tab VALUES ('3', '9');
INSERT INTO xmai_org_share_action2tab VALUES ('0', '10');
INSERT INTO xmai_org_share_action2tab VALUES ('1', '10');
INSERT INTO xmai_org_share_action2tab VALUES ('2', '10');
INSERT INTO xmai_org_share_action2tab VALUES ('3', '10');
INSERT INTO xmai_org_share_action2tab VALUES ('0', '13');
INSERT INTO xmai_org_share_action2tab VALUES ('1', '13');
INSERT INTO xmai_org_share_action2tab VALUES ('2', '13');
INSERT INTO xmai_org_share_action2tab VALUES ('3', '13');
INSERT INTO xmai_org_share_action2tab VALUES ('0', '14');
INSERT INTO xmai_org_share_action2tab VALUES ('1', '14');
INSERT INTO xmai_org_share_action2tab VALUES ('2', '14');
INSERT INTO xmai_org_share_action2tab VALUES ('3', '14');
INSERT INTO xmai_org_share_action2tab VALUES ('0', '16');
INSERT INTO xmai_org_share_action2tab VALUES ('1', '16');
INSERT INTO xmai_org_share_action2tab VALUES ('2', '16');
INSERT INTO xmai_org_share_action2tab VALUES ('3', '16');
INSERT INTO xmai_org_share_action2tab VALUES ('0', '20');
INSERT INTO xmai_org_share_action2tab VALUES ('1', '20');
INSERT INTO xmai_org_share_action2tab VALUES ('2', '20');
INSERT INTO xmai_org_share_action2tab VALUES ('3', '20');
INSERT INTO xmai_org_share_action2tab VALUES ('0', '21');
INSERT INTO xmai_org_share_action2tab VALUES ('1', '21');
INSERT INTO xmai_org_share_action2tab VALUES ('2', '21');
INSERT INTO xmai_org_share_action2tab VALUES ('3', '21');
INSERT INTO xmai_org_share_action2tab VALUES ('0', '22');
INSERT INTO xmai_org_share_action2tab VALUES ('1', '22');
INSERT INTO xmai_org_share_action2tab VALUES ('2', '22');
INSERT INTO xmai_org_share_action2tab VALUES ('3', '22');
INSERT INTO xmai_org_share_action2tab VALUES ('0', '23');
INSERT INTO xmai_org_share_action2tab VALUES ('1', '23');
INSERT INTO xmai_org_share_action2tab VALUES ('2', '23');
INSERT INTO xmai_org_share_action2tab VALUES ('3', '23');
INSERT INTO xmai_org_share_action2tab VALUES ('0', '26');
INSERT INTO xmai_org_share_action2tab VALUES ('1', '26');
INSERT INTO xmai_org_share_action2tab VALUES ('2', '26');
INSERT INTO xmai_org_share_action2tab VALUES ('3', '26');
INSERT INTO xmai_org_share_action2tab VALUES ('0', '36');
INSERT INTO xmai_org_share_action2tab VALUES ('1', '36');
INSERT INTO xmai_org_share_action2tab VALUES ('2', '36');
INSERT INTO xmai_org_share_action2tab VALUES ('3', '36');
INSERT INTO xmai_org_share_action2tab VALUES ('0', '37');
INSERT INTO xmai_org_share_action2tab VALUES ('1', '37');
INSERT INTO xmai_org_share_action2tab VALUES ('2', '37');
INSERT INTO xmai_org_share_action2tab VALUES ('3', '37');
INSERT INTO xmai_org_share_action2tab VALUES ('0', '38');
INSERT INTO xmai_org_share_action2tab VALUES ('1', '38');
INSERT INTO xmai_org_share_action2tab VALUES ('2', '38');
INSERT INTO xmai_org_share_action2tab VALUES ('3', '38');
INSERT INTO xmai_org_share_action2tab VALUES ('0', '41');
INSERT INTO xmai_org_share_action2tab VALUES ('1', '41');
INSERT INTO xmai_org_share_action2tab VALUES ('2', '41');
INSERT INTO xmai_org_share_action2tab VALUES ('3', '41');
INSERT INTO xmai_org_share_action2tab VALUES ('0', '45');
INSERT INTO xmai_org_share_action2tab VALUES ('1', '45');
INSERT INTO xmai_org_share_action2tab VALUES ('2', '45');
INSERT INTO xmai_org_share_action2tab VALUES ('3', '45');
INSERT INTO xmai_org_share_action2tab VALUES ('0', '46');
INSERT INTO xmai_org_share_action2tab VALUES ('1', '46');
INSERT INTO xmai_org_share_action2tab VALUES ('2', '46');
INSERT INTO xmai_org_share_action2tab VALUES ('3', '46');
INSERT INTO xmai_org_share_action2tab VALUES ('0', '47');
INSERT INTO xmai_org_share_action2tab VALUES ('1', '47');
INSERT INTO xmai_org_share_action2tab VALUES ('2', '47');
INSERT INTO xmai_org_share_action2tab VALUES ('3', '47');
INSERT INTO xmai_org_share_action2tab VALUES ('0', '48');
INSERT INTO xmai_org_share_action2tab VALUES ('1', '48');
INSERT INTO xmai_org_share_action2tab VALUES ('2', '48');
INSERT INTO xmai_org_share_action2tab VALUES ('3', '48');
INSERT INTO xmai_org_share_action2tab VALUES ('0', '50');
INSERT INTO xmai_org_share_action2tab VALUES ('1', '50');
INSERT INTO xmai_org_share_action2tab VALUES ('2', '50');
INSERT INTO xmai_org_share_action2tab VALUES ('3', '50');

-- ----------------------------
-- Table structure for `xmai_org_share_action_mapping`
-- ----------------------------
DROP TABLE IF EXISTS `xmai_org_share_action_mapping`;
CREATE TABLE `xmai_org_share_action_mapping` (
  `share_action_id` int(19) NOT NULL,
  `share_action_name` varchar(200) default NULL,
  PRIMARY KEY  (`share_action_id`)
) ENGINE=InnoDB DEFAULT CHARSET=utf8;

-- ----------------------------
-- Records of xmai_org_share_action_mapping
-- ----------------------------
INSERT INTO xmai_org_share_action_mapping VALUES ('0', 'Public: Read Only');
INSERT INTO xmai_org_share_action_mapping VALUES ('1', 'Public: Read, Create/Edit');
INSERT INTO xmai_org_share_action_mapping VALUES ('2', 'Public: Read, Create/Edit, Delete');
INSERT INTO xmai_org_share_action_mapping VALUES ('3', 'Private');
INSERT INTO xmai_org_share_action_mapping VALUES ('4', 'Hide Details');
INSERT INTO xmai_org_share_action_mapping VALUES ('5', 'Hide Details and Add Events');
INSERT INTO xmai_org_share_action_mapping VALUES ('6', 'Show Details');
INSERT INTO xmai_org_share_action_mapping VALUES ('7', 'Show Details and Add Events');

-- ----------------------------
-- Table structure for `xmai_ownernotify`
-- ----------------------------
DROP TABLE IF EXISTS `xmai_ownernotify`;
CREATE TABLE `xmai_ownernotify` (
  `crmid` int(19) default NULL,
  `smownerid` int(19) default NULL,
  `flag` int(3) default NULL,
  KEY `ownernotify_crmid_flag_idx` (`crmid`,`flag`)
) ENGINE=InnoDB DEFAULT CHARSET=utf8;

-- ----------------------------
-- Records of xmai_ownernotify
-- ----------------------------

-- ----------------------------
-- Table structure for `xmai_parenttab`
-- ----------------------------
DROP TABLE IF EXISTS `xmai_parenttab`;
CREATE TABLE `xmai_parenttab` (
  `parenttabid` int(19) NOT NULL,
  `parenttab_label` varchar(100) NOT NULL,
  `sequence` int(10) NOT NULL,
  `visible` int(2) NOT NULL default '0',
  PRIMARY KEY  (`parenttabid`),
  KEY `parenttab_parenttabid_parenttabl_label_visible_idx` (`parenttabid`,`parenttab_label`,`visible`)
) ENGINE=InnoDB DEFAULT CHARSET=utf8;

-- ----------------------------
-- Records of xmai_parenttab
-- ----------------------------
INSERT INTO xmai_parenttab VALUES ('1', 'My Home Page', '1', '0');
INSERT INTO xmai_parenttab VALUES ('2', 'Marketing', '2', '0');
INSERT INTO xmai_parenttab VALUES ('3', 'Sales', '3', '0');
INSERT INTO xmai_parenttab VALUES ('4', 'Support', '4', '0');
INSERT INTO xmai_parenttab VALUES ('5', 'Analytics', '5', '0');
INSERT INTO xmai_parenttab VALUES ('6', 'Inventory', '6', '0');
INSERT INTO xmai_parenttab VALUES ('7', 'Tools', '7', '0');
INSERT INTO xmai_parenttab VALUES ('8', 'Settings', '8', '0');

-- ----------------------------
-- Table structure for `xmai_parenttabrel`
-- ----------------------------
DROP TABLE IF EXISTS `xmai_parenttabrel`;
CREATE TABLE `xmai_parenttabrel` (
  `parenttabid` int(19) NOT NULL,
  `tabid` int(19) NOT NULL,
  `sequence` int(3) NOT NULL,
  KEY `parenttabrel_tabid_parenttabid_idx` (`tabid`,`parenttabid`),
  KEY `fk_2_xmai_parenttabrel` (`parenttabid`),
  CONSTRAINT `fk_1_xmai_parenttabrel` FOREIGN KEY (`tabid`) REFERENCES `xmai_tab` (`tabid`) ON DELETE CASCADE,
  CONSTRAINT `fk_2_xmai_parenttabrel` FOREIGN KEY (`parenttabid`) REFERENCES `xmai_parenttab` (`parenttabid`) ON DELETE CASCADE
) ENGINE=InnoDB DEFAULT CHARSET=utf8;

-- ----------------------------
-- Records of xmai_parenttabrel
-- ----------------------------
INSERT INTO xmai_parenttabrel VALUES ('1', '9', '2');
INSERT INTO xmai_parenttabrel VALUES ('1', '28', '4');
INSERT INTO xmai_parenttabrel VALUES ('1', '3', '1');
INSERT INTO xmai_parenttabrel VALUES ('3', '7', '1');
INSERT INTO xmai_parenttabrel VALUES ('3', '6', '2');
INSERT INTO xmai_parenttabrel VALUES ('3', '4', '3');
INSERT INTO xmai_parenttabrel VALUES ('3', '2', '4');
INSERT INTO xmai_parenttabrel VALUES ('3', '20', '5');
INSERT INTO xmai_parenttabrel VALUES ('3', '22', '6');
INSERT INTO xmai_parenttabrel VALUES ('3', '23', '7');
INSERT INTO xmai_parenttabrel VALUES ('3', '19', '8');
INSERT INTO xmai_parenttabrel VALUES ('3', '8', '9');
INSERT INTO xmai_parenttabrel VALUES ('4', '13', '1');
INSERT INTO xmai_parenttabrel VALUES ('4', '15', '2');
INSERT INTO xmai_parenttabrel VALUES ('4', '6', '3');
INSERT INTO xmai_parenttabrel VALUES ('4', '4', '4');
INSERT INTO xmai_parenttabrel VALUES ('4', '8', '5');
INSERT INTO xmai_parenttabrel VALUES ('5', '1', '2');
INSERT INTO xmai_parenttabrel VALUES ('5', '25', '1');
INSERT INTO xmai_parenttabrel VALUES ('6', '14', '1');
INSERT INTO xmai_parenttabrel VALUES ('6', '18', '2');
INSERT INTO xmai_parenttabrel VALUES ('6', '19', '3');
INSERT INTO xmai_parenttabrel VALUES ('6', '21', '4');
INSERT INTO xmai_parenttabrel VALUES ('6', '22', '5');
INSERT INTO xmai_parenttabrel VALUES ('6', '20', '6');
INSERT INTO xmai_parenttabrel VALUES ('6', '23', '7');
INSERT INTO xmai_parenttabrel VALUES ('7', '24', '1');
INSERT INTO xmai_parenttabrel VALUES ('7', '27', '2');
INSERT INTO xmai_parenttabrel VALUES ('7', '8', '3');
INSERT INTO xmai_parenttabrel VALUES ('2', '26', '1');
INSERT INTO xmai_parenttabrel VALUES ('2', '6', '2');
INSERT INTO xmai_parenttabrel VALUES ('2', '4', '3');
INSERT INTO xmai_parenttabrel VALUES ('2', '28', '4');
INSERT INTO xmai_parenttabrel VALUES ('4', '28', '7');
INSERT INTO xmai_parenttabrel VALUES ('2', '7', '5');
INSERT INTO xmai_parenttabrel VALUES ('2', '9', '6');
INSERT INTO xmai_parenttabrel VALUES ('4', '9', '8');
INSERT INTO xmai_parenttabrel VALUES ('2', '8', '8');
INSERT INTO xmai_parenttabrel VALUES ('3', '9', '11');
INSERT INTO xmai_parenttabrel VALUES ('7', '32', '4');
INSERT INTO xmai_parenttabrel VALUES ('7', '33', '5');
INSERT INTO xmai_parenttabrel VALUES ('7', '36', '6');
INSERT INTO xmai_parenttabrel VALUES ('4', '37', '9');
INSERT INTO xmai_parenttabrel VALUES ('6', '38', '8');
INSERT INTO xmai_parenttabrel VALUES ('6', '41', '9');
INSERT INTO xmai_parenttabrel VALUES ('7', '45', '7');
INSERT INTO xmai_parenttabrel VALUES ('4', '46', '10');
INSERT INTO xmai_parenttabrel VALUES ('4', '47', '11');
INSERT INTO xmai_parenttabrel VALUES ('4', '48', '12');
INSERT INTO xmai_parenttabrel VALUES ('7', '49', '8');
INSERT INTO xmai_parenttabrel VALUES ('7', '50', '9');

-- ----------------------------
-- Table structure for `xmai_payment_duration`
-- ----------------------------
DROP TABLE IF EXISTS `xmai_payment_duration`;
CREATE TABLE `xmai_payment_duration` (
  `payment_duration_id` int(11) default NULL,
  `payment_duration` varchar(200) default NULL,
  `sortorderid` int(11) default NULL,
  `presence` int(11) default NULL
) ENGINE=InnoDB DEFAULT CHARSET=utf8;

-- ----------------------------
-- Records of xmai_payment_duration
-- ----------------------------
INSERT INTO xmai_payment_duration VALUES ('1', 'Net 30 days', '0', '1');
INSERT INTO xmai_payment_duration VALUES ('2', 'Net 45 days', '1', '1');
INSERT INTO xmai_payment_duration VALUES ('3', 'Net 60 days', '2', '1');

-- ----------------------------
-- Table structure for `xmai_payment_duration_seq`
-- ----------------------------
DROP TABLE IF EXISTS `xmai_payment_duration_seq`;
CREATE TABLE `xmai_payment_duration_seq` (
  `id` int(11) NOT NULL
) ENGINE=MyISAM DEFAULT CHARSET=utf8;

-- ----------------------------
-- Records of xmai_payment_duration_seq
-- ----------------------------
INSERT INTO xmai_payment_duration_seq VALUES ('3');

-- ----------------------------
-- Table structure for `xmai_pbxmanager`
-- ----------------------------
DROP TABLE IF EXISTS `xmai_pbxmanager`;
CREATE TABLE `xmai_pbxmanager` (
  `pbxmanagerid` int(11) default NULL,
  `callfrom` varchar(255) default NULL,
  `callto` varchar(255) default NULL,
  `timeofcall` varchar(255) default NULL,
  `status` varchar(255) default NULL
) ENGINE=InnoDB DEFAULT CHARSET=utf8;

-- ----------------------------
-- Records of xmai_pbxmanager
-- ----------------------------

-- ----------------------------
-- Table structure for `xmai_picklist`
-- ----------------------------
DROP TABLE IF EXISTS `xmai_picklist`;
CREATE TABLE `xmai_picklist` (
  `picklistid` int(11) NOT NULL auto_increment,
  `name` varchar(200) NOT NULL,
  PRIMARY KEY  (`picklistid`),
  UNIQUE KEY `picklist_name_idx` (`name`)
) ENGINE=InnoDB AUTO_INCREMENT=46 DEFAULT CHARSET=utf8;

-- ----------------------------
-- Records of xmai_picklist
-- ----------------------------
INSERT INTO xmai_picklist VALUES ('1', 'accounttype');
INSERT INTO xmai_picklist VALUES ('2', 'activitytype');
INSERT INTO xmai_picklist VALUES ('37', 'assetstatus');
INSERT INTO xmai_picklist VALUES ('3', 'campaignstatus');
INSERT INTO xmai_picklist VALUES ('4', 'campaigntype');
INSERT INTO xmai_picklist VALUES ('5', 'carrier');
INSERT INTO xmai_picklist VALUES ('33', 'contract_priority');
INSERT INTO xmai_picklist VALUES ('32', 'contract_status');
INSERT INTO xmai_picklist VALUES ('34', 'contract_type');
INSERT INTO xmai_picklist VALUES ('6', 'eventstatus');
INSERT INTO xmai_picklist VALUES ('7', 'expectedresponse');
INSERT INTO xmai_picklist VALUES ('8', 'faqcategories');
INSERT INTO xmai_picklist VALUES ('9', 'faqstatus');
INSERT INTO xmai_picklist VALUES ('10', 'glacct');
INSERT INTO xmai_picklist VALUES ('11', 'industry');
INSERT INTO xmai_picklist VALUES ('12', 'invoicestatus');
INSERT INTO xmai_picklist VALUES ('13', 'leadsource');
INSERT INTO xmai_picklist VALUES ('14', 'leadstatus');
INSERT INTO xmai_picklist VALUES ('15', 'manufacturer');
INSERT INTO xmai_picklist VALUES ('16', 'opportunity_type');
INSERT INTO xmai_picklist VALUES ('17', 'postatus');
INSERT INTO xmai_picklist VALUES ('18', 'productcategory');
INSERT INTO xmai_picklist VALUES ('45', 'progress');
INSERT INTO xmai_picklist VALUES ('38', 'projectmilestonetype');
INSERT INTO xmai_picklist VALUES ('44', 'projectpriority');
INSERT INTO xmai_picklist VALUES ('42', 'projectstatus');
INSERT INTO xmai_picklist VALUES ('40', 'projecttaskpriority');
INSERT INTO xmai_picklist VALUES ('41', 'projecttaskprogress');
INSERT INTO xmai_picklist VALUES ('39', 'projecttasktype');
INSERT INTO xmai_picklist VALUES ('43', 'projecttype');
INSERT INTO xmai_picklist VALUES ('19', 'quotestage');
INSERT INTO xmai_picklist VALUES ('20', 'rating');
INSERT INTO xmai_picklist VALUES ('21', 'sales_stage');
INSERT INTO xmai_picklist VALUES ('22', 'salutationtype');
INSERT INTO xmai_picklist VALUES ('36', 'servicecategory');
INSERT INTO xmai_picklist VALUES ('35', 'service_usageunit');
INSERT INTO xmai_picklist VALUES ('23', 'sostatus');
INSERT INTO xmai_picklist VALUES ('24', 'taskpriority');
INSERT INTO xmai_picklist VALUES ('25', 'taskstatus');
INSERT INTO xmai_picklist VALUES ('26', 'ticketcategories');
INSERT INTO xmai_picklist VALUES ('27', 'ticketpriorities');
INSERT INTO xmai_picklist VALUES ('28', 'ticketseverities');
INSERT INTO xmai_picklist VALUES ('29', 'ticketstatus');
INSERT INTO xmai_picklist VALUES ('31', 'tracking_unit');
INSERT INTO xmai_picklist VALUES ('30', 'usageunit');

-- ----------------------------
-- Table structure for `xmai_picklistvalues_seq`
-- ----------------------------
DROP TABLE IF EXISTS `xmai_picklistvalues_seq`;
CREATE TABLE `xmai_picklistvalues_seq` (
  `id` int(11) NOT NULL
) ENGINE=MyISAM DEFAULT CHARSET=utf8;

-- ----------------------------
-- Records of xmai_picklistvalues_seq
-- ----------------------------
INSERT INTO xmai_picklistvalues_seq VALUES ('287');

-- ----------------------------
-- Table structure for `xmai_picklist_dependency`
-- ----------------------------
DROP TABLE IF EXISTS `xmai_picklist_dependency`;
CREATE TABLE `xmai_picklist_dependency` (
  `id` int(11) NOT NULL,
  `tabid` int(19) NOT NULL,
  `sourcefield` varchar(255) default NULL,
  `targetfield` varchar(255) default NULL,
  `sourcevalue` varchar(100) default NULL,
  `targetvalues` text,
  `criteria` text,
  PRIMARY KEY  (`id`)
) ENGINE=InnoDB DEFAULT CHARSET=utf8;

-- ----------------------------
-- Records of xmai_picklist_dependency
-- ----------------------------

-- ----------------------------
-- Table structure for `xmai_picklist_seq`
-- ----------------------------
DROP TABLE IF EXISTS `xmai_picklist_seq`;
CREATE TABLE `xmai_picklist_seq` (
  `id` int(11) NOT NULL
) ENGINE=MyISAM DEFAULT CHARSET=utf8;

-- ----------------------------
-- Records of xmai_picklist_seq
-- ----------------------------
INSERT INTO xmai_picklist_seq VALUES ('45');

-- ----------------------------
-- Table structure for `xmai_pobillads`
-- ----------------------------
DROP TABLE IF EXISTS `xmai_pobillads`;
CREATE TABLE `xmai_pobillads` (
  `pobilladdressid` int(19) NOT NULL default '0',
  `bill_city` varchar(30) default NULL,
  `bill_code` varchar(30) default NULL,
  `bill_country` varchar(30) default NULL,
  `bill_state` varchar(30) default NULL,
  `bill_street` varchar(250) default NULL,
  `bill_pobox` varchar(30) default NULL,
  PRIMARY KEY  (`pobilladdressid`),
  CONSTRAINT `fk_1_xmai_pobillads` FOREIGN KEY (`pobilladdressid`) REFERENCES `xmai_purchaseorder` (`purchaseorderid`) ON DELETE CASCADE
) ENGINE=InnoDB DEFAULT CHARSET=utf8;

-- ----------------------------
-- Records of xmai_pobillads
-- ----------------------------
INSERT INTO xmai_pobillads VALUES ('84', 'Sunnyvale', '80133', 'USA', 'CA', '1715 Scott Dr', '');
INSERT INTO xmai_pobillads VALUES ('85', 'Sunnyvale', '39358', 'USA', 'CA', '1715 Scott Dr', '');
INSERT INTO xmai_pobillads VALUES ('86', 'San Mateo', '23125', 'USA', 'CA', '999 Baker Way', '');
INSERT INTO xmai_pobillads VALUES ('87', 'Sunnyvale', '99651', 'USA', 'CA', '1715 Scott Dr', '');
INSERT INTO xmai_pobillads VALUES ('88', 'San Francisco', '36139', 'USA', 'CA', '1715 Scott Dr', '');

-- ----------------------------
-- Table structure for `xmai_portal`
-- ----------------------------
DROP TABLE IF EXISTS `xmai_portal`;
CREATE TABLE `xmai_portal` (
  `portalid` int(19) NOT NULL,
  `portalname` varchar(200) NOT NULL,
  `portalurl` varchar(255) NOT NULL,
  `sequence` int(3) NOT NULL,
  `setdefault` int(3) NOT NULL default '0',
  PRIMARY KEY  (`portalid`),
  KEY `portal_portalname_idx` (`portalname`)
) ENGINE=InnoDB DEFAULT CHARSET=utf8;

-- ----------------------------
-- Records of xmai_portal
-- ----------------------------
INSERT INTO xmai_portal VALUES ('1', 'xmai', 'http://xmai.com', '0', '0');
INSERT INTO xmai_portal VALUES ('2', 'xmai Blogs', 'http://blogs.xmai.com', '0', '0');
INSERT INTO xmai_portal VALUES ('3', 'xmai Forums', 'http://forums.xmai.com', '0', '0');
INSERT INTO xmai_portal VALUES ('4', 'xmaiForge', 'http://xmaiforge.com', '0', '0');
INSERT INTO xmai_portal VALUES ('5', 'xmai Docs', 'http://wiki.xmai.com', '0', '0');

-- ----------------------------
-- Table structure for `xmai_portalinfo`
-- ----------------------------
DROP TABLE IF EXISTS `xmai_portalinfo`;
CREATE TABLE `xmai_portalinfo` (
  `id` int(11) NOT NULL,
  `user_name` varchar(50) default NULL,
  `user_password` varchar(30) default NULL,
  `type` varchar(5) default NULL,
  `last_login_time` datetime default NULL,
  `login_time` datetime default NULL,
  `logout_time` datetime default NULL,
  `isactive` int(1) default NULL,
  PRIMARY KEY  (`id`),
  CONSTRAINT `fk_1_xmai_portalinfo` FOREIGN KEY (`id`) REFERENCES `xmai_contactdetails` (`contactid`) ON DELETE CASCADE
) ENGINE=InnoDB DEFAULT CHARSET=utf8;

-- ----------------------------
-- Records of xmai_portalinfo
-- ----------------------------

-- ----------------------------
-- Table structure for `xmai_portal_seq`
-- ----------------------------
DROP TABLE IF EXISTS `xmai_portal_seq`;
CREATE TABLE `xmai_portal_seq` (
  `id` int(11) NOT NULL
) ENGINE=MyISAM DEFAULT CHARSET=utf8;

-- ----------------------------
-- Records of xmai_portal_seq
-- ----------------------------
INSERT INTO xmai_portal_seq VALUES ('5');

-- ----------------------------
-- Table structure for `xmai_poshipads`
-- ----------------------------
DROP TABLE IF EXISTS `xmai_poshipads`;
CREATE TABLE `xmai_poshipads` (
  `poshipaddressid` int(19) NOT NULL default '0',
  `ship_city` varchar(30) default NULL,
  `ship_code` varchar(30) default NULL,
  `ship_country` varchar(30) default NULL,
  `ship_state` varchar(30) default NULL,
  `ship_street` varchar(250) default NULL,
  `ship_pobox` varchar(30) default NULL,
  PRIMARY KEY  (`poshipaddressid`),
  CONSTRAINT `fk_1_xmai_poshipads` FOREIGN KEY (`poshipaddressid`) REFERENCES `xmai_purchaseorder` (`purchaseorderid`) ON DELETE CASCADE
) ENGINE=InnoDB DEFAULT CHARSET=utf8;

-- ----------------------------
-- Records of xmai_poshipads
-- ----------------------------
INSERT INTO xmai_poshipads VALUES ('84', 'San Jose', '94732', 'USA', 'CA', '999 Baker Way', '');
INSERT INTO xmai_poshipads VALUES ('85', 'San Jose', '94732', 'USA', 'CA', '999 Baker Way', '');
INSERT INTO xmai_poshipads VALUES ('86', 'San Jose', '94732', 'USA', 'CA', '999 Baker Way', '');
INSERT INTO xmai_poshipads VALUES ('87', 'San Jose', '94732', 'USA', 'CA', '999 Baker Way', '');
INSERT INTO xmai_poshipads VALUES ('88', 'San Jose', '94732', 'USA', 'CA', '999 Baker Way', '');

-- ----------------------------
-- Table structure for `xmai_postatus`
-- ----------------------------
DROP TABLE IF EXISTS `xmai_postatus`;
CREATE TABLE `xmai_postatus` (
  `postatusid` int(19) NOT NULL auto_increment,
  `postatus` varchar(200) NOT NULL,
  `presence` int(1) NOT NULL default '1',
  `picklist_valueid` int(19) NOT NULL default '0',
  PRIMARY KEY  (`postatusid`),
  UNIQUE KEY `postatus_postatus_idx` (`postatus`)
) ENGINE=InnoDB AUTO_INCREMENT=6 DEFAULT CHARSET=utf8;

-- ----------------------------
-- Records of xmai_postatus
-- ----------------------------
INSERT INTO xmai_postatus VALUES ('1', 'Created', '0', '130');
INSERT INTO xmai_postatus VALUES ('2', 'Approved', '0', '131');
INSERT INTO xmai_postatus VALUES ('3', 'Delivered', '0', '132');
INSERT INTO xmai_postatus VALUES ('4', 'Cancelled', '0', '133');
INSERT INTO xmai_postatus VALUES ('5', 'Received Shipment', '0', '134');

-- ----------------------------
-- Table structure for `xmai_postatushistory`
-- ----------------------------
DROP TABLE IF EXISTS `xmai_postatushistory`;
CREATE TABLE `xmai_postatushistory` (
  `historyid` int(19) NOT NULL auto_increment,
  `purchaseorderid` int(19) NOT NULL,
  `vendorname` varchar(100) default NULL,
  `total` decimal(10,0) default NULL,
  `postatus` varchar(200) default NULL,
  `lastmodified` datetime default NULL,
  PRIMARY KEY  (`historyid`),
  KEY `postatushistory_purchaseorderid_idx` (`purchaseorderid`),
  CONSTRAINT `fk_1_xmai_postatushistory` FOREIGN KEY (`purchaseorderid`) REFERENCES `xmai_purchaseorder` (`purchaseorderid`) ON DELETE CASCADE
) ENGINE=InnoDB DEFAULT CHARSET=utf8;

-- ----------------------------
-- Records of xmai_postatushistory
-- ----------------------------

-- ----------------------------
-- Table structure for `xmai_postatus_seq`
-- ----------------------------
DROP TABLE IF EXISTS `xmai_postatus_seq`;
CREATE TABLE `xmai_postatus_seq` (
  `id` int(11) NOT NULL
) ENGINE=MyISAM DEFAULT CHARSET=utf8;

-- ----------------------------
-- Records of xmai_postatus_seq
-- ----------------------------
INSERT INTO xmai_postatus_seq VALUES ('5');

-- ----------------------------
-- Table structure for `xmai_potcompetitorrel`
-- ----------------------------
DROP TABLE IF EXISTS `xmai_potcompetitorrel`;
CREATE TABLE `xmai_potcompetitorrel` (
  `potentialid` int(19) NOT NULL,
  `competitorid` int(19) NOT NULL,
  PRIMARY KEY  (`potentialid`,`competitorid`),
  KEY `potcompetitorrel_potentialid_idx` (`potentialid`),
  KEY `potcompetitorrel_competitorid_idx` (`competitorid`),
  CONSTRAINT `fk_2_xmai_potcompetitorrel` FOREIGN KEY (`potentialid`) REFERENCES `xmai_potential` (`potentialid`) ON DELETE CASCADE
) ENGINE=InnoDB DEFAULT CHARSET=utf8;

-- ----------------------------
-- Records of xmai_potcompetitorrel
-- ----------------------------

-- ----------------------------
-- Table structure for `xmai_potential`
-- ----------------------------
DROP TABLE IF EXISTS `xmai_potential`;
CREATE TABLE `xmai_potential` (
  `potentialid` int(19) NOT NULL default '0',
  `potential_no` varchar(100) NOT NULL,
  `related_to` int(19) default NULL,
  `potentialname` varchar(120) NOT NULL,
  `amount` decimal(14,2) default '0.00',
  `currency` varchar(20) default NULL,
  `closingdate` date default NULL,
  `typeofrevenue` varchar(50) default NULL,
  `nextstep` varchar(100) default NULL,
  `private` int(1) default '0',
  `probability` decimal(7,3) default '0.000',
  `campaignid` int(19) default NULL,
  `sales_stage` varchar(200) default NULL,
  `potentialtype` varchar(200) default NULL,
  `leadsource` varchar(200) default NULL,
  `productid` int(50) default NULL,
  `productversion` varchar(50) default NULL,
  `quotationref` varchar(50) default NULL,
  `partnercontact` varchar(50) default NULL,
  `remarks` varchar(50) default NULL,
  `runtimefee` int(19) default '0',
  `followupdate` date default NULL,
  `evaluationstatus` varchar(50) default NULL,
  `description` text,
  `forecastcategory` int(19) default '0',
  `outcomeanalysis` int(19) default '0',
  PRIMARY KEY  (`potentialid`),
  KEY `potential_relatedto_idx` (`related_to`),
  KEY `potentail_sales_stage_idx` (`sales_stage`),
  KEY `potentail_sales_stage_amount_idx` (`amount`,`sales_stage`),
  CONSTRAINT `fk_1_xmai_potential` FOREIGN KEY (`potentialid`) REFERENCES `xmai_crmentity` (`crmid`) ON DELETE CASCADE
) ENGINE=InnoDB DEFAULT CHARSET=utf8;

-- ----------------------------
-- Records of xmai_potential
-- ----------------------------
INSERT INTO xmai_potential VALUES ('3', 'POT1', '2', 'xmai - 1000 units', '75000.00', null, '2006-06-08', null, '', '0', '0.000', '0', 'Value Proposition', '--None--', 'Existing Customer', null, null, null, null, null, '0', null, null, null, '0', '0');
INSERT INTO xmai_potential VALUES ('5', 'POT2', '4', 't3M Invest A/S - 1000 units', '50000.00', null, '2006-04-16', null, '', '0', '0.000', '0', 'Value Proposition', '--None--', 'Self Generated', null, null, null, null, null, '0', null, null, null, '0', '0');
INSERT INTO xmai_potential VALUES ('7', 'POT3', '6', 'EDFG Group Limited - 1000 units', '50000.00', null, '2006-08-13', null, '', '0', '0.000', '0', 'Id. Decision Makers', '--None--', 'Cold Call', null, null, null, null, null, '0', null, null, null, '0', '0');
INSERT INTO xmai_potential VALUES ('9', 'POT4', '8', 'xmaiCRM Inc - 1000 units', '75000.00', null, '2006-03-24', null, '', '0', '0.000', '0', 'Id. Decision Makers', 'New Business', 'Conference', null, null, null, null, null, '0', null, null, null, '0', '0');
INSERT INTO xmai_potential VALUES ('11', 'POT5', '10', 'X-CEED INC 99 - 1000 units', '50000.00', null, '2006-08-26', null, '', '0', '0.000', '0', 'Value Proposition', 'New Business', 'Existing Customer', null, null, null, null, null, '0', null, null, null, '0', '0');
INSERT INTO xmai_potential VALUES ('13', 'POT6', '12', 'demoxmai - 1000 units', '25000.00', null, '2006-02-17', null, '', '0', '0.000', '0', 'Id. Decision Makers', 'Existing Business', 'Self Generated', null, null, null, null, null, '0', null, null, null, '0', '0');
INSERT INTO xmai_potential VALUES ('15', 'POT7', '14', 'usable-xmai - 1000 units', '50000.00', null, '2006-04-11', null, '', '0', '0.000', '0', 'Qualification', '--None--', 'Public Relations', null, null, null, null, null, '0', null, null, null, '0', '0');
INSERT INTO xmai_potential VALUES ('17', 'POT8', '16', 'gooduixmai - 1000 units', '75000.00', null, '2006-03-15', null, '', '0', '0.000', '0', 'Prospecting', 'New Business', '--None--', null, null, null, null, null, '0', null, null, null, '0', '0');
INSERT INTO xmai_potential VALUES ('19', 'POT9', '18', 'xmaiuser - 1000 units', '25000.00', null, '2006-04-19', null, '', '0', '0.000', '0', 'Needs Analysis', 'Existing Business', 'Employee', null, null, null, null, null, '0', null, null, null, '0', '0');
INSERT INTO xmai_potential VALUES ('21', 'POT10', '20', 'samplexmai - 1000 units', '25000.00', null, '2006-07-05', null, '', '0', '0.000', '0', 'Closed Won', 'New Business', 'Direct Mail', null, null, null, null, null, '0', null, null, null, '0', '0');

-- ----------------------------
-- Table structure for `xmai_potentialscf`
-- ----------------------------
DROP TABLE IF EXISTS `xmai_potentialscf`;
CREATE TABLE `xmai_potentialscf` (
  `potentialid` int(19) NOT NULL default '0',
  PRIMARY KEY  (`potentialid`),
  CONSTRAINT `fk_1_xmai_potentialscf` FOREIGN KEY (`potentialid`) REFERENCES `xmai_potential` (`potentialid`) ON DELETE CASCADE
) ENGINE=InnoDB DEFAULT CHARSET=utf8;

-- ----------------------------
-- Records of xmai_potentialscf
-- ----------------------------
INSERT INTO xmai_potentialscf VALUES ('3');
INSERT INTO xmai_potentialscf VALUES ('5');
INSERT INTO xmai_potentialscf VALUES ('7');
INSERT INTO xmai_potentialscf VALUES ('9');
INSERT INTO xmai_potentialscf VALUES ('11');
INSERT INTO xmai_potentialscf VALUES ('13');
INSERT INTO xmai_potentialscf VALUES ('15');
INSERT INTO xmai_potentialscf VALUES ('17');
INSERT INTO xmai_potentialscf VALUES ('19');
INSERT INTO xmai_potentialscf VALUES ('21');

-- ----------------------------
-- Table structure for `xmai_potstagehistory`
-- ----------------------------
DROP TABLE IF EXISTS `xmai_potstagehistory`;
CREATE TABLE `xmai_potstagehistory` (
  `historyid` int(19) NOT NULL auto_increment,
  `potentialid` int(19) NOT NULL,
  `amount` decimal(10,0) default NULL,
  `stage` varchar(100) default NULL,
  `probability` decimal(7,3) default NULL,
  `expectedrevenue` decimal(10,0) default NULL,
  `closedate` date default NULL,
  `lastmodified` datetime default NULL,
  PRIMARY KEY  (`historyid`),
  KEY `potstagehistory_potentialid_idx` (`potentialid`),
  CONSTRAINT `fk_1_xmai_potstagehistory` FOREIGN KEY (`potentialid`) REFERENCES `xmai_potential` (`potentialid`) ON DELETE CASCADE
) ENGINE=InnoDB DEFAULT CHARSET=utf8;

-- ----------------------------
-- Records of xmai_potstagehistory
-- ----------------------------

-- ----------------------------
-- Table structure for `xmai_pricebook`
-- ----------------------------
DROP TABLE IF EXISTS `xmai_pricebook`;
CREATE TABLE `xmai_pricebook` (
  `pricebookid` int(19) NOT NULL default '0',
  `pricebook_no` varchar(100) NOT NULL,
  `bookname` varchar(100) default NULL,
  `active` int(1) default NULL,
  `currency_id` int(19) NOT NULL default '1',
  PRIMARY KEY  (`pricebookid`),
  CONSTRAINT `fk_1_xmai_pricebook` FOREIGN KEY (`pricebookid`) REFERENCES `xmai_crmentity` (`crmid`) ON DELETE CASCADE
) ENGINE=InnoDB DEFAULT CHARSET=utf8;

-- ----------------------------
-- Records of xmai_pricebook
-- ----------------------------
INSERT INTO xmai_pricebook VALUES ('99', 'PB1', 'Cd-R PB', '0', '1');
INSERT INTO xmai_pricebook VALUES ('100', 'PB2', 'xmai PB', '1', '1');
INSERT INTO xmai_pricebook VALUES ('101', 'PB3', 'Gator PB', '1', '1');
INSERT INTO xmai_pricebook VALUES ('102', 'PB4', 'Kyple PB', '0', '1');
INSERT INTO xmai_pricebook VALUES ('103', 'PB5', 'Pastor PB', '1', '1');
INSERT INTO xmai_pricebook VALUES ('104', 'PB6', 'Zoho PB', '0', '1');
INSERT INTO xmai_pricebook VALUES ('105', 'PB7', 'PB_100', '1', '1');
INSERT INTO xmai_pricebook VALUES ('106', 'PB8', 'Per_PB', '1', '1');
INSERT INTO xmai_pricebook VALUES ('107', 'PB9', 'CST_PB', '0', '1');
INSERT INTO xmai_pricebook VALUES ('108', 'PB10', 'GATE_PB', '1', '1');
INSERT INTO xmai_pricebook VALUES ('109', 'PB11', 'Chevron_PB', '0', '1');
INSERT INTO xmai_pricebook VALUES ('110', 'PB12', 'Pizza_PB', '1', '1');

-- ----------------------------
-- Table structure for `xmai_pricebookcf`
-- ----------------------------
DROP TABLE IF EXISTS `xmai_pricebookcf`;
CREATE TABLE `xmai_pricebookcf` (
  `pricebookid` int(19) NOT NULL default '0',
  PRIMARY KEY  (`pricebookid`),
  CONSTRAINT `fk_1_xmai_pricebookcf` FOREIGN KEY (`pricebookid`) REFERENCES `xmai_pricebook` (`pricebookid`) ON DELETE CASCADE
) ENGINE=InnoDB DEFAULT CHARSET=utf8;

-- ----------------------------
-- Records of xmai_pricebookcf
-- ----------------------------
INSERT INTO xmai_pricebookcf VALUES ('99');
INSERT INTO xmai_pricebookcf VALUES ('100');
INSERT INTO xmai_pricebookcf VALUES ('101');
INSERT INTO xmai_pricebookcf VALUES ('102');
INSERT INTO xmai_pricebookcf VALUES ('103');
INSERT INTO xmai_pricebookcf VALUES ('104');
INSERT INTO xmai_pricebookcf VALUES ('105');
INSERT INTO xmai_pricebookcf VALUES ('106');
INSERT INTO xmai_pricebookcf VALUES ('107');
INSERT INTO xmai_pricebookcf VALUES ('108');
INSERT INTO xmai_pricebookcf VALUES ('109');
INSERT INTO xmai_pricebookcf VALUES ('110');

-- ----------------------------
-- Table structure for `xmai_pricebookproductrel`
-- ----------------------------
DROP TABLE IF EXISTS `xmai_pricebookproductrel`;
CREATE TABLE `xmai_pricebookproductrel` (
  `pricebookid` int(19) NOT NULL,
  `productid` int(19) NOT NULL,
  `listprice` decimal(25,3) default NULL,
  `usedcurrency` int(11) NOT NULL default '1',
  PRIMARY KEY  (`pricebookid`,`productid`),
  KEY `pricebookproductrel_pricebookid_idx` (`pricebookid`),
  KEY `pricebookproductrel_productid_idx` (`productid`),
  CONSTRAINT `fk_1_xmai_pricebookproductrel` FOREIGN KEY (`pricebookid`) REFERENCES `xmai_pricebook` (`pricebookid`) ON DELETE CASCADE
) ENGINE=InnoDB DEFAULT CHARSET=utf8;

-- ----------------------------
-- Records of xmai_pricebookproductrel
-- ----------------------------

-- ----------------------------
-- Table structure for `xmai_priority`
-- ----------------------------
DROP TABLE IF EXISTS `xmai_priority`;
CREATE TABLE `xmai_priority` (
  `priorityid` int(19) NOT NULL auto_increment,
  `priority` varchar(200) NOT NULL,
  `sortorderid` int(19) NOT NULL default '0',
  `presence` int(1) NOT NULL default '1',
  PRIMARY KEY  (`priorityid`),
  UNIQUE KEY `priority_priority_idx` (`priority`)
) ENGINE=InnoDB DEFAULT CHARSET=utf8;

-- ----------------------------
-- Records of xmai_priority
-- ----------------------------

-- ----------------------------
-- Table structure for `xmai_productcategory`
-- ----------------------------
DROP TABLE IF EXISTS `xmai_productcategory`;
CREATE TABLE `xmai_productcategory` (
  `productcategoryid` int(19) NOT NULL auto_increment,
  `productcategory` varchar(200) NOT NULL,
  `presence` int(1) NOT NULL default '1',
  `picklist_valueid` int(19) NOT NULL default '0',
  PRIMARY KEY  (`productcategoryid`),
  UNIQUE KEY `productcategory_productcategory_idx` (`productcategory`)
) ENGINE=InnoDB AUTO_INCREMENT=5 DEFAULT CHARSET=utf8;

-- ----------------------------
-- Records of xmai_productcategory
-- ----------------------------
INSERT INTO xmai_productcategory VALUES ('1', '--None--', '1', '135');
INSERT INTO xmai_productcategory VALUES ('2', 'Hardware', '1', '136');
INSERT INTO xmai_productcategory VALUES ('3', 'Software', '1', '137');
INSERT INTO xmai_productcategory VALUES ('4', 'CRM Applications', '1', '138');

-- ----------------------------
-- Table structure for `xmai_productcategory_seq`
-- ----------------------------
DROP TABLE IF EXISTS `xmai_productcategory_seq`;
CREATE TABLE `xmai_productcategory_seq` (
  `id` int(11) NOT NULL
) ENGINE=MyISAM DEFAULT CHARSET=utf8;

-- ----------------------------
-- Records of xmai_productcategory_seq
-- ----------------------------
INSERT INTO xmai_productcategory_seq VALUES ('4');

-- ----------------------------
-- Table structure for `xmai_productcf`
-- ----------------------------
DROP TABLE IF EXISTS `xmai_productcf`;
CREATE TABLE `xmai_productcf` (
  `productid` int(19) NOT NULL default '0',
  PRIMARY KEY  (`productid`),
  CONSTRAINT `fk_1_xmai_productcf` FOREIGN KEY (`productid`) REFERENCES `xmai_products` (`productid`) ON DELETE CASCADE
) ENGINE=InnoDB DEFAULT CHARSET=utf8;

-- ----------------------------
-- Records of xmai_productcf
-- ----------------------------
INSERT INTO xmai_productcf VALUES ('52');
INSERT INTO xmai_productcf VALUES ('53');
INSERT INTO xmai_productcf VALUES ('54');
INSERT INTO xmai_productcf VALUES ('55');
INSERT INTO xmai_productcf VALUES ('56');
INSERT INTO xmai_productcf VALUES ('57');
INSERT INTO xmai_productcf VALUES ('58');
INSERT INTO xmai_productcf VALUES ('59');
INSERT INTO xmai_productcf VALUES ('60');
INSERT INTO xmai_productcf VALUES ('61');

-- ----------------------------
-- Table structure for `xmai_productcollaterals`
-- ----------------------------
DROP TABLE IF EXISTS `xmai_productcollaterals`;
CREATE TABLE `xmai_productcollaterals` (
  `productid` int(11) NOT NULL,
  `date_entered` timestamp NOT NULL default CURRENT_TIMESTAMP on update CURRENT_TIMESTAMP,
  `data` longblob,
  `description` text,
  `filename` varchar(50) default NULL,
  `filesize` varchar(50) NOT NULL,
  `filetype` varchar(20) NOT NULL,
  PRIMARY KEY  (`productid`),
  KEY `productcollaterals_productid_filename_idx` (`productid`,`filename`),
  CONSTRAINT `fk_1_xmai_productcollaterals` FOREIGN KEY (`productid`) REFERENCES `xmai_products` (`productid`) ON DELETE CASCADE
) ENGINE=InnoDB DEFAULT CHARSET=utf8;

-- ----------------------------
-- Records of xmai_productcollaterals
-- ----------------------------

-- ----------------------------
-- Table structure for `xmai_productcurrencyrel`
-- ----------------------------
DROP TABLE IF EXISTS `xmai_productcurrencyrel`;
CREATE TABLE `xmai_productcurrencyrel` (
  `productid` int(11) NOT NULL,
  `currencyid` int(11) NOT NULL,
  `converted_price` decimal(25,2) default NULL,
  `actual_price` decimal(25,2) default NULL
) ENGINE=InnoDB DEFAULT CHARSET=utf8;

-- ----------------------------
-- Records of xmai_productcurrencyrel
-- ----------------------------

-- ----------------------------
-- Table structure for `xmai_products`
-- ----------------------------
DROP TABLE IF EXISTS `xmai_products`;
CREATE TABLE `xmai_products` (
  `productid` int(11) NOT NULL,
  `product_no` varchar(100) NOT NULL,
  `productname` varchar(50) NOT NULL,
  `productcode` varchar(40) default NULL,
  `productcategory` varchar(200) default NULL,
  `manufacturer` varchar(200) default NULL,
  `qty_per_unit` decimal(11,2) default '0.00',
  `unit_price` decimal(25,2) default NULL,
  `weight` decimal(11,3) default NULL,
  `pack_size` int(11) default NULL,
  `sales_start_date` date default NULL,
  `sales_end_date` date default NULL,
  `start_date` date default NULL,
  `expiry_date` date default NULL,
  `cost_factor` int(11) default NULL,
  `commissionrate` decimal(7,3) default NULL,
  `commissionmethod` varchar(50) default NULL,
  `discontinued` int(1) NOT NULL default '0',
  `usageunit` varchar(200) default NULL,
  `reorderlevel` int(11) default NULL,
  `website` varchar(100) default NULL,
  `taxclass` varchar(200) default NULL,
  `mfr_part_no` varchar(200) default NULL,
  `vendor_part_no` varchar(200) default NULL,
  `serialno` varchar(200) default NULL,
  `qtyinstock` decimal(25,3) default NULL,
  `productsheet` varchar(200) default NULL,
  `qtyindemand` int(11) default NULL,
  `glacct` varchar(200) default NULL,
  `vendor_id` int(11) default NULL,
  `imagename` text,
  `currency_id` int(19) NOT NULL default '1',
  PRIMARY KEY  (`productid`),
  CONSTRAINT `fk_1_xmai_products` FOREIGN KEY (`productid`) REFERENCES `xmai_crmentity` (`crmid`) ON DELETE CASCADE
) ENGINE=InnoDB DEFAULT CHARSET=utf8;

-- ----------------------------
-- Records of xmai_products
-- ----------------------------
INSERT INTO xmai_products VALUES ('52', 'PRO1', 'xmai Single User Pack', '001', 'Software', 'LexPon Inc.', '1.00', '149.00', null, null, '2006-02-24', null, '2006-04-13', null, null, '4.000', null, '1', 'Each', '0', 'www.xmai.com', 'SalesTax', '', '', '', '60371.000', '', '0', '', '46', '', '1');
INSERT INTO xmai_products VALUES ('53', 'PRO2', 'xmai 5 Users Pack', '002', 'Software', 'LexPon Inc.', '1.00', '699.00', null, null, '2006-02-21', null, '2006-05-03', null, null, '1.000', null, '1', 'Each', '0', 'www.xmai.com', 'SalesTax', '', '', '', '60097.000', '', '0', '', '43', '', '1');
INSERT INTO xmai_products VALUES ('54', 'PRO3', 'xmai 10 Users Pack', '003', 'Software', 'LexPon Inc.', '1.00', '1299.00', null, null, '2006-06-19', null, '2006-01-14', null, null, '3.000', null, '1', 'Each', '0', 'www.xmai.com', 'SalesTax', '', '', '', '99935.000', '', '0', '', '51', '', '1');
INSERT INTO xmai_products VALUES ('55', 'PRO4', 'xmai 25 Users Pack', '023', 'Software', 'LexPon Inc.', '1.00', '2999.00', null, null, '2006-03-12', null, '2006-07-10', null, null, '9.000', null, '1', 'Each', '0', 'www.xmai.com', 'SalesTax', '', '', '', '37270.000', '', '0', '', '50', '', '1');
INSERT INTO xmai_products VALUES ('56', 'PRO5', 'xmai 50 Users Pack', '005', 'Software', 'LexPon Inc.', '1.00', '4995.00', null, null, '2006-03-14', null, '2006-05-13', null, null, '4.000', null, '1', 'Each', '0', 'www.xmai.com', 'SalesTax', '', '', '', '96454.000', '', '0', '', '43', '', '1');
INSERT INTO xmai_products VALUES ('57', 'PRO6', 'Double Panel See-thru Clipboard', 'sg-106', 'Hardware', '', '1.00', '664.00', null, null, '2006-04-09', null, '2006-07-15', null, null, '10.000', null, '1', 'Each', '0', '', 'SalesTax', '', '', '', '74938.000', '', '0', '', '42', '', '1');
INSERT INTO xmai_products VALUES ('58', 'PRO7', 'abcd1234', '1324356', 'Hardware', '', '1.00', '991.00', null, null, '2006-02-21', null, '2006-09-22', null, null, '15.000', null, '1', 'Each', '0', '', 'SalesTax', '', '', '', '26755.000', '', '0', '', '51', '', '1');
INSERT INTO xmai_products VALUES ('59', 'PRO8', 'Cd-R CD Recordable', 'sg-108', 'Hardware', '', '1.00', '938.00', null, null, '2006-06-17', null, '2006-07-14', null, null, '13.000', null, '1', 'Each', '0', '', 'SalesTax', '', '', '', '61273.000', '', '0', '', '42', '', '1');
INSERT INTO xmai_products VALUES ('60', 'PRO9', 'Sharp - Plain Paper Fax', 'sg-119', 'Hardware', '', '1.00', '599.00', null, null, '2006-08-07', null, '2006-08-20', null, null, '13.000', null, '1', 'Each', '0', '', 'SalesTax', '', '', '', '58592.000', '', '0', '', '51', '', '1');
INSERT INTO xmai_products VALUES ('61', 'PRO10', 'Brother Ink Jet Cartridge', 'sg-125', 'Hardware', '', '1.00', '282.00', null, null, '2006-06-11', null, '2006-06-13', null, null, '10.000', null, '1', 'Each', '0', '', 'SalesTax', '', '', '', '21554.000', '', '0', '', '48', '', '1');

-- ----------------------------
-- Table structure for `xmai_producttaxrel`
-- ----------------------------
DROP TABLE IF EXISTS `xmai_producttaxrel`;
CREATE TABLE `xmai_producttaxrel` (
  `productid` int(11) NOT NULL,
  `taxid` int(3) NOT NULL,
  `taxpercentage` decimal(7,3) default NULL,
  KEY `producttaxrel_productid_idx` (`productid`),
  KEY `producttaxrel_taxid_idx` (`taxid`)
) ENGINE=InnoDB DEFAULT CHARSET=utf8;

-- ----------------------------
-- Records of xmai_producttaxrel
-- ----------------------------

-- ----------------------------
-- Table structure for `xmai_profile`
-- ----------------------------
DROP TABLE IF EXISTS `xmai_profile`;
CREATE TABLE `xmai_profile` (
  `profileid` int(10) NOT NULL auto_increment,
  `profilename` varchar(50) NOT NULL,
  `description` text,
  PRIMARY KEY  (`profileid`)
) ENGINE=InnoDB AUTO_INCREMENT=5 DEFAULT CHARSET=utf8;

-- ----------------------------
-- Records of xmai_profile
-- ----------------------------
INSERT INTO xmai_profile VALUES ('1', 'Administrator', 'Admin Profile');
INSERT INTO xmai_profile VALUES ('2', 'Sales Profile', 'Profile Related to Sales');
INSERT INTO xmai_profile VALUES ('3', 'Support Profile', 'Profile Related to Support');
INSERT INTO xmai_profile VALUES ('4', 'Guest Profile', 'Guest Profile for Test Users');

-- ----------------------------
-- Table structure for `xmai_profile2field`
-- ----------------------------
DROP TABLE IF EXISTS `xmai_profile2field`;
CREATE TABLE `xmai_profile2field` (
  `profileid` int(11) NOT NULL,
  `tabid` int(10) default NULL,
  `fieldid` int(19) NOT NULL,
  `visible` int(19) default NULL,
  `readonly` int(19) default NULL,
  PRIMARY KEY  (`profileid`,`fieldid`),
  KEY `profile2field_profileid_tabid_fieldname_idx` (`profileid`,`tabid`),
  KEY `profile2field_tabid_profileid_idx` (`tabid`,`profileid`),
  KEY `profile2field_visible_profileid_idx` (`visible`,`profileid`)
) ENGINE=InnoDB DEFAULT CHARSET=utf8;

-- ----------------------------
-- Records of xmai_profile2field
-- ----------------------------
INSERT INTO xmai_profile2field VALUES ('1', '6', '1', '0', '0');
INSERT INTO xmai_profile2field VALUES ('1', '6', '2', '0', '0');
INSERT INTO xmai_profile2field VALUES ('1', '6', '3', '0', '0');
INSERT INTO xmai_profile2field VALUES ('1', '6', '4', '0', '0');
INSERT INTO xmai_profile2field VALUES ('1', '6', '5', '0', '0');
INSERT INTO xmai_profile2field VALUES ('1', '6', '6', '0', '0');
INSERT INTO xmai_profile2field VALUES ('1', '6', '7', '0', '0');
INSERT INTO xmai_profile2field VALUES ('1', '6', '8', '0', '0');
INSERT INTO xmai_profile2field VALUES ('1', '6', '9', '0', '0');
INSERT INTO xmai_profile2field VALUES ('1', '6', '10', '0', '0');
INSERT INTO xmai_profile2field VALUES ('1', '6', '11', '0', '0');
INSERT INTO xmai_profile2field VALUES ('1', '6', '12', '0', '0');
INSERT INTO xmai_profile2field VALUES ('1', '6', '13', '0', '0');
INSERT INTO xmai_profile2field VALUES ('1', '6', '14', '0', '0');
INSERT INTO xmai_profile2field VALUES ('1', '6', '15', '0', '0');
INSERT INTO xmai_profile2field VALUES ('1', '6', '16', '0', '0');
INSERT INTO xmai_profile2field VALUES ('1', '6', '17', '0', '0');
INSERT INTO xmai_profile2field VALUES ('1', '6', '18', '0', '0');
INSERT INTO xmai_profile2field VALUES ('1', '6', '19', '0', '0');
INSERT INTO xmai_profile2field VALUES ('1', '6', '20', '0', '0');
INSERT INTO xmai_profile2field VALUES ('1', '6', '21', '0', '0');
INSERT INTO xmai_profile2field VALUES ('1', '6', '22', '0', '0');
INSERT INTO xmai_profile2field VALUES ('1', '6', '23', '0', '0');
INSERT INTO xmai_profile2field VALUES ('1', '6', '24', '0', '0');
INSERT INTO xmai_profile2field VALUES ('1', '6', '25', '0', '0');
INSERT INTO xmai_profile2field VALUES ('1', '6', '26', '0', '0');
INSERT INTO xmai_profile2field VALUES ('1', '6', '27', '0', '0');
INSERT INTO xmai_profile2field VALUES ('1', '6', '28', '0', '0');
INSERT INTO xmai_profile2field VALUES ('1', '6', '29', '0', '0');
INSERT INTO xmai_profile2field VALUES ('1', '6', '30', '0', '0');
INSERT INTO xmai_profile2field VALUES ('1', '6', '31', '0', '0');
INSERT INTO xmai_profile2field VALUES ('1', '6', '32', '0', '0');
INSERT INTO xmai_profile2field VALUES ('1', '6', '33', '0', '0');
INSERT INTO xmai_profile2field VALUES ('1', '6', '34', '0', '0');
INSERT INTO xmai_profile2field VALUES ('1', '6', '35', '0', '0');
INSERT INTO xmai_profile2field VALUES ('1', '6', '36', '0', '0');
INSERT INTO xmai_profile2field VALUES ('1', '7', '37', '0', '0');
INSERT INTO xmai_profile2field VALUES ('1', '7', '38', '0', '0');
INSERT INTO xmai_profile2field VALUES ('1', '7', '39', '0', '0');
INSERT INTO xmai_profile2field VALUES ('1', '7', '40', '0', '0');
INSERT INTO xmai_profile2field VALUES ('1', '7', '41', '0', '0');
INSERT INTO xmai_profile2field VALUES ('1', '7', '42', '0', '0');
INSERT INTO xmai_profile2field VALUES ('1', '7', '43', '0', '0');
INSERT INTO xmai_profile2field VALUES ('1', '7', '44', '0', '0');
INSERT INTO xmai_profile2field VALUES ('1', '7', '45', '0', '0');
INSERT INTO xmai_profile2field VALUES ('1', '7', '46', '0', '0');
INSERT INTO xmai_profile2field VALUES ('1', '7', '47', '0', '0');
INSERT INTO xmai_profile2field VALUES ('1', '7', '48', '0', '0');
INSERT INTO xmai_profile2field VALUES ('1', '7', '49', '0', '0');
INSERT INTO xmai_profile2field VALUES ('1', '7', '50', '0', '0');
INSERT INTO xmai_profile2field VALUES ('1', '7', '51', '0', '0');
INSERT INTO xmai_profile2field VALUES ('1', '7', '52', '0', '0');
INSERT INTO xmai_profile2field VALUES ('1', '7', '53', '0', '0');
INSERT INTO xmai_profile2field VALUES ('1', '7', '54', '0', '0');
INSERT INTO xmai_profile2field VALUES ('1', '7', '55', '0', '0');
INSERT INTO xmai_profile2field VALUES ('1', '7', '56', '0', '0');
INSERT INTO xmai_profile2field VALUES ('1', '7', '57', '0', '0');
INSERT INTO xmai_profile2field VALUES ('1', '7', '58', '0', '0');
INSERT INTO xmai_profile2field VALUES ('1', '7', '59', '0', '0');
INSERT INTO xmai_profile2field VALUES ('1', '7', '60', '0', '0');
INSERT INTO xmai_profile2field VALUES ('1', '7', '61', '0', '0');
INSERT INTO xmai_profile2field VALUES ('1', '7', '62', '0', '0');
INSERT INTO xmai_profile2field VALUES ('1', '7', '63', '0', '0');
INSERT INTO xmai_profile2field VALUES ('1', '7', '64', '0', '0');
INSERT INTO xmai_profile2field VALUES ('1', '7', '65', '0', '0');
INSERT INTO xmai_profile2field VALUES ('1', '4', '66', '0', '0');
INSERT INTO xmai_profile2field VALUES ('1', '4', '67', '0', '0');
INSERT INTO xmai_profile2field VALUES ('1', '4', '68', '0', '0');
INSERT INTO xmai_profile2field VALUES ('1', '4', '69', '0', '0');
INSERT INTO xmai_profile2field VALUES ('1', '4', '70', '0', '0');
INSERT INTO xmai_profile2field VALUES ('1', '4', '71', '0', '0');
INSERT INTO xmai_profile2field VALUES ('1', '4', '72', '0', '0');
INSERT INTO xmai_profile2field VALUES ('1', '4', '73', '0', '0');
INSERT INTO xmai_profile2field VALUES ('1', '4', '74', '0', '0');
INSERT INTO xmai_profile2field VALUES ('1', '4', '75', '0', '0');
INSERT INTO xmai_profile2field VALUES ('1', '4', '76', '0', '0');
INSERT INTO xmai_profile2field VALUES ('1', '4', '77', '0', '0');
INSERT INTO xmai_profile2field VALUES ('1', '4', '78', '0', '0');
INSERT INTO xmai_profile2field VALUES ('1', '4', '79', '0', '0');
INSERT INTO xmai_profile2field VALUES ('1', '4', '80', '0', '0');
INSERT INTO xmai_profile2field VALUES ('1', '4', '81', '0', '0');
INSERT INTO xmai_profile2field VALUES ('1', '4', '82', '0', '0');
INSERT INTO xmai_profile2field VALUES ('1', '4', '83', '0', '0');
INSERT INTO xmai_profile2field VALUES ('1', '4', '84', '0', '0');
INSERT INTO xmai_profile2field VALUES ('1', '4', '85', '0', '0');
INSERT INTO xmai_profile2field VALUES ('1', '4', '86', '0', '0');
INSERT INTO xmai_profile2field VALUES ('1', '4', '87', '0', '0');
INSERT INTO xmai_profile2field VALUES ('1', '4', '88', '0', '0');
INSERT INTO xmai_profile2field VALUES ('1', '4', '89', '0', '0');
INSERT INTO xmai_profile2field VALUES ('1', '4', '90', '0', '0');
INSERT INTO xmai_profile2field VALUES ('1', '4', '91', '0', '0');
INSERT INTO xmai_profile2field VALUES ('1', '4', '92', '0', '0');
INSERT INTO xmai_profile2field VALUES ('1', '4', '93', '0', '0');
INSERT INTO xmai_profile2field VALUES ('1', '4', '94', '0', '0');
INSERT INTO xmai_profile2field VALUES ('1', '4', '95', '0', '0');
INSERT INTO xmai_profile2field VALUES ('1', '4', '96', '0', '0');
INSERT INTO xmai_profile2field VALUES ('1', '4', '97', '0', '0');
INSERT INTO xmai_profile2field VALUES ('1', '4', '98', '0', '0');
INSERT INTO xmai_profile2field VALUES ('1', '4', '99', '0', '0');
INSERT INTO xmai_profile2field VALUES ('1', '4', '100', '0', '0');
INSERT INTO xmai_profile2field VALUES ('1', '4', '101', '0', '0');
INSERT INTO xmai_profile2field VALUES ('1', '4', '102', '0', '0');
INSERT INTO xmai_profile2field VALUES ('1', '4', '103', '0', '0');
INSERT INTO xmai_profile2field VALUES ('1', '4', '104', '0', '0');
INSERT INTO xmai_profile2field VALUES ('1', '4', '105', '0', '0');
INSERT INTO xmai_profile2field VALUES ('1', '4', '106', '0', '0');
INSERT INTO xmai_profile2field VALUES ('1', '4', '107', '0', '0');
INSERT INTO xmai_profile2field VALUES ('1', '4', '108', '0', '0');
INSERT INTO xmai_profile2field VALUES ('1', '4', '109', '0', '0');
INSERT INTO xmai_profile2field VALUES ('1', '2', '110', '0', '0');
INSERT INTO xmai_profile2field VALUES ('1', '2', '111', '0', '0');
INSERT INTO xmai_profile2field VALUES ('1', '2', '112', '0', '0');
INSERT INTO xmai_profile2field VALUES ('1', '2', '113', '0', '0');
INSERT INTO xmai_profile2field VALUES ('1', '2', '114', '0', '0');
INSERT INTO xmai_profile2field VALUES ('1', '2', '115', '0', '0');
INSERT INTO xmai_profile2field VALUES ('1', '2', '116', '0', '0');
INSERT INTO xmai_profile2field VALUES ('1', '2', '117', '0', '0');
INSERT INTO xmai_profile2field VALUES ('1', '2', '118', '0', '0');
INSERT INTO xmai_profile2field VALUES ('1', '2', '119', '0', '0');
INSERT INTO xmai_profile2field VALUES ('1', '2', '120', '0', '0');
INSERT INTO xmai_profile2field VALUES ('1', '2', '121', '0', '0');
INSERT INTO xmai_profile2field VALUES ('1', '2', '122', '0', '0');
INSERT INTO xmai_profile2field VALUES ('1', '2', '123', '0', '0');
INSERT INTO xmai_profile2field VALUES ('1', '2', '124', '0', '0');
INSERT INTO xmai_profile2field VALUES ('1', '2', '125', '0', '0');
INSERT INTO xmai_profile2field VALUES ('1', '26', '126', '0', '0');
INSERT INTO xmai_profile2field VALUES ('1', '26', '127', '0', '0');
INSERT INTO xmai_profile2field VALUES ('1', '26', '128', '0', '0');
INSERT INTO xmai_profile2field VALUES ('1', '26', '129', '0', '0');
INSERT INTO xmai_profile2field VALUES ('1', '26', '130', '0', '0');
INSERT INTO xmai_profile2field VALUES ('1', '26', '131', '0', '0');
INSERT INTO xmai_profile2field VALUES ('1', '26', '132', '0', '0');
INSERT INTO xmai_profile2field VALUES ('1', '26', '133', '0', '0');
INSERT INTO xmai_profile2field VALUES ('1', '26', '134', '0', '0');
INSERT INTO xmai_profile2field VALUES ('1', '26', '135', '0', '0');
INSERT INTO xmai_profile2field VALUES ('1', '26', '136', '0', '0');
INSERT INTO xmai_profile2field VALUES ('1', '26', '137', '0', '0');
INSERT INTO xmai_profile2field VALUES ('1', '26', '138', '0', '0');
INSERT INTO xmai_profile2field VALUES ('1', '26', '139', '0', '0');
INSERT INTO xmai_profile2field VALUES ('1', '26', '140', '0', '0');
INSERT INTO xmai_profile2field VALUES ('1', '26', '141', '0', '0');
INSERT INTO xmai_profile2field VALUES ('1', '26', '142', '0', '0');
INSERT INTO xmai_profile2field VALUES ('1', '26', '143', '0', '0');
INSERT INTO xmai_profile2field VALUES ('1', '26', '144', '0', '0');
INSERT INTO xmai_profile2field VALUES ('1', '26', '145', '0', '0');
INSERT INTO xmai_profile2field VALUES ('1', '26', '146', '0', '0');
INSERT INTO xmai_profile2field VALUES ('1', '26', '147', '0', '0');
INSERT INTO xmai_profile2field VALUES ('1', '26', '148', '0', '0');
INSERT INTO xmai_profile2field VALUES ('1', '26', '149', '0', '0');
INSERT INTO xmai_profile2field VALUES ('1', '26', '150', '0', '0');
INSERT INTO xmai_profile2field VALUES ('1', '4', '151', '0', '0');
INSERT INTO xmai_profile2field VALUES ('1', '6', '152', '0', '0');
INSERT INTO xmai_profile2field VALUES ('1', '7', '153', '0', '0');
INSERT INTO xmai_profile2field VALUES ('1', '26', '154', '0', '0');
INSERT INTO xmai_profile2field VALUES ('1', '13', '155', '0', '0');
INSERT INTO xmai_profile2field VALUES ('1', '13', '156', '0', '0');
INSERT INTO xmai_profile2field VALUES ('1', '13', '157', '0', '0');
INSERT INTO xmai_profile2field VALUES ('1', '13', '158', '0', '0');
INSERT INTO xmai_profile2field VALUES ('1', '13', '159', '0', '0');
INSERT INTO xmai_profile2field VALUES ('1', '13', '160', '0', '0');
INSERT INTO xmai_profile2field VALUES ('1', '13', '161', '0', '0');
INSERT INTO xmai_profile2field VALUES ('1', '13', '162', '0', '0');
INSERT INTO xmai_profile2field VALUES ('1', '13', '163', '0', '0');
INSERT INTO xmai_profile2field VALUES ('1', '13', '164', '0', '0');
INSERT INTO xmai_profile2field VALUES ('1', '13', '165', '0', '0');
INSERT INTO xmai_profile2field VALUES ('1', '13', '166', '0', '0');
INSERT INTO xmai_profile2field VALUES ('1', '13', '167', '0', '0');
INSERT INTO xmai_profile2field VALUES ('1', '13', '168', '0', '0');
INSERT INTO xmai_profile2field VALUES ('1', '13', '169', '0', '0');
INSERT INTO xmai_profile2field VALUES ('1', '13', '170', '0', '0');
INSERT INTO xmai_profile2field VALUES ('1', '13', '171', '0', '0');
INSERT INTO xmai_profile2field VALUES ('1', '13', '172', '0', '0');
INSERT INTO xmai_profile2field VALUES ('1', '13', '173', '0', '0');
INSERT INTO xmai_profile2field VALUES ('1', '14', '174', '0', '0');
INSERT INTO xmai_profile2field VALUES ('1', '14', '175', '0', '0');
INSERT INTO xmai_profile2field VALUES ('1', '14', '176', '0', '0');
INSERT INTO xmai_profile2field VALUES ('1', '14', '177', '0', '0');
INSERT INTO xmai_profile2field VALUES ('1', '14', '178', '0', '0');
INSERT INTO xmai_profile2field VALUES ('1', '14', '179', '0', '0');
INSERT INTO xmai_profile2field VALUES ('1', '14', '180', '0', '0');
INSERT INTO xmai_profile2field VALUES ('1', '14', '181', '0', '0');
INSERT INTO xmai_profile2field VALUES ('1', '14', '182', '0', '0');
INSERT INTO xmai_profile2field VALUES ('1', '14', '183', '0', '0');
INSERT INTO xmai_profile2field VALUES ('1', '14', '184', '0', '0');
INSERT INTO xmai_profile2field VALUES ('1', '14', '185', '0', '0');
INSERT INTO xmai_profile2field VALUES ('1', '14', '186', '0', '0');
INSERT INTO xmai_profile2field VALUES ('1', '14', '187', '0', '0');
INSERT INTO xmai_profile2field VALUES ('1', '14', '188', '0', '0');
INSERT INTO xmai_profile2field VALUES ('1', '14', '189', '0', '0');
INSERT INTO xmai_profile2field VALUES ('1', '14', '190', '0', '0');
INSERT INTO xmai_profile2field VALUES ('1', '14', '191', '0', '0');
INSERT INTO xmai_profile2field VALUES ('1', '14', '192', '0', '0');
INSERT INTO xmai_profile2field VALUES ('1', '14', '193', '0', '0');
INSERT INTO xmai_profile2field VALUES ('1', '14', '194', '0', '0');
INSERT INTO xmai_profile2field VALUES ('1', '14', '195', '0', '0');
INSERT INTO xmai_profile2field VALUES ('1', '14', '196', '0', '0');
INSERT INTO xmai_profile2field VALUES ('1', '14', '197', '0', '0');
INSERT INTO xmai_profile2field VALUES ('1', '14', '198', '0', '0');
INSERT INTO xmai_profile2field VALUES ('1', '14', '199', '0', '0');
INSERT INTO xmai_profile2field VALUES ('1', '14', '200', '0', '0');
INSERT INTO xmai_profile2field VALUES ('1', '14', '201', '0', '0');
INSERT INTO xmai_profile2field VALUES ('1', '14', '202', '0', '0');
INSERT INTO xmai_profile2field VALUES ('1', '14', '203', '0', '0');
INSERT INTO xmai_profile2field VALUES ('1', '14', '204', '0', '0');
INSERT INTO xmai_profile2field VALUES ('1', '8', '205', '0', '0');
INSERT INTO xmai_profile2field VALUES ('1', '8', '206', '0', '0');
INSERT INTO xmai_profile2field VALUES ('1', '8', '207', '0', '0');
INSERT INTO xmai_profile2field VALUES ('1', '8', '208', '0', '0');
INSERT INTO xmai_profile2field VALUES ('1', '8', '209', '0', '0');
INSERT INTO xmai_profile2field VALUES ('1', '8', '210', '0', '0');
INSERT INTO xmai_profile2field VALUES ('1', '8', '211', '0', '0');
INSERT INTO xmai_profile2field VALUES ('1', '8', '212', '0', '0');
INSERT INTO xmai_profile2field VALUES ('1', '8', '213', '0', '0');
INSERT INTO xmai_profile2field VALUES ('1', '8', '214', '0', '0');
INSERT INTO xmai_profile2field VALUES ('1', '8', '215', '0', '0');
INSERT INTO xmai_profile2field VALUES ('1', '8', '216', '0', '0');
INSERT INTO xmai_profile2field VALUES ('1', '8', '217', '0', '0');
INSERT INTO xmai_profile2field VALUES ('1', '8', '218', '0', '0');
INSERT INTO xmai_profile2field VALUES ('1', '8', '219', '0', '0');
INSERT INTO xmai_profile2field VALUES ('1', '10', '220', '0', '0');
INSERT INTO xmai_profile2field VALUES ('1', '10', '221', '0', '0');
INSERT INTO xmai_profile2field VALUES ('1', '10', '222', '0', '0');
INSERT INTO xmai_profile2field VALUES ('1', '10', '223', '0', '0');
INSERT INTO xmai_profile2field VALUES ('1', '10', '224', '0', '0');
INSERT INTO xmai_profile2field VALUES ('1', '10', '225', '0', '0');
INSERT INTO xmai_profile2field VALUES ('1', '10', '226', '0', '0');
INSERT INTO xmai_profile2field VALUES ('1', '10', '227', '0', '0');
INSERT INTO xmai_profile2field VALUES ('1', '10', '228', '0', '0');
INSERT INTO xmai_profile2field VALUES ('1', '10', '229', '0', '0');
INSERT INTO xmai_profile2field VALUES ('1', '10', '230', '0', '0');
INSERT INTO xmai_profile2field VALUES ('1', '10', '231', '0', '0');
INSERT INTO xmai_profile2field VALUES ('1', '9', '232', '0', '0');
INSERT INTO xmai_profile2field VALUES ('1', '9', '233', '0', '0');
INSERT INTO xmai_profile2field VALUES ('1', '9', '234', '0', '0');
INSERT INTO xmai_profile2field VALUES ('1', '9', '235', '0', '0');
INSERT INTO xmai_profile2field VALUES ('1', '9', '236', '0', '0');
INSERT INTO xmai_profile2field VALUES ('1', '9', '237', '0', '0');
INSERT INTO xmai_profile2field VALUES ('1', '9', '238', '0', '0');
INSERT INTO xmai_profile2field VALUES ('1', '9', '239', '0', '0');
INSERT INTO xmai_profile2field VALUES ('1', '9', '240', '0', '0');
INSERT INTO xmai_profile2field VALUES ('1', '9', '241', '0', '0');
INSERT INTO xmai_profile2field VALUES ('1', '9', '242', '0', '0');
INSERT INTO xmai_profile2field VALUES ('1', '9', '243', '0', '0');
INSERT INTO xmai_profile2field VALUES ('1', '9', '244', '0', '0');
INSERT INTO xmai_profile2field VALUES ('1', '9', '245', '0', '0');
INSERT INTO xmai_profile2field VALUES ('1', '9', '246', '0', '0');
INSERT INTO xmai_profile2field VALUES ('1', '9', '247', '0', '0');
INSERT INTO xmai_profile2field VALUES ('1', '9', '248', '0', '0');
INSERT INTO xmai_profile2field VALUES ('1', '9', '249', '0', '0');
INSERT INTO xmai_profile2field VALUES ('1', '9', '250', '0', '0');
INSERT INTO xmai_profile2field VALUES ('1', '9', '251', '0', '0');
INSERT INTO xmai_profile2field VALUES ('1', '9', '252', '0', '0');
INSERT INTO xmai_profile2field VALUES ('1', '9', '253', '0', '0');
INSERT INTO xmai_profile2field VALUES ('1', '9', '254', '0', '0');
INSERT INTO xmai_profile2field VALUES ('1', '9', '255', '0', '0');
INSERT INTO xmai_profile2field VALUES ('1', '16', '256', '0', '0');
INSERT INTO xmai_profile2field VALUES ('1', '16', '257', '0', '0');
INSERT INTO xmai_profile2field VALUES ('1', '16', '258', '0', '0');
INSERT INTO xmai_profile2field VALUES ('1', '16', '259', '0', '0');
INSERT INTO xmai_profile2field VALUES ('1', '16', '260', '0', '0');
INSERT INTO xmai_profile2field VALUES ('1', '16', '261', '0', '0');
INSERT INTO xmai_profile2field VALUES ('1', '16', '262', '0', '0');
INSERT INTO xmai_profile2field VALUES ('1', '16', '263', '0', '0');
INSERT INTO xmai_profile2field VALUES ('1', '16', '264', '0', '0');
INSERT INTO xmai_profile2field VALUES ('1', '16', '265', '0', '0');
INSERT INTO xmai_profile2field VALUES ('1', '16', '266', '0', '0');
INSERT INTO xmai_profile2field VALUES ('1', '16', '267', '0', '0');
INSERT INTO xmai_profile2field VALUES ('1', '16', '268', '0', '0');
INSERT INTO xmai_profile2field VALUES ('1', '16', '269', '0', '0');
INSERT INTO xmai_profile2field VALUES ('1', '16', '270', '0', '0');
INSERT INTO xmai_profile2field VALUES ('1', '16', '271', '0', '0');
INSERT INTO xmai_profile2field VALUES ('1', '16', '272', '0', '0');
INSERT INTO xmai_profile2field VALUES ('1', '16', '273', '0', '0');
INSERT INTO xmai_profile2field VALUES ('1', '16', '274', '0', '0');
INSERT INTO xmai_profile2field VALUES ('1', '16', '275', '0', '0');
INSERT INTO xmai_profile2field VALUES ('1', '16', '276', '0', '0');
INSERT INTO xmai_profile2field VALUES ('1', '16', '277', '0', '0');
INSERT INTO xmai_profile2field VALUES ('1', '16', '278', '0', '0');
INSERT INTO xmai_profile2field VALUES ('1', '15', '279', '0', '0');
INSERT INTO xmai_profile2field VALUES ('1', '15', '280', '0', '0');
INSERT INTO xmai_profile2field VALUES ('1', '15', '281', '0', '0');
INSERT INTO xmai_profile2field VALUES ('1', '15', '282', '0', '0');
INSERT INTO xmai_profile2field VALUES ('1', '15', '283', '0', '0');
INSERT INTO xmai_profile2field VALUES ('1', '15', '284', '0', '0');
INSERT INTO xmai_profile2field VALUES ('1', '15', '285', '0', '0');
INSERT INTO xmai_profile2field VALUES ('1', '15', '286', '0', '0');
INSERT INTO xmai_profile2field VALUES ('1', '15', '287', '0', '0');
INSERT INTO xmai_profile2field VALUES ('1', '15', '288', '0', '0');
INSERT INTO xmai_profile2field VALUES ('1', '18', '289', '0', '0');
INSERT INTO xmai_profile2field VALUES ('1', '18', '290', '0', '0');
INSERT INTO xmai_profile2field VALUES ('1', '18', '291', '0', '0');
INSERT INTO xmai_profile2field VALUES ('1', '18', '292', '0', '0');
INSERT INTO xmai_profile2field VALUES ('1', '18', '293', '0', '0');
INSERT INTO xmai_profile2field VALUES ('1', '18', '294', '0', '0');
INSERT INTO xmai_profile2field VALUES ('1', '18', '295', '0', '0');
INSERT INTO xmai_profile2field VALUES ('1', '18', '296', '0', '0');
INSERT INTO xmai_profile2field VALUES ('1', '18', '297', '0', '0');
INSERT INTO xmai_profile2field VALUES ('1', '18', '298', '0', '0');
INSERT INTO xmai_profile2field VALUES ('1', '18', '299', '0', '0');
INSERT INTO xmai_profile2field VALUES ('1', '18', '300', '0', '0');
INSERT INTO xmai_profile2field VALUES ('1', '18', '301', '0', '0');
INSERT INTO xmai_profile2field VALUES ('1', '18', '302', '0', '0');
INSERT INTO xmai_profile2field VALUES ('1', '18', '303', '0', '0');
INSERT INTO xmai_profile2field VALUES ('1', '18', '304', '0', '0');
INSERT INTO xmai_profile2field VALUES ('1', '18', '305', '0', '0');
INSERT INTO xmai_profile2field VALUES ('1', '19', '306', '0', '0');
INSERT INTO xmai_profile2field VALUES ('1', '19', '307', '0', '0');
INSERT INTO xmai_profile2field VALUES ('1', '19', '308', '0', '0');
INSERT INTO xmai_profile2field VALUES ('1', '19', '309', '0', '0');
INSERT INTO xmai_profile2field VALUES ('1', '19', '310', '0', '0');
INSERT INTO xmai_profile2field VALUES ('1', '19', '311', '0', '0');
INSERT INTO xmai_profile2field VALUES ('1', '19', '312', '0', '0');
INSERT INTO xmai_profile2field VALUES ('1', '19', '313', '0', '0');
INSERT INTO xmai_profile2field VALUES ('1', '20', '314', '0', '0');
INSERT INTO xmai_profile2field VALUES ('1', '20', '315', '0', '0');
INSERT INTO xmai_profile2field VALUES ('1', '20', '316', '0', '0');
INSERT INTO xmai_profile2field VALUES ('1', '20', '317', '0', '0');
INSERT INTO xmai_profile2field VALUES ('1', '20', '318', '0', '0');
INSERT INTO xmai_profile2field VALUES ('1', '20', '319', '0', '0');
INSERT INTO xmai_profile2field VALUES ('1', '20', '320', '0', '0');
INSERT INTO xmai_profile2field VALUES ('1', '20', '321', '0', '0');
INSERT INTO xmai_profile2field VALUES ('1', '20', '322', '0', '0');
INSERT INTO xmai_profile2field VALUES ('1', '20', '323', '0', '0');
INSERT INTO xmai_profile2field VALUES ('1', '20', '324', '0', '0');
INSERT INTO xmai_profile2field VALUES ('1', '20', '325', '0', '0');
INSERT INTO xmai_profile2field VALUES ('1', '20', '326', '0', '0');
INSERT INTO xmai_profile2field VALUES ('1', '20', '327', '0', '0');
INSERT INTO xmai_profile2field VALUES ('1', '20', '328', '0', '0');
INSERT INTO xmai_profile2field VALUES ('1', '20', '329', '0', '0');
INSERT INTO xmai_profile2field VALUES ('1', '20', '330', '0', '0');
INSERT INTO xmai_profile2field VALUES ('1', '20', '331', '0', '0');
INSERT INTO xmai_profile2field VALUES ('1', '20', '332', '0', '0');
INSERT INTO xmai_profile2field VALUES ('1', '20', '333', '0', '0');
INSERT INTO xmai_profile2field VALUES ('1', '20', '334', '0', '0');
INSERT INTO xmai_profile2field VALUES ('1', '20', '335', '0', '0');
INSERT INTO xmai_profile2field VALUES ('1', '20', '336', '0', '0');
INSERT INTO xmai_profile2field VALUES ('1', '20', '337', '0', '0');
INSERT INTO xmai_profile2field VALUES ('1', '20', '338', '0', '0');
INSERT INTO xmai_profile2field VALUES ('1', '20', '339', '0', '0');
INSERT INTO xmai_profile2field VALUES ('1', '20', '340', '0', '0');
INSERT INTO xmai_profile2field VALUES ('1', '20', '341', '0', '0');
INSERT INTO xmai_profile2field VALUES ('1', '20', '342', '0', '0');
INSERT INTO xmai_profile2field VALUES ('1', '20', '343', '0', '0');
INSERT INTO xmai_profile2field VALUES ('1', '20', '344', '0', '0');
INSERT INTO xmai_profile2field VALUES ('1', '20', '345', '0', '0');
INSERT INTO xmai_profile2field VALUES ('1', '20', '346', '0', '0');
INSERT INTO xmai_profile2field VALUES ('1', '20', '347', '0', '0');
INSERT INTO xmai_profile2field VALUES ('1', '20', '348', '0', '0');
INSERT INTO xmai_profile2field VALUES ('1', '20', '349', '0', '0');
INSERT INTO xmai_profile2field VALUES ('1', '20', '350', '0', '0');
INSERT INTO xmai_profile2field VALUES ('1', '21', '351', '0', '0');
INSERT INTO xmai_profile2field VALUES ('1', '21', '352', '0', '0');
INSERT INTO xmai_profile2field VALUES ('1', '21', '353', '0', '0');
INSERT INTO xmai_profile2field VALUES ('1', '21', '354', '0', '0');
INSERT INTO xmai_profile2field VALUES ('1', '21', '355', '0', '0');
INSERT INTO xmai_profile2field VALUES ('1', '21', '356', '0', '0');
INSERT INTO xmai_profile2field VALUES ('1', '21', '357', '0', '0');
INSERT INTO xmai_profile2field VALUES ('1', '21', '358', '0', '0');
INSERT INTO xmai_profile2field VALUES ('1', '21', '359', '0', '0');
INSERT INTO xmai_profile2field VALUES ('1', '21', '360', '0', '0');
INSERT INTO xmai_profile2field VALUES ('1', '21', '361', '0', '0');
INSERT INTO xmai_profile2field VALUES ('1', '21', '362', '0', '0');
INSERT INTO xmai_profile2field VALUES ('1', '21', '363', '0', '0');
INSERT INTO xmai_profile2field VALUES ('1', '21', '364', '0', '0');
INSERT INTO xmai_profile2field VALUES ('1', '21', '365', '0', '0');
INSERT INTO xmai_profile2field VALUES ('1', '21', '366', '0', '0');
INSERT INTO xmai_profile2field VALUES ('1', '21', '367', '0', '0');
INSERT INTO xmai_profile2field VALUES ('1', '21', '368', '0', '0');
INSERT INTO xmai_profile2field VALUES ('1', '21', '369', '0', '0');
INSERT INTO xmai_profile2field VALUES ('1', '21', '370', '0', '0');
INSERT INTO xmai_profile2field VALUES ('1', '21', '371', '0', '0');
INSERT INTO xmai_profile2field VALUES ('1', '21', '372', '0', '0');
INSERT INTO xmai_profile2field VALUES ('1', '21', '373', '0', '0');
INSERT INTO xmai_profile2field VALUES ('1', '21', '374', '0', '0');
INSERT INTO xmai_profile2field VALUES ('1', '21', '375', '0', '0');
INSERT INTO xmai_profile2field VALUES ('1', '21', '376', '0', '0');
INSERT INTO xmai_profile2field VALUES ('1', '21', '377', '0', '0');
INSERT INTO xmai_profile2field VALUES ('1', '21', '378', '0', '0');
INSERT INTO xmai_profile2field VALUES ('1', '21', '379', '0', '0');
INSERT INTO xmai_profile2field VALUES ('1', '21', '380', '0', '0');
INSERT INTO xmai_profile2field VALUES ('1', '21', '381', '0', '0');
INSERT INTO xmai_profile2field VALUES ('1', '21', '382', '0', '0');
INSERT INTO xmai_profile2field VALUES ('1', '21', '383', '0', '0');
INSERT INTO xmai_profile2field VALUES ('1', '21', '384', '0', '0');
INSERT INTO xmai_profile2field VALUES ('1', '21', '385', '0', '0');
INSERT INTO xmai_profile2field VALUES ('1', '21', '386', '0', '0');
INSERT INTO xmai_profile2field VALUES ('1', '21', '387', '0', '0');
INSERT INTO xmai_profile2field VALUES ('1', '21', '388', '0', '0');
INSERT INTO xmai_profile2field VALUES ('1', '22', '389', '0', '0');
INSERT INTO xmai_profile2field VALUES ('1', '22', '390', '0', '0');
INSERT INTO xmai_profile2field VALUES ('1', '22', '391', '0', '0');
INSERT INTO xmai_profile2field VALUES ('1', '22', '392', '0', '0');
INSERT INTO xmai_profile2field VALUES ('1', '22', '393', '0', '0');
INSERT INTO xmai_profile2field VALUES ('1', '22', '394', '0', '0');
INSERT INTO xmai_profile2field VALUES ('1', '22', '395', '0', '0');
INSERT INTO xmai_profile2field VALUES ('1', '22', '396', '0', '0');
INSERT INTO xmai_profile2field VALUES ('1', '22', '397', '0', '0');
INSERT INTO xmai_profile2field VALUES ('1', '22', '398', '0', '0');
INSERT INTO xmai_profile2field VALUES ('1', '22', '399', '0', '0');
INSERT INTO xmai_profile2field VALUES ('1', '22', '400', '0', '0');
INSERT INTO xmai_profile2field VALUES ('1', '22', '401', '0', '0');
INSERT INTO xmai_profile2field VALUES ('1', '22', '402', '0', '0');
INSERT INTO xmai_profile2field VALUES ('1', '22', '403', '0', '0');
INSERT INTO xmai_profile2field VALUES ('1', '22', '404', '0', '0');
INSERT INTO xmai_profile2field VALUES ('1', '22', '405', '0', '0');
INSERT INTO xmai_profile2field VALUES ('1', '22', '406', '0', '0');
INSERT INTO xmai_profile2field VALUES ('1', '22', '407', '0', '0');
INSERT INTO xmai_profile2field VALUES ('1', '22', '408', '0', '0');
INSERT INTO xmai_profile2field VALUES ('1', '22', '409', '0', '0');
INSERT INTO xmai_profile2field VALUES ('1', '22', '410', '0', '0');
INSERT INTO xmai_profile2field VALUES ('1', '22', '411', '0', '0');
INSERT INTO xmai_profile2field VALUES ('1', '22', '412', '0', '0');
INSERT INTO xmai_profile2field VALUES ('1', '22', '413', '0', '0');
INSERT INTO xmai_profile2field VALUES ('1', '22', '414', '0', '0');
INSERT INTO xmai_profile2field VALUES ('1', '22', '415', '0', '0');
INSERT INTO xmai_profile2field VALUES ('1', '22', '416', '0', '0');
INSERT INTO xmai_profile2field VALUES ('1', '22', '417', '0', '0');
INSERT INTO xmai_profile2field VALUES ('1', '22', '418', '0', '0');
INSERT INTO xmai_profile2field VALUES ('1', '22', '419', '0', '0');
INSERT INTO xmai_profile2field VALUES ('1', '22', '420', '0', '0');
INSERT INTO xmai_profile2field VALUES ('1', '22', '421', '0', '0');
INSERT INTO xmai_profile2field VALUES ('1', '22', '422', '0', '0');
INSERT INTO xmai_profile2field VALUES ('1', '22', '423', '0', '0');
INSERT INTO xmai_profile2field VALUES ('1', '22', '424', '0', '0');
INSERT INTO xmai_profile2field VALUES ('1', '22', '425', '0', '0');
INSERT INTO xmai_profile2field VALUES ('1', '22', '426', '0', '0');
INSERT INTO xmai_profile2field VALUES ('1', '22', '427', '0', '0');
INSERT INTO xmai_profile2field VALUES ('1', '22', '428', '0', '0');
INSERT INTO xmai_profile2field VALUES ('1', '22', '429', '0', '0');
INSERT INTO xmai_profile2field VALUES ('1', '22', '430', '0', '0');
INSERT INTO xmai_profile2field VALUES ('1', '22', '431', '0', '0');
INSERT INTO xmai_profile2field VALUES ('1', '22', '432', '0', '0');
INSERT INTO xmai_profile2field VALUES ('1', '22', '433', '0', '0');
INSERT INTO xmai_profile2field VALUES ('1', '22', '434', '0', '0');
INSERT INTO xmai_profile2field VALUES ('1', '22', '435', '0', '0');
INSERT INTO xmai_profile2field VALUES ('1', '23', '436', '0', '0');
INSERT INTO xmai_profile2field VALUES ('1', '23', '437', '0', '0');
INSERT INTO xmai_profile2field VALUES ('1', '23', '438', '0', '0');
INSERT INTO xmai_profile2field VALUES ('1', '23', '439', '0', '0');
INSERT INTO xmai_profile2field VALUES ('1', '23', '440', '0', '0');
INSERT INTO xmai_profile2field VALUES ('1', '23', '441', '0', '0');
INSERT INTO xmai_profile2field VALUES ('1', '23', '442', '0', '0');
INSERT INTO xmai_profile2field VALUES ('1', '23', '443', '0', '0');
INSERT INTO xmai_profile2field VALUES ('1', '23', '444', '0', '0');
INSERT INTO xmai_profile2field VALUES ('1', '23', '445', '0', '0');
INSERT INTO xmai_profile2field VALUES ('1', '23', '446', '0', '0');
INSERT INTO xmai_profile2field VALUES ('1', '23', '447', '0', '0');
INSERT INTO xmai_profile2field VALUES ('1', '23', '448', '0', '0');
INSERT INTO xmai_profile2field VALUES ('1', '23', '449', '0', '0');
INSERT INTO xmai_profile2field VALUES ('1', '23', '450', '0', '0');
INSERT INTO xmai_profile2field VALUES ('1', '23', '451', '0', '0');
INSERT INTO xmai_profile2field VALUES ('1', '23', '452', '0', '0');
INSERT INTO xmai_profile2field VALUES ('1', '23', '453', '0', '0');
INSERT INTO xmai_profile2field VALUES ('1', '23', '454', '0', '0');
INSERT INTO xmai_profile2field VALUES ('1', '23', '455', '0', '0');
INSERT INTO xmai_profile2field VALUES ('1', '23', '456', '0', '0');
INSERT INTO xmai_profile2field VALUES ('1', '23', '457', '0', '0');
INSERT INTO xmai_profile2field VALUES ('1', '23', '458', '0', '0');
INSERT INTO xmai_profile2field VALUES ('1', '23', '459', '0', '0');
INSERT INTO xmai_profile2field VALUES ('1', '23', '460', '0', '0');
INSERT INTO xmai_profile2field VALUES ('1', '23', '461', '0', '0');
INSERT INTO xmai_profile2field VALUES ('1', '23', '462', '0', '0');
INSERT INTO xmai_profile2field VALUES ('1', '23', '463', '0', '0');
INSERT INTO xmai_profile2field VALUES ('1', '23', '464', '0', '0');
INSERT INTO xmai_profile2field VALUES ('1', '23', '465', '0', '0');
INSERT INTO xmai_profile2field VALUES ('1', '23', '466', '0', '0');
INSERT INTO xmai_profile2field VALUES ('1', '23', '467', '0', '0');
INSERT INTO xmai_profile2field VALUES ('1', '23', '468', '0', '0');
INSERT INTO xmai_profile2field VALUES ('1', '23', '469', '0', '0');
INSERT INTO xmai_profile2field VALUES ('1', '23', '470', '0', '0');
INSERT INTO xmai_profile2field VALUES ('1', '23', '471', '0', '0');
INSERT INTO xmai_profile2field VALUES ('1', '23', '472', '0', '0');
INSERT INTO xmai_profile2field VALUES ('1', '23', '473', '0', '0');
INSERT INTO xmai_profile2field VALUES ('1', '23', '474', '0', '0');
INSERT INTO xmai_profile2field VALUES ('1', '10', '519', '0', '0');
INSERT INTO xmai_profile2field VALUES ('1', '10', '520', '0', '0');
INSERT INTO xmai_profile2field VALUES ('1', '10', '521', '0', '0');
INSERT INTO xmai_profile2field VALUES ('1', '10', '522', '0', '0');
INSERT INTO xmai_profile2field VALUES ('1', '10', '523', '0', '0');
INSERT INTO xmai_profile2field VALUES ('1', '10', '524', '0', '0');
INSERT INTO xmai_profile2field VALUES ('1', '36', '525', '0', '0');
INSERT INTO xmai_profile2field VALUES ('1', '36', '526', '0', '0');
INSERT INTO xmai_profile2field VALUES ('1', '36', '527', '0', '0');
INSERT INTO xmai_profile2field VALUES ('1', '36', '528', '0', '0');
INSERT INTO xmai_profile2field VALUES ('1', '37', '531', '0', '0');
INSERT INTO xmai_profile2field VALUES ('1', '37', '532', '0', '0');
INSERT INTO xmai_profile2field VALUES ('1', '37', '533', '0', '0');
INSERT INTO xmai_profile2field VALUES ('1', '37', '534', '0', '0');
INSERT INTO xmai_profile2field VALUES ('1', '37', '535', '0', '0');
INSERT INTO xmai_profile2field VALUES ('1', '37', '536', '0', '0');
INSERT INTO xmai_profile2field VALUES ('1', '37', '537', '0', '0');
INSERT INTO xmai_profile2field VALUES ('1', '37', '538', '0', '0');
INSERT INTO xmai_profile2field VALUES ('1', '37', '539', '0', '0');
INSERT INTO xmai_profile2field VALUES ('1', '37', '540', '0', '0');
INSERT INTO xmai_profile2field VALUES ('1', '37', '541', '0', '0');
INSERT INTO xmai_profile2field VALUES ('1', '37', '542', '0', '0');
INSERT INTO xmai_profile2field VALUES ('1', '37', '543', '0', '0');
INSERT INTO xmai_profile2field VALUES ('1', '37', '544', '0', '0');
INSERT INTO xmai_profile2field VALUES ('1', '37', '545', '0', '0');
INSERT INTO xmai_profile2field VALUES ('1', '37', '546', '0', '0');
INSERT INTO xmai_profile2field VALUES ('1', '37', '547', '0', '0');
INSERT INTO xmai_profile2field VALUES ('1', '37', '548', '0', '0');
INSERT INTO xmai_profile2field VALUES ('1', '37', '549', '0', '0');
INSERT INTO xmai_profile2field VALUES ('1', '38', '550', '0', '0');
INSERT INTO xmai_profile2field VALUES ('1', '38', '551', '0', '0');
INSERT INTO xmai_profile2field VALUES ('1', '38', '552', '0', '0');
INSERT INTO xmai_profile2field VALUES ('1', '38', '553', '0', '0');
INSERT INTO xmai_profile2field VALUES ('1', '38', '554', '0', '0');
INSERT INTO xmai_profile2field VALUES ('1', '38', '555', '0', '0');
INSERT INTO xmai_profile2field VALUES ('1', '38', '556', '0', '0');
INSERT INTO xmai_profile2field VALUES ('1', '38', '557', '0', '0');
INSERT INTO xmai_profile2field VALUES ('1', '38', '558', '0', '0');
INSERT INTO xmai_profile2field VALUES ('1', '38', '559', '0', '0');
INSERT INTO xmai_profile2field VALUES ('1', '38', '560', '0', '0');
INSERT INTO xmai_profile2field VALUES ('1', '38', '561', '0', '0');
INSERT INTO xmai_profile2field VALUES ('1', '38', '562', '0', '0');
INSERT INTO xmai_profile2field VALUES ('1', '38', '563', '0', '0');
INSERT INTO xmai_profile2field VALUES ('1', '38', '564', '0', '0');
INSERT INTO xmai_profile2field VALUES ('1', '38', '565', '0', '0');
INSERT INTO xmai_profile2field VALUES ('1', '38', '566', '0', '0');
INSERT INTO xmai_profile2field VALUES ('1', '38', '567', '0', '0');
INSERT INTO xmai_profile2field VALUES ('1', '38', '568', '0', '0');
INSERT INTO xmai_profile2field VALUES ('1', '41', '569', '0', '0');
INSERT INTO xmai_profile2field VALUES ('1', '41', '570', '0', '0');
INSERT INTO xmai_profile2field VALUES ('1', '41', '571', '0', '0');
INSERT INTO xmai_profile2field VALUES ('1', '41', '572', '0', '0');
INSERT INTO xmai_profile2field VALUES ('1', '41', '573', '0', '0');
INSERT INTO xmai_profile2field VALUES ('1', '41', '574', '0', '0');
INSERT INTO xmai_profile2field VALUES ('1', '41', '575', '0', '0');
INSERT INTO xmai_profile2field VALUES ('1', '41', '576', '0', '0');
INSERT INTO xmai_profile2field VALUES ('1', '41', '577', '0', '0');
INSERT INTO xmai_profile2field VALUES ('1', '41', '578', '0', '0');
INSERT INTO xmai_profile2field VALUES ('1', '41', '579', '0', '0');
INSERT INTO xmai_profile2field VALUES ('1', '41', '580', '0', '0');
INSERT INTO xmai_profile2field VALUES ('1', '41', '581', '0', '0');
INSERT INTO xmai_profile2field VALUES ('1', '41', '582', '0', '0');
INSERT INTO xmai_profile2field VALUES ('1', '41', '583', '0', '0');
INSERT INTO xmai_profile2field VALUES ('1', '41', '584', '0', '0');
INSERT INTO xmai_profile2field VALUES ('1', '41', '585', '0', '0');
INSERT INTO xmai_profile2field VALUES ('1', '45', '586', '0', '0');
INSERT INTO xmai_profile2field VALUES ('1', '45', '587', '0', '0');
INSERT INTO xmai_profile2field VALUES ('1', '45', '588', '0', '0');
INSERT INTO xmai_profile2field VALUES ('1', '45', '589', '0', '0');
INSERT INTO xmai_profile2field VALUES ('1', '45', '590', '0', '0');
INSERT INTO xmai_profile2field VALUES ('1', '45', '591', '0', '0');
INSERT INTO xmai_profile2field VALUES ('1', '45', '592', '0', '0');
INSERT INTO xmai_profile2field VALUES ('1', '46', '593', '0', '0');
INSERT INTO xmai_profile2field VALUES ('1', '46', '594', '0', '0');
INSERT INTO xmai_profile2field VALUES ('1', '46', '595', '0', '0');
INSERT INTO xmai_profile2field VALUES ('1', '46', '596', '0', '0');
INSERT INTO xmai_profile2field VALUES ('1', '46', '597', '0', '0');
INSERT INTO xmai_profile2field VALUES ('1', '46', '598', '0', '0');
INSERT INTO xmai_profile2field VALUES ('1', '46', '599', '0', '0');
INSERT INTO xmai_profile2field VALUES ('1', '46', '600', '0', '0');
INSERT INTO xmai_profile2field VALUES ('1', '46', '601', '0', '0');
INSERT INTO xmai_profile2field VALUES ('1', '46', '602', '0', '0');
INSERT INTO xmai_profile2field VALUES ('1', '47', '603', '0', '0');
INSERT INTO xmai_profile2field VALUES ('1', '47', '604', '0', '0');
INSERT INTO xmai_profile2field VALUES ('1', '47', '605', '0', '0');
INSERT INTO xmai_profile2field VALUES ('1', '47', '606', '0', '0');
INSERT INTO xmai_profile2field VALUES ('1', '47', '607', '0', '0');
INSERT INTO xmai_profile2field VALUES ('1', '47', '608', '0', '0');
INSERT INTO xmai_profile2field VALUES ('1', '47', '609', '0', '0');
INSERT INTO xmai_profile2field VALUES ('1', '47', '610', '0', '0');
INSERT INTO xmai_profile2field VALUES ('1', '47', '611', '0', '0');
INSERT INTO xmai_profile2field VALUES ('1', '47', '612', '0', '0');
INSERT INTO xmai_profile2field VALUES ('1', '47', '613', '0', '0');
INSERT INTO xmai_profile2field VALUES ('1', '47', '614', '0', '0');
INSERT INTO xmai_profile2field VALUES ('1', '47', '615', '0', '0');
INSERT INTO xmai_profile2field VALUES ('1', '47', '616', '0', '0');
INSERT INTO xmai_profile2field VALUES ('1', '47', '617', '0', '0');
INSERT INTO xmai_profile2field VALUES ('1', '48', '618', '0', '0');
INSERT INTO xmai_profile2field VALUES ('1', '48', '619', '0', '0');
INSERT INTO xmai_profile2field VALUES ('1', '48', '620', '0', '0');
INSERT INTO xmai_profile2field VALUES ('1', '48', '621', '0', '0');
INSERT INTO xmai_profile2field VALUES ('1', '48', '622', '0', '0');
INSERT INTO xmai_profile2field VALUES ('1', '48', '623', '0', '0');
INSERT INTO xmai_profile2field VALUES ('1', '48', '624', '0', '0');
INSERT INTO xmai_profile2field VALUES ('1', '48', '625', '0', '0');
INSERT INTO xmai_profile2field VALUES ('1', '48', '626', '0', '0');
INSERT INTO xmai_profile2field VALUES ('1', '48', '627', '0', '0');
INSERT INTO xmai_profile2field VALUES ('1', '48', '628', '0', '0');
INSERT INTO xmai_profile2field VALUES ('1', '48', '629', '0', '0');
INSERT INTO xmai_profile2field VALUES ('1', '48', '630', '0', '0');
INSERT INTO xmai_profile2field VALUES ('1', '48', '631', '0', '0');
INSERT INTO xmai_profile2field VALUES ('1', '48', '632', '0', '0');
INSERT INTO xmai_profile2field VALUES ('1', '48', '633', '0', '0');
INSERT INTO xmai_profile2field VALUES ('1', '48', '634', '0', '0');
INSERT INTO xmai_profile2field VALUES ('1', '50', '635', '0', '0');
INSERT INTO xmai_profile2field VALUES ('1', '50', '636', '0', '0');
INSERT INTO xmai_profile2field VALUES ('1', '50', '637', '0', '0');
INSERT INTO xmai_profile2field VALUES ('1', '50', '638', '0', '0');
INSERT INTO xmai_profile2field VALUES ('1', '50', '639', '0', '0');
INSERT INTO xmai_profile2field VALUES ('2', '6', '1', '0', '0');
INSERT INTO xmai_profile2field VALUES ('2', '6', '2', '0', '0');
INSERT INTO xmai_profile2field VALUES ('2', '6', '3', '0', '0');
INSERT INTO xmai_profile2field VALUES ('2', '6', '4', '0', '0');
INSERT INTO xmai_profile2field VALUES ('2', '6', '5', '0', '0');
INSERT INTO xmai_profile2field VALUES ('2', '6', '6', '0', '0');
INSERT INTO xmai_profile2field VALUES ('2', '6', '7', '0', '0');
INSERT INTO xmai_profile2field VALUES ('2', '6', '8', '0', '0');
INSERT INTO xmai_profile2field VALUES ('2', '6', '9', '0', '0');
INSERT INTO xmai_profile2field VALUES ('2', '6', '10', '0', '0');
INSERT INTO xmai_profile2field VALUES ('2', '6', '11', '0', '0');
INSERT INTO xmai_profile2field VALUES ('2', '6', '12', '0', '0');
INSERT INTO xmai_profile2field VALUES ('2', '6', '13', '0', '0');
INSERT INTO xmai_profile2field VALUES ('2', '6', '14', '0', '0');
INSERT INTO xmai_profile2field VALUES ('2', '6', '15', '0', '0');
INSERT INTO xmai_profile2field VALUES ('2', '6', '16', '0', '0');
INSERT INTO xmai_profile2field VALUES ('2', '6', '17', '0', '0');
INSERT INTO xmai_profile2field VALUES ('2', '6', '18', '0', '0');
INSERT INTO xmai_profile2field VALUES ('2', '6', '19', '0', '0');
INSERT INTO xmai_profile2field VALUES ('2', '6', '20', '0', '0');
INSERT INTO xmai_profile2field VALUES ('2', '6', '21', '0', '0');
INSERT INTO xmai_profile2field VALUES ('2', '6', '22', '0', '0');
INSERT INTO xmai_profile2field VALUES ('2', '6', '23', '0', '0');
INSERT INTO xmai_profile2field VALUES ('2', '6', '24', '0', '0');
INSERT INTO xmai_profile2field VALUES ('2', '6', '25', '0', '0');
INSERT INTO xmai_profile2field VALUES ('2', '6', '26', '0', '0');
INSERT INTO xmai_profile2field VALUES ('2', '6', '27', '0', '0');
INSERT INTO xmai_profile2field VALUES ('2', '6', '28', '0', '0');
INSERT INTO xmai_profile2field VALUES ('2', '6', '29', '0', '0');
INSERT INTO xmai_profile2field VALUES ('2', '6', '30', '0', '0');
INSERT INTO xmai_profile2field VALUES ('2', '6', '31', '0', '0');
INSERT INTO xmai_profile2field VALUES ('2', '6', '32', '0', '0');
INSERT INTO xmai_profile2field VALUES ('2', '6', '33', '0', '0');
INSERT INTO xmai_profile2field VALUES ('2', '6', '34', '0', '0');
INSERT INTO xmai_profile2field VALUES ('2', '6', '35', '0', '0');
INSERT INTO xmai_profile2field VALUES ('2', '6', '36', '0', '0');
INSERT INTO xmai_profile2field VALUES ('2', '7', '37', '0', '0');
INSERT INTO xmai_profile2field VALUES ('2', '7', '38', '0', '0');
INSERT INTO xmai_profile2field VALUES ('2', '7', '39', '0', '0');
INSERT INTO xmai_profile2field VALUES ('2', '7', '40', '0', '0');
INSERT INTO xmai_profile2field VALUES ('2', '7', '41', '0', '0');
INSERT INTO xmai_profile2field VALUES ('2', '7', '42', '0', '0');
INSERT INTO xmai_profile2field VALUES ('2', '7', '43', '0', '0');
INSERT INTO xmai_profile2field VALUES ('2', '7', '44', '0', '0');
INSERT INTO xmai_profile2field VALUES ('2', '7', '45', '0', '0');
INSERT INTO xmai_profile2field VALUES ('2', '7', '46', '0', '0');
INSERT INTO xmai_profile2field VALUES ('2', '7', '47', '0', '0');
INSERT INTO xmai_profile2field VALUES ('2', '7', '48', '0', '0');
INSERT INTO xmai_profile2field VALUES ('2', '7', '49', '0', '0');
INSERT INTO xmai_profile2field VALUES ('2', '7', '50', '0', '0');
INSERT INTO xmai_profile2field VALUES ('2', '7', '51', '0', '0');
INSERT INTO xmai_profile2field VALUES ('2', '7', '52', '0', '0');
INSERT INTO xmai_profile2field VALUES ('2', '7', '53', '0', '0');
INSERT INTO xmai_profile2field VALUES ('2', '7', '54', '0', '0');
INSERT INTO xmai_profile2field VALUES ('2', '7', '55', '0', '0');
INSERT INTO xmai_profile2field VALUES ('2', '7', '56', '0', '0');
INSERT INTO xmai_profile2field VALUES ('2', '7', '57', '0', '0');
INSERT INTO xmai_profile2field VALUES ('2', '7', '58', '0', '0');
INSERT INTO xmai_profile2field VALUES ('2', '7', '59', '0', '0');
INSERT INTO xmai_profile2field VALUES ('2', '7', '60', '0', '0');
INSERT INTO xmai_profile2field VALUES ('2', '7', '61', '0', '0');
INSERT INTO xmai_profile2field VALUES ('2', '7', '62', '0', '0');
INSERT INTO xmai_profile2field VALUES ('2', '7', '63', '0', '0');
INSERT INTO xmai_profile2field VALUES ('2', '7', '64', '0', '0');
INSERT INTO xmai_profile2field VALUES ('2', '7', '65', '0', '0');
INSERT INTO xmai_profile2field VALUES ('2', '4', '66', '0', '0');
INSERT INTO xmai_profile2field VALUES ('2', '4', '67', '0', '0');
INSERT INTO xmai_profile2field VALUES ('2', '4', '68', '0', '0');
INSERT INTO xmai_profile2field VALUES ('2', '4', '69', '0', '0');
INSERT INTO xmai_profile2field VALUES ('2', '4', '70', '0', '0');
INSERT INTO xmai_profile2field VALUES ('2', '4', '71', '0', '0');
INSERT INTO xmai_profile2field VALUES ('2', '4', '72', '0', '0');
INSERT INTO xmai_profile2field VALUES ('2', '4', '73', '0', '0');
INSERT INTO xmai_profile2field VALUES ('2', '4', '74', '0', '0');
INSERT INTO xmai_profile2field VALUES ('2', '4', '75', '0', '0');
INSERT INTO xmai_profile2field VALUES ('2', '4', '76', '0', '0');
INSERT INTO xmai_profile2field VALUES ('2', '4', '77', '0', '0');
INSERT INTO xmai_profile2field VALUES ('2', '4', '78', '0', '0');
INSERT INTO xmai_profile2field VALUES ('2', '4', '79', '0', '0');
INSERT INTO xmai_profile2field VALUES ('2', '4', '80', '0', '0');
INSERT INTO xmai_profile2field VALUES ('2', '4', '81', '0', '0');
INSERT INTO xmai_profile2field VALUES ('2', '4', '82', '0', '0');
INSERT INTO xmai_profile2field VALUES ('2', '4', '83', '0', '0');
INSERT INTO xmai_profile2field VALUES ('2', '4', '84', '0', '0');
INSERT INTO xmai_profile2field VALUES ('2', '4', '85', '0', '0');
INSERT INTO xmai_profile2field VALUES ('2', '4', '86', '0', '0');
INSERT INTO xmai_profile2field VALUES ('2', '4', '87', '0', '0');
INSERT INTO xmai_profile2field VALUES ('2', '4', '88', '0', '0');
INSERT INTO xmai_profile2field VALUES ('2', '4', '89', '0', '0');
INSERT INTO xmai_profile2field VALUES ('2', '4', '90', '0', '0');
INSERT INTO xmai_profile2field VALUES ('2', '4', '91', '0', '0');
INSERT INTO xmai_profile2field VALUES ('2', '4', '92', '0', '0');
INSERT INTO xmai_profile2field VALUES ('2', '4', '93', '0', '0');
INSERT INTO xmai_profile2field VALUES ('2', '4', '94', '0', '0');
INSERT INTO xmai_profile2field VALUES ('2', '4', '95', '0', '0');
INSERT INTO xmai_profile2field VALUES ('2', '4', '96', '0', '0');
INSERT INTO xmai_profile2field VALUES ('2', '4', '97', '0', '0');
INSERT INTO xmai_profile2field VALUES ('2', '4', '98', '0', '0');
INSERT INTO xmai_profile2field VALUES ('2', '4', '99', '0', '0');
INSERT INTO xmai_profile2field VALUES ('2', '4', '100', '0', '0');
INSERT INTO xmai_profile2field VALUES ('2', '4', '101', '0', '0');
INSERT INTO xmai_profile2field VALUES ('2', '4', '102', '0', '0');
INSERT INTO xmai_profile2field VALUES ('2', '4', '103', '0', '0');
INSERT INTO xmai_profile2field VALUES ('2', '4', '104', '0', '0');
INSERT INTO xmai_profile2field VALUES ('2', '4', '105', '0', '0');
INSERT INTO xmai_profile2field VALUES ('2', '4', '106', '0', '0');
INSERT INTO xmai_profile2field VALUES ('2', '4', '107', '0', '0');
INSERT INTO xmai_profile2field VALUES ('2', '4', '108', '0', '0');
INSERT INTO xmai_profile2field VALUES ('2', '4', '109', '0', '0');
INSERT INTO xmai_profile2field VALUES ('2', '2', '110', '0', '0');
INSERT INTO xmai_profile2field VALUES ('2', '2', '111', '0', '0');
INSERT INTO xmai_profile2field VALUES ('2', '2', '112', '0', '0');
INSERT INTO xmai_profile2field VALUES ('2', '2', '113', '0', '0');
INSERT INTO xmai_profile2field VALUES ('2', '2', '114', '0', '0');
INSERT INTO xmai_profile2field VALUES ('2', '2', '115', '0', '0');
INSERT INTO xmai_profile2field VALUES ('2', '2', '116', '0', '0');
INSERT INTO xmai_profile2field VALUES ('2', '2', '117', '0', '0');
INSERT INTO xmai_profile2field VALUES ('2', '2', '118', '0', '0');
INSERT INTO xmai_profile2field VALUES ('2', '2', '119', '0', '0');
INSERT INTO xmai_profile2field VALUES ('2', '2', '120', '0', '0');
INSERT INTO xmai_profile2field VALUES ('2', '2', '121', '0', '0');
INSERT INTO xmai_profile2field VALUES ('2', '2', '122', '0', '0');
INSERT INTO xmai_profile2field VALUES ('2', '2', '123', '0', '0');
INSERT INTO xmai_profile2field VALUES ('2', '2', '124', '0', '0');
INSERT INTO xmai_profile2field VALUES ('2', '2', '125', '0', '0');
INSERT INTO xmai_profile2field VALUES ('2', '26', '126', '0', '0');
INSERT INTO xmai_profile2field VALUES ('2', '26', '127', '0', '0');
INSERT INTO xmai_profile2field VALUES ('2', '26', '128', '0', '0');
INSERT INTO xmai_profile2field VALUES ('2', '26', '129', '0', '0');
INSERT INTO xmai_profile2field VALUES ('2', '26', '130', '0', '0');
INSERT INTO xmai_profile2field VALUES ('2', '26', '131', '0', '0');
INSERT INTO xmai_profile2field VALUES ('2', '26', '132', '0', '0');
INSERT INTO xmai_profile2field VALUES ('2', '26', '133', '0', '0');
INSERT INTO xmai_profile2field VALUES ('2', '26', '134', '0', '0');
INSERT INTO xmai_profile2field VALUES ('2', '26', '135', '0', '0');
INSERT INTO xmai_profile2field VALUES ('2', '26', '136', '0', '0');
INSERT INTO xmai_profile2field VALUES ('2', '26', '137', '0', '0');
INSERT INTO xmai_profile2field VALUES ('2', '26', '138', '0', '0');
INSERT INTO xmai_profile2field VALUES ('2', '26', '139', '0', '0');
INSERT INTO xmai_profile2field VALUES ('2', '26', '140', '0', '0');
INSERT INTO xmai_profile2field VALUES ('2', '26', '141', '0', '0');
INSERT INTO xmai_profile2field VALUES ('2', '26', '142', '0', '0');
INSERT INTO xmai_profile2field VALUES ('2', '26', '143', '0', '0');
INSERT INTO xmai_profile2field VALUES ('2', '26', '144', '0', '0');
INSERT INTO xmai_profile2field VALUES ('2', '26', '145', '0', '0');
INSERT INTO xmai_profile2field VALUES ('2', '26', '146', '0', '0');
INSERT INTO xmai_profile2field VALUES ('2', '26', '147', '0', '0');
INSERT INTO xmai_profile2field VALUES ('2', '26', '148', '0', '0');
INSERT INTO xmai_profile2field VALUES ('2', '26', '149', '0', '0');
INSERT INTO xmai_profile2field VALUES ('2', '26', '150', '0', '0');
INSERT INTO xmai_profile2field VALUES ('2', '4', '151', '0', '0');
INSERT INTO xmai_profile2field VALUES ('2', '6', '152', '0', '0');
INSERT INTO xmai_profile2field VALUES ('2', '7', '153', '0', '0');
INSERT INTO xmai_profile2field VALUES ('2', '26', '154', '0', '0');
INSERT INTO xmai_profile2field VALUES ('2', '13', '155', '0', '0');
INSERT INTO xmai_profile2field VALUES ('2', '13', '156', '0', '0');
INSERT INTO xmai_profile2field VALUES ('2', '13', '157', '0', '0');
INSERT INTO xmai_profile2field VALUES ('2', '13', '158', '0', '0');
INSERT INTO xmai_profile2field VALUES ('2', '13', '159', '0', '0');
INSERT INTO xmai_profile2field VALUES ('2', '13', '160', '0', '0');
INSERT INTO xmai_profile2field VALUES ('2', '13', '161', '0', '0');
INSERT INTO xmai_profile2field VALUES ('2', '13', '162', '0', '0');
INSERT INTO xmai_profile2field VALUES ('2', '13', '163', '0', '0');
INSERT INTO xmai_profile2field VALUES ('2', '13', '164', '0', '0');
INSERT INTO xmai_profile2field VALUES ('2', '13', '165', '0', '0');
INSERT INTO xmai_profile2field VALUES ('2', '13', '166', '0', '0');
INSERT INTO xmai_profile2field VALUES ('2', '13', '167', '0', '0');
INSERT INTO xmai_profile2field VALUES ('2', '13', '168', '0', '0');
INSERT INTO xmai_profile2field VALUES ('2', '13', '169', '0', '0');
INSERT INTO xmai_profile2field VALUES ('2', '13', '170', '0', '0');
INSERT INTO xmai_profile2field VALUES ('2', '13', '171', '0', '0');
INSERT INTO xmai_profile2field VALUES ('2', '13', '172', '0', '0');
INSERT INTO xmai_profile2field VALUES ('2', '13', '173', '0', '0');
INSERT INTO xmai_profile2field VALUES ('2', '14', '174', '0', '0');
INSERT INTO xmai_profile2field VALUES ('2', '14', '175', '0', '0');
INSERT INTO xmai_profile2field VALUES ('2', '14', '176', '0', '0');
INSERT INTO xmai_profile2field VALUES ('2', '14', '177', '0', '0');
INSERT INTO xmai_profile2field VALUES ('2', '14', '178', '0', '0');
INSERT INTO xmai_profile2field VALUES ('2', '14', '179', '0', '0');
INSERT INTO xmai_profile2field VALUES ('2', '14', '180', '0', '0');
INSERT INTO xmai_profile2field VALUES ('2', '14', '181', '0', '0');
INSERT INTO xmai_profile2field VALUES ('2', '14', '182', '0', '0');
INSERT INTO xmai_profile2field VALUES ('2', '14', '183', '0', '0');
INSERT INTO xmai_profile2field VALUES ('2', '14', '184', '0', '0');
INSERT INTO xmai_profile2field VALUES ('2', '14', '185', '0', '0');
INSERT INTO xmai_profile2field VALUES ('2', '14', '186', '0', '0');
INSERT INTO xmai_profile2field VALUES ('2', '14', '187', '0', '0');
INSERT INTO xmai_profile2field VALUES ('2', '14', '188', '0', '0');
INSERT INTO xmai_profile2field VALUES ('2', '14', '189', '0', '0');
INSERT INTO xmai_profile2field VALUES ('2', '14', '190', '0', '0');
INSERT INTO xmai_profile2field VALUES ('2', '14', '191', '0', '0');
INSERT INTO xmai_profile2field VALUES ('2', '14', '192', '0', '0');
INSERT INTO xmai_profile2field VALUES ('2', '14', '193', '0', '0');
INSERT INTO xmai_profile2field VALUES ('2', '14', '194', '0', '0');
INSERT INTO xmai_profile2field VALUES ('2', '14', '195', '0', '0');
INSERT INTO xmai_profile2field VALUES ('2', '14', '196', '0', '0');
INSERT INTO xmai_profile2field VALUES ('2', '14', '197', '0', '0');
INSERT INTO xmai_profile2field VALUES ('2', '14', '198', '0', '0');
INSERT INTO xmai_profile2field VALUES ('2', '14', '199', '0', '0');
INSERT INTO xmai_profile2field VALUES ('2', '14', '200', '0', '0');
INSERT INTO xmai_profile2field VALUES ('2', '14', '201', '0', '0');
INSERT INTO xmai_profile2field VALUES ('2', '14', '202', '0', '0');
INSERT INTO xmai_profile2field VALUES ('2', '14', '203', '0', '0');
INSERT INTO xmai_profile2field VALUES ('2', '14', '204', '0', '0');
INSERT INTO xmai_profile2field VALUES ('2', '8', '205', '0', '0');
INSERT INTO xmai_profile2field VALUES ('2', '8', '206', '0', '0');
INSERT INTO xmai_profile2field VALUES ('2', '8', '207', '0', '0');
INSERT INTO xmai_profile2field VALUES ('2', '8', '208', '0', '0');
INSERT INTO xmai_profile2field VALUES ('2', '8', '209', '0', '0');
INSERT INTO xmai_profile2field VALUES ('2', '8', '210', '0', '0');
INSERT INTO xmai_profile2field VALUES ('2', '8', '211', '0', '0');
INSERT INTO xmai_profile2field VALUES ('2', '8', '212', '0', '0');
INSERT INTO xmai_profile2field VALUES ('2', '8', '213', '0', '0');
INSERT INTO xmai_profile2field VALUES ('2', '8', '214', '0', '0');
INSERT INTO xmai_profile2field VALUES ('2', '8', '215', '0', '0');
INSERT INTO xmai_profile2field VALUES ('2', '8', '216', '0', '0');
INSERT INTO xmai_profile2field VALUES ('2', '8', '217', '0', '0');
INSERT INTO xmai_profile2field VALUES ('2', '8', '218', '0', '0');
INSERT INTO xmai_profile2field VALUES ('2', '8', '219', '0', '0');
INSERT INTO xmai_profile2field VALUES ('2', '10', '220', '0', '0');
INSERT INTO xmai_profile2field VALUES ('2', '10', '221', '0', '0');
INSERT INTO xmai_profile2field VALUES ('2', '10', '222', '0', '0');
INSERT INTO xmai_profile2field VALUES ('2', '10', '223', '0', '0');
INSERT INTO xmai_profile2field VALUES ('2', '10', '224', '0', '0');
INSERT INTO xmai_profile2field VALUES ('2', '10', '225', '0', '0');
INSERT INTO xmai_profile2field VALUES ('2', '10', '226', '0', '0');
INSERT INTO xmai_profile2field VALUES ('2', '10', '227', '0', '0');
INSERT INTO xmai_profile2field VALUES ('2', '10', '228', '0', '0');
INSERT INTO xmai_profile2field VALUES ('2', '10', '229', '0', '0');
INSERT INTO xmai_profile2field VALUES ('2', '10', '230', '0', '0');
INSERT INTO xmai_profile2field VALUES ('2', '10', '231', '0', '0');
INSERT INTO xmai_profile2field VALUES ('2', '9', '232', '0', '0');
INSERT INTO xmai_profile2field VALUES ('2', '9', '233', '0', '0');
INSERT INTO xmai_profile2field VALUES ('2', '9', '234', '0', '0');
INSERT INTO xmai_profile2field VALUES ('2', '9', '235', '0', '0');
INSERT INTO xmai_profile2field VALUES ('2', '9', '236', '0', '0');
INSERT INTO xmai_profile2field VALUES ('2', '9', '237', '0', '0');
INSERT INTO xmai_profile2field VALUES ('2', '9', '238', '0', '0');
INSERT INTO xmai_profile2field VALUES ('2', '9', '239', '0', '0');
INSERT INTO xmai_profile2field VALUES ('2', '9', '240', '0', '0');
INSERT INTO xmai_profile2field VALUES ('2', '9', '241', '0', '0');
INSERT INTO xmai_profile2field VALUES ('2', '9', '242', '0', '0');
INSERT INTO xmai_profile2field VALUES ('2', '9', '243', '0', '0');
INSERT INTO xmai_profile2field VALUES ('2', '9', '244', '0', '0');
INSERT INTO xmai_profile2field VALUES ('2', '9', '245', '0', '0');
INSERT INTO xmai_profile2field VALUES ('2', '9', '246', '0', '0');
INSERT INTO xmai_profile2field VALUES ('2', '9', '247', '0', '0');
INSERT INTO xmai_profile2field VALUES ('2', '9', '248', '0', '0');
INSERT INTO xmai_profile2field VALUES ('2', '9', '249', '0', '0');
INSERT INTO xmai_profile2field VALUES ('2', '9', '250', '0', '0');
INSERT INTO xmai_profile2field VALUES ('2', '9', '251', '0', '0');
INSERT INTO xmai_profile2field VALUES ('2', '9', '252', '0', '0');
INSERT INTO xmai_profile2field VALUES ('2', '9', '253', '0', '0');
INSERT INTO xmai_profile2field VALUES ('2', '9', '254', '0', '0');
INSERT INTO xmai_profile2field VALUES ('2', '9', '255', '0', '0');
INSERT INTO xmai_profile2field VALUES ('2', '16', '256', '0', '0');
INSERT INTO xmai_profile2field VALUES ('2', '16', '257', '0', '0');
INSERT INTO xmai_profile2field VALUES ('2', '16', '258', '0', '0');
INSERT INTO xmai_profile2field VALUES ('2', '16', '259', '0', '0');
INSERT INTO xmai_profile2field VALUES ('2', '16', '260', '0', '0');
INSERT INTO xmai_profile2field VALUES ('2', '16', '261', '0', '0');
INSERT INTO xmai_profile2field VALUES ('2', '16', '262', '0', '0');
INSERT INTO xmai_profile2field VALUES ('2', '16', '263', '0', '0');
INSERT INTO xmai_profile2field VALUES ('2', '16', '264', '0', '0');
INSERT INTO xmai_profile2field VALUES ('2', '16', '265', '0', '0');
INSERT INTO xmai_profile2field VALUES ('2', '16', '266', '0', '0');
INSERT INTO xmai_profile2field VALUES ('2', '16', '267', '0', '0');
INSERT INTO xmai_profile2field VALUES ('2', '16', '268', '0', '0');
INSERT INTO xmai_profile2field VALUES ('2', '16', '269', '0', '0');
INSERT INTO xmai_profile2field VALUES ('2', '16', '270', '0', '0');
INSERT INTO xmai_profile2field VALUES ('2', '16', '271', '0', '0');
INSERT INTO xmai_profile2field VALUES ('2', '16', '272', '0', '0');
INSERT INTO xmai_profile2field VALUES ('2', '16', '273', '0', '0');
INSERT INTO xmai_profile2field VALUES ('2', '16', '274', '0', '0');
INSERT INTO xmai_profile2field VALUES ('2', '16', '275', '0', '0');
INSERT INTO xmai_profile2field VALUES ('2', '16', '276', '0', '0');
INSERT INTO xmai_profile2field VALUES ('2', '16', '277', '0', '0');
INSERT INTO xmai_profile2field VALUES ('2', '16', '278', '0', '0');
INSERT INTO xmai_profile2field VALUES ('2', '15', '279', '0', '0');
INSERT INTO xmai_profile2field VALUES ('2', '15', '280', '0', '0');
INSERT INTO xmai_profile2field VALUES ('2', '15', '281', '0', '0');
INSERT INTO xmai_profile2field VALUES ('2', '15', '282', '0', '0');
INSERT INTO xmai_profile2field VALUES ('2', '15', '283', '0', '0');
INSERT INTO xmai_profile2field VALUES ('2', '15', '284', '0', '0');
INSERT INTO xmai_profile2field VALUES ('2', '15', '285', '0', '0');
INSERT INTO xmai_profile2field VALUES ('2', '15', '286', '0', '0');
INSERT INTO xmai_profile2field VALUES ('2', '15', '287', '0', '0');
INSERT INTO xmai_profile2field VALUES ('2', '15', '288', '0', '0');
INSERT INTO xmai_profile2field VALUES ('2', '18', '289', '0', '0');
INSERT INTO xmai_profile2field VALUES ('2', '18', '290', '0', '0');
INSERT INTO xmai_profile2field VALUES ('2', '18', '291', '0', '0');
INSERT INTO xmai_profile2field VALUES ('2', '18', '292', '0', '0');
INSERT INTO xmai_profile2field VALUES ('2', '18', '293', '0', '0');
INSERT INTO xmai_profile2field VALUES ('2', '18', '294', '0', '0');
INSERT INTO xmai_profile2field VALUES ('2', '18', '295', '0', '0');
INSERT INTO xmai_profile2field VALUES ('2', '18', '296', '0', '0');
INSERT INTO xmai_profile2field VALUES ('2', '18', '297', '0', '0');
INSERT INTO xmai_profile2field VALUES ('2', '18', '298', '0', '0');
INSERT INTO xmai_profile2field VALUES ('2', '18', '299', '0', '0');
INSERT INTO xmai_profile2field VALUES ('2', '18', '300', '0', '0');
INSERT INTO xmai_profile2field VALUES ('2', '18', '301', '0', '0');
INSERT INTO xmai_profile2field VALUES ('2', '18', '302', '0', '0');
INSERT INTO xmai_profile2field VALUES ('2', '18', '303', '0', '0');
INSERT INTO xmai_profile2field VALUES ('2', '18', '304', '0', '0');
INSERT INTO xmai_profile2field VALUES ('2', '18', '305', '0', '0');
INSERT INTO xmai_profile2field VALUES ('2', '19', '306', '0', '0');
INSERT INTO xmai_profile2field VALUES ('2', '19', '307', '0', '0');
INSERT INTO xmai_profile2field VALUES ('2', '19', '308', '0', '0');
INSERT INTO xmai_profile2field VALUES ('2', '19', '309', '0', '0');
INSERT INTO xmai_profile2field VALUES ('2', '19', '310', '0', '0');
INSERT INTO xmai_profile2field VALUES ('2', '19', '311', '0', '0');
INSERT INTO xmai_profile2field VALUES ('2', '19', '312', '0', '0');
INSERT INTO xmai_profile2field VALUES ('2', '19', '313', '0', '0');
INSERT INTO xmai_profile2field VALUES ('2', '20', '314', '0', '0');
INSERT INTO xmai_profile2field VALUES ('2', '20', '315', '0', '0');
INSERT INTO xmai_profile2field VALUES ('2', '20', '316', '0', '0');
INSERT INTO xmai_profile2field VALUES ('2', '20', '317', '0', '0');
INSERT INTO xmai_profile2field VALUES ('2', '20', '318', '0', '0');
INSERT INTO xmai_profile2field VALUES ('2', '20', '319', '0', '0');
INSERT INTO xmai_profile2field VALUES ('2', '20', '320', '0', '0');
INSERT INTO xmai_profile2field VALUES ('2', '20', '321', '0', '0');
INSERT INTO xmai_profile2field VALUES ('2', '20', '322', '0', '0');
INSERT INTO xmai_profile2field VALUES ('2', '20', '323', '0', '0');
INSERT INTO xmai_profile2field VALUES ('2', '20', '324', '0', '0');
INSERT INTO xmai_profile2field VALUES ('2', '20', '325', '0', '0');
INSERT INTO xmai_profile2field VALUES ('2', '20', '326', '0', '0');
INSERT INTO xmai_profile2field VALUES ('2', '20', '327', '0', '0');
INSERT INTO xmai_profile2field VALUES ('2', '20', '328', '0', '0');
INSERT INTO xmai_profile2field VALUES ('2', '20', '329', '0', '0');
INSERT INTO xmai_profile2field VALUES ('2', '20', '330', '0', '0');
INSERT INTO xmai_profile2field VALUES ('2', '20', '331', '0', '0');
INSERT INTO xmai_profile2field VALUES ('2', '20', '332', '0', '0');
INSERT INTO xmai_profile2field VALUES ('2', '20', '333', '0', '0');
INSERT INTO xmai_profile2field VALUES ('2', '20', '334', '0', '0');
INSERT INTO xmai_profile2field VALUES ('2', '20', '335', '0', '0');
INSERT INTO xmai_profile2field VALUES ('2', '20', '336', '0', '0');
INSERT INTO xmai_profile2field VALUES ('2', '20', '337', '0', '0');
INSERT INTO xmai_profile2field VALUES ('2', '20', '338', '0', '0');
INSERT INTO xmai_profile2field VALUES ('2', '20', '339', '0', '0');
INSERT INTO xmai_profile2field VALUES ('2', '20', '340', '0', '0');
INSERT INTO xmai_profile2field VALUES ('2', '20', '341', '0', '0');
INSERT INTO xmai_profile2field VALUES ('2', '20', '342', '0', '0');
INSERT INTO xmai_profile2field VALUES ('2', '20', '343', '0', '0');
INSERT INTO xmai_profile2field VALUES ('2', '20', '344', '0', '0');
INSERT INTO xmai_profile2field VALUES ('2', '20', '345', '0', '0');
INSERT INTO xmai_profile2field VALUES ('2', '20', '346', '0', '0');
INSERT INTO xmai_profile2field VALUES ('2', '20', '347', '0', '0');
INSERT INTO xmai_profile2field VALUES ('2', '20', '348', '0', '0');
INSERT INTO xmai_profile2field VALUES ('2', '20', '349', '0', '0');
INSERT INTO xmai_profile2field VALUES ('2', '20', '350', '0', '0');
INSERT INTO xmai_profile2field VALUES ('2', '21', '351', '0', '0');
INSERT INTO xmai_profile2field VALUES ('2', '21', '352', '0', '0');
INSERT INTO xmai_profile2field VALUES ('2', '21', '353', '0', '0');
INSERT INTO xmai_profile2field VALUES ('2', '21', '354', '0', '0');
INSERT INTO xmai_profile2field VALUES ('2', '21', '355', '0', '0');
INSERT INTO xmai_profile2field VALUES ('2', '21', '356', '0', '0');
INSERT INTO xmai_profile2field VALUES ('2', '21', '357', '0', '0');
INSERT INTO xmai_profile2field VALUES ('2', '21', '358', '0', '0');
INSERT INTO xmai_profile2field VALUES ('2', '21', '359', '0', '0');
INSERT INTO xmai_profile2field VALUES ('2', '21', '360', '0', '0');
INSERT INTO xmai_profile2field VALUES ('2', '21', '361', '0', '0');
INSERT INTO xmai_profile2field VALUES ('2', '21', '362', '0', '0');
INSERT INTO xmai_profile2field VALUES ('2', '21', '363', '0', '0');
INSERT INTO xmai_profile2field VALUES ('2', '21', '364', '0', '0');
INSERT INTO xmai_profile2field VALUES ('2', '21', '365', '0', '0');
INSERT INTO xmai_profile2field VALUES ('2', '21', '366', '0', '0');
INSERT INTO xmai_profile2field VALUES ('2', '21', '367', '0', '0');
INSERT INTO xmai_profile2field VALUES ('2', '21', '368', '0', '0');
INSERT INTO xmai_profile2field VALUES ('2', '21', '369', '0', '0');
INSERT INTO xmai_profile2field VALUES ('2', '21', '370', '0', '0');
INSERT INTO xmai_profile2field VALUES ('2', '21', '371', '0', '0');
INSERT INTO xmai_profile2field VALUES ('2', '21', '372', '0', '0');
INSERT INTO xmai_profile2field VALUES ('2', '21', '373', '0', '0');
INSERT INTO xmai_profile2field VALUES ('2', '21', '374', '0', '0');
INSERT INTO xmai_profile2field VALUES ('2', '21', '375', '0', '0');
INSERT INTO xmai_profile2field VALUES ('2', '21', '376', '0', '0');
INSERT INTO xmai_profile2field VALUES ('2', '21', '377', '0', '0');
INSERT INTO xmai_profile2field VALUES ('2', '21', '378', '0', '0');
INSERT INTO xmai_profile2field VALUES ('2', '21', '379', '0', '0');
INSERT INTO xmai_profile2field VALUES ('2', '21', '380', '0', '0');
INSERT INTO xmai_profile2field VALUES ('2', '21', '381', '0', '0');
INSERT INTO xmai_profile2field VALUES ('2', '21', '382', '0', '0');
INSERT INTO xmai_profile2field VALUES ('2', '21', '383', '0', '0');
INSERT INTO xmai_profile2field VALUES ('2', '21', '384', '0', '0');
INSERT INTO xmai_profile2field VALUES ('2', '21', '385', '0', '0');
INSERT INTO xmai_profile2field VALUES ('2', '21', '386', '0', '0');
INSERT INTO xmai_profile2field VALUES ('2', '21', '387', '0', '0');
INSERT INTO xmai_profile2field VALUES ('2', '21', '388', '0', '0');
INSERT INTO xmai_profile2field VALUES ('2', '22', '389', '0', '0');
INSERT INTO xmai_profile2field VALUES ('2', '22', '390', '0', '0');
INSERT INTO xmai_profile2field VALUES ('2', '22', '391', '0', '0');
INSERT INTO xmai_profile2field VALUES ('2', '22', '392', '0', '0');
INSERT INTO xmai_profile2field VALUES ('2', '22', '393', '0', '0');
INSERT INTO xmai_profile2field VALUES ('2', '22', '394', '0', '0');
INSERT INTO xmai_profile2field VALUES ('2', '22', '395', '0', '0');
INSERT INTO xmai_profile2field VALUES ('2', '22', '396', '0', '0');
INSERT INTO xmai_profile2field VALUES ('2', '22', '397', '0', '0');
INSERT INTO xmai_profile2field VALUES ('2', '22', '398', '0', '0');
INSERT INTO xmai_profile2field VALUES ('2', '22', '399', '0', '0');
INSERT INTO xmai_profile2field VALUES ('2', '22', '400', '0', '0');
INSERT INTO xmai_profile2field VALUES ('2', '22', '401', '0', '0');
INSERT INTO xmai_profile2field VALUES ('2', '22', '402', '0', '0');
INSERT INTO xmai_profile2field VALUES ('2', '22', '403', '0', '0');
INSERT INTO xmai_profile2field VALUES ('2', '22', '404', '0', '0');
INSERT INTO xmai_profile2field VALUES ('2', '22', '405', '0', '0');
INSERT INTO xmai_profile2field VALUES ('2', '22', '406', '0', '0');
INSERT INTO xmai_profile2field VALUES ('2', '22', '407', '0', '0');
INSERT INTO xmai_profile2field VALUES ('2', '22', '408', '0', '0');
INSERT INTO xmai_profile2field VALUES ('2', '22', '409', '0', '0');
INSERT INTO xmai_profile2field VALUES ('2', '22', '410', '0', '0');
INSERT INTO xmai_profile2field VALUES ('2', '22', '411', '0', '0');
INSERT INTO xmai_profile2field VALUES ('2', '22', '412', '0', '0');
INSERT INTO xmai_profile2field VALUES ('2', '22', '413', '0', '0');
INSERT INTO xmai_profile2field VALUES ('2', '22', '414', '0', '0');
INSERT INTO xmai_profile2field VALUES ('2', '22', '415', '0', '0');
INSERT INTO xmai_profile2field VALUES ('2', '22', '416', '0', '0');
INSERT INTO xmai_profile2field VALUES ('2', '22', '417', '0', '0');
INSERT INTO xmai_profile2field VALUES ('2', '22', '418', '0', '0');
INSERT INTO xmai_profile2field VALUES ('2', '22', '419', '0', '0');
INSERT INTO xmai_profile2field VALUES ('2', '22', '420', '0', '0');
INSERT INTO xmai_profile2field VALUES ('2', '22', '421', '0', '0');
INSERT INTO xmai_profile2field VALUES ('2', '22', '422', '0', '0');
INSERT INTO xmai_profile2field VALUES ('2', '22', '423', '0', '0');
INSERT INTO xmai_profile2field VALUES ('2', '22', '424', '0', '0');
INSERT INTO xmai_profile2field VALUES ('2', '22', '425', '0', '0');
INSERT INTO xmai_profile2field VALUES ('2', '22', '426', '0', '0');
INSERT INTO xmai_profile2field VALUES ('2', '22', '427', '0', '0');
INSERT INTO xmai_profile2field VALUES ('2', '22', '428', '0', '0');
INSERT INTO xmai_profile2field VALUES ('2', '22', '429', '0', '0');
INSERT INTO xmai_profile2field VALUES ('2', '22', '430', '0', '0');
INSERT INTO xmai_profile2field VALUES ('2', '22', '431', '0', '0');
INSERT INTO xmai_profile2field VALUES ('2', '22', '432', '0', '0');
INSERT INTO xmai_profile2field VALUES ('2', '22', '433', '0', '0');
INSERT INTO xmai_profile2field VALUES ('2', '22', '434', '0', '0');
INSERT INTO xmai_profile2field VALUES ('2', '22', '435', '0', '0');
INSERT INTO xmai_profile2field VALUES ('2', '23', '436', '0', '0');
INSERT INTO xmai_profile2field VALUES ('2', '23', '437', '0', '0');
INSERT INTO xmai_profile2field VALUES ('2', '23', '438', '0', '0');
INSERT INTO xmai_profile2field VALUES ('2', '23', '439', '0', '0');
INSERT INTO xmai_profile2field VALUES ('2', '23', '440', '0', '0');
INSERT INTO xmai_profile2field VALUES ('2', '23', '441', '0', '0');
INSERT INTO xmai_profile2field VALUES ('2', '23', '442', '0', '0');
INSERT INTO xmai_profile2field VALUES ('2', '23', '443', '0', '0');
INSERT INTO xmai_profile2field VALUES ('2', '23', '444', '0', '0');
INSERT INTO xmai_profile2field VALUES ('2', '23', '445', '0', '0');
INSERT INTO xmai_profile2field VALUES ('2', '23', '446', '0', '0');
INSERT INTO xmai_profile2field VALUES ('2', '23', '447', '0', '0');
INSERT INTO xmai_profile2field VALUES ('2', '23', '448', '0', '0');
INSERT INTO xmai_profile2field VALUES ('2', '23', '449', '0', '0');
INSERT INTO xmai_profile2field VALUES ('2', '23', '450', '0', '0');
INSERT INTO xmai_profile2field VALUES ('2', '23', '451', '0', '0');
INSERT INTO xmai_profile2field VALUES ('2', '23', '452', '0', '0');
INSERT INTO xmai_profile2field VALUES ('2', '23', '453', '0', '0');
INSERT INTO xmai_profile2field VALUES ('2', '23', '454', '0', '0');
INSERT INTO xmai_profile2field VALUES ('2', '23', '455', '0', '0');
INSERT INTO xmai_profile2field VALUES ('2', '23', '456', '0', '0');
INSERT INTO xmai_profile2field VALUES ('2', '23', '457', '0', '0');
INSERT INTO xmai_profile2field VALUES ('2', '23', '458', '0', '0');
INSERT INTO xmai_profile2field VALUES ('2', '23', '459', '0', '0');
INSERT INTO xmai_profile2field VALUES ('2', '23', '460', '0', '0');
INSERT INTO xmai_profile2field VALUES ('2', '23', '461', '0', '0');
INSERT INTO xmai_profile2field VALUES ('2', '23', '462', '0', '0');
INSERT INTO xmai_profile2field VALUES ('2', '23', '463', '0', '0');
INSERT INTO xmai_profile2field VALUES ('2', '23', '464', '0', '0');
INSERT INTO xmai_profile2field VALUES ('2', '23', '465', '0', '0');
INSERT INTO xmai_profile2field VALUES ('2', '23', '466', '0', '0');
INSERT INTO xmai_profile2field VALUES ('2', '23', '467', '0', '0');
INSERT INTO xmai_profile2field VALUES ('2', '23', '468', '0', '0');
INSERT INTO xmai_profile2field VALUES ('2', '23', '469', '0', '0');
INSERT INTO xmai_profile2field VALUES ('2', '23', '470', '0', '0');
INSERT INTO xmai_profile2field VALUES ('2', '23', '471', '0', '0');
INSERT INTO xmai_profile2field VALUES ('2', '23', '472', '0', '0');
INSERT INTO xmai_profile2field VALUES ('2', '23', '473', '0', '0');
INSERT INTO xmai_profile2field VALUES ('2', '23', '474', '0', '0');
INSERT INTO xmai_profile2field VALUES ('2', '10', '519', '0', '0');
INSERT INTO xmai_profile2field VALUES ('2', '10', '520', '0', '0');
INSERT INTO xmai_profile2field VALUES ('2', '10', '521', '0', '0');
INSERT INTO xmai_profile2field VALUES ('2', '10', '522', '0', '0');
INSERT INTO xmai_profile2field VALUES ('2', '10', '523', '0', '0');
INSERT INTO xmai_profile2field VALUES ('2', '10', '524', '0', '0');
INSERT INTO xmai_profile2field VALUES ('2', '36', '525', '0', '0');
INSERT INTO xmai_profile2field VALUES ('2', '36', '526', '0', '0');
INSERT INTO xmai_profile2field VALUES ('2', '36', '527', '0', '0');
INSERT INTO xmai_profile2field VALUES ('2', '36', '528', '0', '0');
INSERT INTO xmai_profile2field VALUES ('2', '37', '531', '0', '0');
INSERT INTO xmai_profile2field VALUES ('2', '37', '532', '0', '0');
INSERT INTO xmai_profile2field VALUES ('2', '37', '533', '0', '0');
INSERT INTO xmai_profile2field VALUES ('2', '37', '534', '0', '0');
INSERT INTO xmai_profile2field VALUES ('2', '37', '535', '0', '0');
INSERT INTO xmai_profile2field VALUES ('2', '37', '536', '0', '0');
INSERT INTO xmai_profile2field VALUES ('2', '37', '537', '0', '0');
INSERT INTO xmai_profile2field VALUES ('2', '37', '538', '0', '0');
INSERT INTO xmai_profile2field VALUES ('2', '37', '539', '0', '0');
INSERT INTO xmai_profile2field VALUES ('2', '37', '540', '0', '0');
INSERT INTO xmai_profile2field VALUES ('2', '37', '541', '0', '0');
INSERT INTO xmai_profile2field VALUES ('2', '37', '542', '0', '0');
INSERT INTO xmai_profile2field VALUES ('2', '37', '543', '0', '0');
INSERT INTO xmai_profile2field VALUES ('2', '37', '544', '0', '0');
INSERT INTO xmai_profile2field VALUES ('2', '37', '545', '0', '0');
INSERT INTO xmai_profile2field VALUES ('2', '37', '546', '0', '0');
INSERT INTO xmai_profile2field VALUES ('2', '37', '547', '0', '0');
INSERT INTO xmai_profile2field VALUES ('2', '37', '548', '0', '0');
INSERT INTO xmai_profile2field VALUES ('2', '37', '549', '0', '0');
INSERT INTO xmai_profile2field VALUES ('2', '38', '550', '0', '0');
INSERT INTO xmai_profile2field VALUES ('2', '38', '551', '0', '0');
INSERT INTO xmai_profile2field VALUES ('2', '38', '552', '0', '0');
INSERT INTO xmai_profile2field VALUES ('2', '38', '553', '0', '0');
INSERT INTO xmai_profile2field VALUES ('2', '38', '554', '0', '0');
INSERT INTO xmai_profile2field VALUES ('2', '38', '555', '0', '0');
INSERT INTO xmai_profile2field VALUES ('2', '38', '556', '0', '0');
INSERT INTO xmai_profile2field VALUES ('2', '38', '557', '0', '0');
INSERT INTO xmai_profile2field VALUES ('2', '38', '558', '0', '0');
INSERT INTO xmai_profile2field VALUES ('2', '38', '559', '0', '0');
INSERT INTO xmai_profile2field VALUES ('2', '38', '560', '0', '0');
INSERT INTO xmai_profile2field VALUES ('2', '38', '561', '0', '0');
INSERT INTO xmai_profile2field VALUES ('2', '38', '562', '0', '0');
INSERT INTO xmai_profile2field VALUES ('2', '38', '563', '0', '0');
INSERT INTO xmai_profile2field VALUES ('2', '38', '564', '0', '0');
INSERT INTO xmai_profile2field VALUES ('2', '38', '565', '0', '0');
INSERT INTO xmai_profile2field VALUES ('2', '38', '566', '0', '0');
INSERT INTO xmai_profile2field VALUES ('2', '38', '567', '0', '0');
INSERT INTO xmai_profile2field VALUES ('2', '38', '568', '0', '0');
INSERT INTO xmai_profile2field VALUES ('2', '41', '569', '0', '0');
INSERT INTO xmai_profile2field VALUES ('2', '41', '570', '0', '0');
INSERT INTO xmai_profile2field VALUES ('2', '41', '571', '0', '0');
INSERT INTO xmai_profile2field VALUES ('2', '41', '572', '0', '0');
INSERT INTO xmai_profile2field VALUES ('2', '41', '573', '0', '0');
INSERT INTO xmai_profile2field VALUES ('2', '41', '574', '0', '0');
INSERT INTO xmai_profile2field VALUES ('2', '41', '575', '0', '0');
INSERT INTO xmai_profile2field VALUES ('2', '41', '576', '0', '0');
INSERT INTO xmai_profile2field VALUES ('2', '41', '577', '0', '0');
INSERT INTO xmai_profile2field VALUES ('2', '41', '578', '0', '0');
INSERT INTO xmai_profile2field VALUES ('2', '41', '579', '0', '0');
INSERT INTO xmai_profile2field VALUES ('2', '41', '580', '0', '0');
INSERT INTO xmai_profile2field VALUES ('2', '41', '581', '0', '0');
INSERT INTO xmai_profile2field VALUES ('2', '41', '582', '0', '0');
INSERT INTO xmai_profile2field VALUES ('2', '41', '583', '0', '0');
INSERT INTO xmai_profile2field VALUES ('2', '41', '584', '0', '0');
INSERT INTO xmai_profile2field VALUES ('2', '41', '585', '0', '0');
INSERT INTO xmai_profile2field VALUES ('2', '45', '586', '0', '0');
INSERT INTO xmai_profile2field VALUES ('2', '45', '587', '0', '0');
INSERT INTO xmai_profile2field VALUES ('2', '45', '588', '0', '0');
INSERT INTO xmai_profile2field VALUES ('2', '45', '589', '0', '0');
INSERT INTO xmai_profile2field VALUES ('2', '45', '590', '0', '0');
INSERT INTO xmai_profile2field VALUES ('2', '45', '591', '0', '0');
INSERT INTO xmai_profile2field VALUES ('2', '45', '592', '0', '0');
INSERT INTO xmai_profile2field VALUES ('2', '46', '593', '0', '0');
INSERT INTO xmai_profile2field VALUES ('2', '46', '594', '0', '0');
INSERT INTO xmai_profile2field VALUES ('2', '46', '595', '0', '0');
INSERT INTO xmai_profile2field VALUES ('2', '46', '596', '0', '0');
INSERT INTO xmai_profile2field VALUES ('2', '46', '597', '0', '0');
INSERT INTO xmai_profile2field VALUES ('2', '46', '598', '0', '0');
INSERT INTO xmai_profile2field VALUES ('2', '46', '599', '0', '0');
INSERT INTO xmai_profile2field VALUES ('2', '46', '600', '0', '0');
INSERT INTO xmai_profile2field VALUES ('2', '46', '601', '0', '0');
INSERT INTO xmai_profile2field VALUES ('2', '46', '602', '0', '0');
INSERT INTO xmai_profile2field VALUES ('2', '47', '603', '0', '0');
INSERT INTO xmai_profile2field VALUES ('2', '47', '604', '0', '0');
INSERT INTO xmai_profile2field VALUES ('2', '47', '605', '0', '0');
INSERT INTO xmai_profile2field VALUES ('2', '47', '606', '0', '0');
INSERT INTO xmai_profile2field VALUES ('2', '47', '607', '0', '0');
INSERT INTO xmai_profile2field VALUES ('2', '47', '608', '0', '0');
INSERT INTO xmai_profile2field VALUES ('2', '47', '609', '0', '0');
INSERT INTO xmai_profile2field VALUES ('2', '47', '610', '0', '0');
INSERT INTO xmai_profile2field VALUES ('2', '47', '611', '0', '0');
INSERT INTO xmai_profile2field VALUES ('2', '47', '612', '0', '0');
INSERT INTO xmai_profile2field VALUES ('2', '47', '613', '0', '0');
INSERT INTO xmai_profile2field VALUES ('2', '47', '614', '0', '0');
INSERT INTO xmai_profile2field VALUES ('2', '47', '615', '0', '0');
INSERT INTO xmai_profile2field VALUES ('2', '47', '616', '0', '0');
INSERT INTO xmai_profile2field VALUES ('2', '47', '617', '0', '0');
INSERT INTO xmai_profile2field VALUES ('2', '48', '618', '0', '0');
INSERT INTO xmai_profile2field VALUES ('2', '48', '619', '0', '0');
INSERT INTO xmai_profile2field VALUES ('2', '48', '620', '0', '0');
INSERT INTO xmai_profile2field VALUES ('2', '48', '621', '0', '0');
INSERT INTO xmai_profile2field VALUES ('2', '48', '622', '0', '0');
INSERT INTO xmai_profile2field VALUES ('2', '48', '623', '0', '0');
INSERT INTO xmai_profile2field VALUES ('2', '48', '624', '0', '0');
INSERT INTO xmai_profile2field VALUES ('2', '48', '625', '0', '0');
INSERT INTO xmai_profile2field VALUES ('2', '48', '626', '0', '0');
INSERT INTO xmai_profile2field VALUES ('2', '48', '627', '0', '0');
INSERT INTO xmai_profile2field VALUES ('2', '48', '628', '0', '0');
INSERT INTO xmai_profile2field VALUES ('2', '48', '629', '0', '0');
INSERT INTO xmai_profile2field VALUES ('2', '48', '630', '0', '0');
INSERT INTO xmai_profile2field VALUES ('2', '48', '631', '0', '0');
INSERT INTO xmai_profile2field VALUES ('2', '48', '632', '0', '0');
INSERT INTO xmai_profile2field VALUES ('2', '48', '633', '0', '0');
INSERT INTO xmai_profile2field VALUES ('2', '48', '634', '0', '0');
INSERT INTO xmai_profile2field VALUES ('2', '50', '635', '0', '0');
INSERT INTO xmai_profile2field VALUES ('2', '50', '636', '0', '0');
INSERT INTO xmai_profile2field VALUES ('2', '50', '637', '0', '0');
INSERT INTO xmai_profile2field VALUES ('2', '50', '638', '0', '0');
INSERT INTO xmai_profile2field VALUES ('2', '50', '639', '0', '0');
INSERT INTO xmai_profile2field VALUES ('3', '6', '1', '0', '0');
INSERT INTO xmai_profile2field VALUES ('3', '6', '2', '0', '0');
INSERT INTO xmai_profile2field VALUES ('3', '6', '3', '0', '0');
INSERT INTO xmai_profile2field VALUES ('3', '6', '4', '0', '0');
INSERT INTO xmai_profile2field VALUES ('3', '6', '5', '0', '0');
INSERT INTO xmai_profile2field VALUES ('3', '6', '6', '0', '0');
INSERT INTO xmai_profile2field VALUES ('3', '6', '7', '0', '0');
INSERT INTO xmai_profile2field VALUES ('3', '6', '8', '0', '0');
INSERT INTO xmai_profile2field VALUES ('3', '6', '9', '0', '0');
INSERT INTO xmai_profile2field VALUES ('3', '6', '10', '0', '0');
INSERT INTO xmai_profile2field VALUES ('3', '6', '11', '0', '0');
INSERT INTO xmai_profile2field VALUES ('3', '6', '12', '0', '0');
INSERT INTO xmai_profile2field VALUES ('3', '6', '13', '0', '0');
INSERT INTO xmai_profile2field VALUES ('3', '6', '14', '0', '0');
INSERT INTO xmai_profile2field VALUES ('3', '6', '15', '0', '0');
INSERT INTO xmai_profile2field VALUES ('3', '6', '16', '0', '0');
INSERT INTO xmai_profile2field VALUES ('3', '6', '17', '0', '0');
INSERT INTO xmai_profile2field VALUES ('3', '6', '18', '0', '0');
INSERT INTO xmai_profile2field VALUES ('3', '6', '19', '0', '0');
INSERT INTO xmai_profile2field VALUES ('3', '6', '20', '0', '0');
INSERT INTO xmai_profile2field VALUES ('3', '6', '21', '0', '0');
INSERT INTO xmai_profile2field VALUES ('3', '6', '22', '0', '0');
INSERT INTO xmai_profile2field VALUES ('3', '6', '23', '0', '0');
INSERT INTO xmai_profile2field VALUES ('3', '6', '24', '0', '0');
INSERT INTO xmai_profile2field VALUES ('3', '6', '25', '0', '0');
INSERT INTO xmai_profile2field VALUES ('3', '6', '26', '0', '0');
INSERT INTO xmai_profile2field VALUES ('3', '6', '27', '0', '0');
INSERT INTO xmai_profile2field VALUES ('3', '6', '28', '0', '0');
INSERT INTO xmai_profile2field VALUES ('3', '6', '29', '0', '0');
INSERT INTO xmai_profile2field VALUES ('3', '6', '30', '0', '0');
INSERT INTO xmai_profile2field VALUES ('3', '6', '31', '0', '0');
INSERT INTO xmai_profile2field VALUES ('3', '6', '32', '0', '0');
INSERT INTO xmai_profile2field VALUES ('3', '6', '33', '0', '0');
INSERT INTO xmai_profile2field VALUES ('3', '6', '34', '0', '0');
INSERT INTO xmai_profile2field VALUES ('3', '6', '35', '0', '0');
INSERT INTO xmai_profile2field VALUES ('3', '6', '36', '0', '0');
INSERT INTO xmai_profile2field VALUES ('3', '7', '37', '0', '0');
INSERT INTO xmai_profile2field VALUES ('3', '7', '38', '0', '0');
INSERT INTO xmai_profile2field VALUES ('3', '7', '39', '0', '0');
INSERT INTO xmai_profile2field VALUES ('3', '7', '40', '0', '0');
INSERT INTO xmai_profile2field VALUES ('3', '7', '41', '0', '0');
INSERT INTO xmai_profile2field VALUES ('3', '7', '42', '0', '0');
INSERT INTO xmai_profile2field VALUES ('3', '7', '43', '0', '0');
INSERT INTO xmai_profile2field VALUES ('3', '7', '44', '0', '0');
INSERT INTO xmai_profile2field VALUES ('3', '7', '45', '0', '0');
INSERT INTO xmai_profile2field VALUES ('3', '7', '46', '0', '0');
INSERT INTO xmai_profile2field VALUES ('3', '7', '47', '0', '0');
INSERT INTO xmai_profile2field VALUES ('3', '7', '48', '0', '0');
INSERT INTO xmai_profile2field VALUES ('3', '7', '49', '0', '0');
INSERT INTO xmai_profile2field VALUES ('3', '7', '50', '0', '0');
INSERT INTO xmai_profile2field VALUES ('3', '7', '51', '0', '0');
INSERT INTO xmai_profile2field VALUES ('3', '7', '52', '0', '0');
INSERT INTO xmai_profile2field VALUES ('3', '7', '53', '0', '0');
INSERT INTO xmai_profile2field VALUES ('3', '7', '54', '0', '0');
INSERT INTO xmai_profile2field VALUES ('3', '7', '55', '0', '0');
INSERT INTO xmai_profile2field VALUES ('3', '7', '56', '0', '0');
INSERT INTO xmai_profile2field VALUES ('3', '7', '57', '0', '0');
INSERT INTO xmai_profile2field VALUES ('3', '7', '58', '0', '0');
INSERT INTO xmai_profile2field VALUES ('3', '7', '59', '0', '0');
INSERT INTO xmai_profile2field VALUES ('3', '7', '60', '0', '0');
INSERT INTO xmai_profile2field VALUES ('3', '7', '61', '0', '0');
INSERT INTO xmai_profile2field VALUES ('3', '7', '62', '0', '0');
INSERT INTO xmai_profile2field VALUES ('3', '7', '63', '0', '0');
INSERT INTO xmai_profile2field VALUES ('3', '7', '64', '0', '0');
INSERT INTO xmai_profile2field VALUES ('3', '7', '65', '0', '0');
INSERT INTO xmai_profile2field VALUES ('3', '4', '66', '0', '0');
INSERT INTO xmai_profile2field VALUES ('3', '4', '67', '0', '0');
INSERT INTO xmai_profile2field VALUES ('3', '4', '68', '0', '0');
INSERT INTO xmai_profile2field VALUES ('3', '4', '69', '0', '0');
INSERT INTO xmai_profile2field VALUES ('3', '4', '70', '0', '0');
INSERT INTO xmai_profile2field VALUES ('3', '4', '71', '0', '0');
INSERT INTO xmai_profile2field VALUES ('3', '4', '72', '0', '0');
INSERT INTO xmai_profile2field VALUES ('3', '4', '73', '0', '0');
INSERT INTO xmai_profile2field VALUES ('3', '4', '74', '0', '0');
INSERT INTO xmai_profile2field VALUES ('3', '4', '75', '0', '0');
INSERT INTO xmai_profile2field VALUES ('3', '4', '76', '0', '0');
INSERT INTO xmai_profile2field VALUES ('3', '4', '77', '0', '0');
INSERT INTO xmai_profile2field VALUES ('3', '4', '78', '0', '0');
INSERT INTO xmai_profile2field VALUES ('3', '4', '79', '0', '0');
INSERT INTO xmai_profile2field VALUES ('3', '4', '80', '0', '0');
INSERT INTO xmai_profile2field VALUES ('3', '4', '81', '0', '0');
INSERT INTO xmai_profile2field VALUES ('3', '4', '82', '0', '0');
INSERT INTO xmai_profile2field VALUES ('3', '4', '83', '0', '0');
INSERT INTO xmai_profile2field VALUES ('3', '4', '84', '0', '0');
INSERT INTO xmai_profile2field VALUES ('3', '4', '85', '0', '0');
INSERT INTO xmai_profile2field VALUES ('3', '4', '86', '0', '0');
INSERT INTO xmai_profile2field VALUES ('3', '4', '87', '0', '0');
INSERT INTO xmai_profile2field VALUES ('3', '4', '88', '0', '0');
INSERT INTO xmai_profile2field VALUES ('3', '4', '89', '0', '0');
INSERT INTO xmai_profile2field VALUES ('3', '4', '90', '0', '0');
INSERT INTO xmai_profile2field VALUES ('3', '4', '91', '0', '0');
INSERT INTO xmai_profile2field VALUES ('3', '4', '92', '0', '0');
INSERT INTO xmai_profile2field VALUES ('3', '4', '93', '0', '0');
INSERT INTO xmai_profile2field VALUES ('3', '4', '94', '0', '0');
INSERT INTO xmai_profile2field VALUES ('3', '4', '95', '0', '0');
INSERT INTO xmai_profile2field VALUES ('3', '4', '96', '0', '0');
INSERT INTO xmai_profile2field VALUES ('3', '4', '97', '0', '0');
INSERT INTO xmai_profile2field VALUES ('3', '4', '98', '0', '0');
INSERT INTO xmai_profile2field VALUES ('3', '4', '99', '0', '0');
INSERT INTO xmai_profile2field VALUES ('3', '4', '100', '0', '0');
INSERT INTO xmai_profile2field VALUES ('3', '4', '101', '0', '0');
INSERT INTO xmai_profile2field VALUES ('3', '4', '102', '0', '0');
INSERT INTO xmai_profile2field VALUES ('3', '4', '103', '0', '0');
INSERT INTO xmai_profile2field VALUES ('3', '4', '104', '0', '0');
INSERT INTO xmai_profile2field VALUES ('3', '4', '105', '0', '0');
INSERT INTO xmai_profile2field VALUES ('3', '4', '106', '0', '0');
INSERT INTO xmai_profile2field VALUES ('3', '4', '107', '0', '0');
INSERT INTO xmai_profile2field VALUES ('3', '4', '108', '0', '0');
INSERT INTO xmai_profile2field VALUES ('3', '4', '109', '0', '0');
INSERT INTO xmai_profile2field VALUES ('3', '2', '110', '0', '0');
INSERT INTO xmai_profile2field VALUES ('3', '2', '111', '0', '0');
INSERT INTO xmai_profile2field VALUES ('3', '2', '112', '0', '0');
INSERT INTO xmai_profile2field VALUES ('3', '2', '113', '0', '0');
INSERT INTO xmai_profile2field VALUES ('3', '2', '114', '0', '0');
INSERT INTO xmai_profile2field VALUES ('3', '2', '115', '0', '0');
INSERT INTO xmai_profile2field VALUES ('3', '2', '116', '0', '0');
INSERT INTO xmai_profile2field VALUES ('3', '2', '117', '0', '0');
INSERT INTO xmai_profile2field VALUES ('3', '2', '118', '0', '0');
INSERT INTO xmai_profile2field VALUES ('3', '2', '119', '0', '0');
INSERT INTO xmai_profile2field VALUES ('3', '2', '120', '0', '0');
INSERT INTO xmai_profile2field VALUES ('3', '2', '121', '0', '0');
INSERT INTO xmai_profile2field VALUES ('3', '2', '122', '0', '0');
INSERT INTO xmai_profile2field VALUES ('3', '2', '123', '0', '0');
INSERT INTO xmai_profile2field VALUES ('3', '2', '124', '0', '0');
INSERT INTO xmai_profile2field VALUES ('3', '2', '125', '0', '0');
INSERT INTO xmai_profile2field VALUES ('3', '26', '126', '0', '0');
INSERT INTO xmai_profile2field VALUES ('3', '26', '127', '0', '0');
INSERT INTO xmai_profile2field VALUES ('3', '26', '128', '0', '0');
INSERT INTO xmai_profile2field VALUES ('3', '26', '129', '0', '0');
INSERT INTO xmai_profile2field VALUES ('3', '26', '130', '0', '0');
INSERT INTO xmai_profile2field VALUES ('3', '26', '131', '0', '0');
INSERT INTO xmai_profile2field VALUES ('3', '26', '132', '0', '0');
INSERT INTO xmai_profile2field VALUES ('3', '26', '133', '0', '0');
INSERT INTO xmai_profile2field VALUES ('3', '26', '134', '0', '0');
INSERT INTO xmai_profile2field VALUES ('3', '26', '135', '0', '0');
INSERT INTO xmai_profile2field VALUES ('3', '26', '136', '0', '0');
INSERT INTO xmai_profile2field VALUES ('3', '26', '137', '0', '0');
INSERT INTO xmai_profile2field VALUES ('3', '26', '138', '0', '0');
INSERT INTO xmai_profile2field VALUES ('3', '26', '139', '0', '0');
INSERT INTO xmai_profile2field VALUES ('3', '26', '140', '0', '0');
INSERT INTO xmai_profile2field VALUES ('3', '26', '141', '0', '0');
INSERT INTO xmai_profile2field VALUES ('3', '26', '142', '0', '0');
INSERT INTO xmai_profile2field VALUES ('3', '26', '143', '0', '0');
INSERT INTO xmai_profile2field VALUES ('3', '26', '144', '0', '0');
INSERT INTO xmai_profile2field VALUES ('3', '26', '145', '0', '0');
INSERT INTO xmai_profile2field VALUES ('3', '26', '146', '0', '0');
INSERT INTO xmai_profile2field VALUES ('3', '26', '147', '0', '0');
INSERT INTO xmai_profile2field VALUES ('3', '26', '148', '0', '0');
INSERT INTO xmai_profile2field VALUES ('3', '26', '149', '0', '0');
INSERT INTO xmai_profile2field VALUES ('3', '26', '150', '0', '0');
INSERT INTO xmai_profile2field VALUES ('3', '4', '151', '0', '0');
INSERT INTO xmai_profile2field VALUES ('3', '6', '152', '0', '0');
INSERT INTO xmai_profile2field VALUES ('3', '7', '153', '0', '0');
INSERT INTO xmai_profile2field VALUES ('3', '26', '154', '0', '0');
INSERT INTO xmai_profile2field VALUES ('3', '13', '155', '0', '0');
INSERT INTO xmai_profile2field VALUES ('3', '13', '156', '0', '0');
INSERT INTO xmai_profile2field VALUES ('3', '13', '157', '0', '0');
INSERT INTO xmai_profile2field VALUES ('3', '13', '158', '0', '0');
INSERT INTO xmai_profile2field VALUES ('3', '13', '159', '0', '0');
INSERT INTO xmai_profile2field VALUES ('3', '13', '160', '0', '0');
INSERT INTO xmai_profile2field VALUES ('3', '13', '161', '0', '0');
INSERT INTO xmai_profile2field VALUES ('3', '13', '162', '0', '0');
INSERT INTO xmai_profile2field VALUES ('3', '13', '163', '0', '0');
INSERT INTO xmai_profile2field VALUES ('3', '13', '164', '0', '0');
INSERT INTO xmai_profile2field VALUES ('3', '13', '165', '0', '0');
INSERT INTO xmai_profile2field VALUES ('3', '13', '166', '0', '0');
INSERT INTO xmai_profile2field VALUES ('3', '13', '167', '0', '0');
INSERT INTO xmai_profile2field VALUES ('3', '13', '168', '0', '0');
INSERT INTO xmai_profile2field VALUES ('3', '13', '169', '0', '0');
INSERT INTO xmai_profile2field VALUES ('3', '13', '170', '0', '0');
INSERT INTO xmai_profile2field VALUES ('3', '13', '171', '0', '0');
INSERT INTO xmai_profile2field VALUES ('3', '13', '172', '0', '0');
INSERT INTO xmai_profile2field VALUES ('3', '13', '173', '0', '0');
INSERT INTO xmai_profile2field VALUES ('3', '14', '174', '0', '0');
INSERT INTO xmai_profile2field VALUES ('3', '14', '175', '0', '0');
INSERT INTO xmai_profile2field VALUES ('3', '14', '176', '0', '0');
INSERT INTO xmai_profile2field VALUES ('3', '14', '177', '0', '0');
INSERT INTO xmai_profile2field VALUES ('3', '14', '178', '0', '0');
INSERT INTO xmai_profile2field VALUES ('3', '14', '179', '0', '0');
INSERT INTO xmai_profile2field VALUES ('3', '14', '180', '0', '0');
INSERT INTO xmai_profile2field VALUES ('3', '14', '181', '0', '0');
INSERT INTO xmai_profile2field VALUES ('3', '14', '182', '0', '0');
INSERT INTO xmai_profile2field VALUES ('3', '14', '183', '0', '0');
INSERT INTO xmai_profile2field VALUES ('3', '14', '184', '0', '0');
INSERT INTO xmai_profile2field VALUES ('3', '14', '185', '0', '0');
INSERT INTO xmai_profile2field VALUES ('3', '14', '186', '0', '0');
INSERT INTO xmai_profile2field VALUES ('3', '14', '187', '0', '0');
INSERT INTO xmai_profile2field VALUES ('3', '14', '188', '0', '0');
INSERT INTO xmai_profile2field VALUES ('3', '14', '189', '0', '0');
INSERT INTO xmai_profile2field VALUES ('3', '14', '190', '0', '0');
INSERT INTO xmai_profile2field VALUES ('3', '14', '191', '0', '0');
INSERT INTO xmai_profile2field VALUES ('3', '14', '192', '0', '0');
INSERT INTO xmai_profile2field VALUES ('3', '14', '193', '0', '0');
INSERT INTO xmai_profile2field VALUES ('3', '14', '194', '0', '0');
INSERT INTO xmai_profile2field VALUES ('3', '14', '195', '0', '0');
INSERT INTO xmai_profile2field VALUES ('3', '14', '196', '0', '0');
INSERT INTO xmai_profile2field VALUES ('3', '14', '197', '0', '0');
INSERT INTO xmai_profile2field VALUES ('3', '14', '198', '0', '0');
INSERT INTO xmai_profile2field VALUES ('3', '14', '199', '0', '0');
INSERT INTO xmai_profile2field VALUES ('3', '14', '200', '0', '0');
INSERT INTO xmai_profile2field VALUES ('3', '14', '201', '0', '0');
INSERT INTO xmai_profile2field VALUES ('3', '14', '202', '0', '0');
INSERT INTO xmai_profile2field VALUES ('3', '14', '203', '0', '0');
INSERT INTO xmai_profile2field VALUES ('3', '14', '204', '0', '0');
INSERT INTO xmai_profile2field VALUES ('3', '8', '205', '0', '0');
INSERT INTO xmai_profile2field VALUES ('3', '8', '206', '0', '0');
INSERT INTO xmai_profile2field VALUES ('3', '8', '207', '0', '0');
INSERT INTO xmai_profile2field VALUES ('3', '8', '208', '0', '0');
INSERT INTO xmai_profile2field VALUES ('3', '8', '209', '0', '0');
INSERT INTO xmai_profile2field VALUES ('3', '8', '210', '0', '0');
INSERT INTO xmai_profile2field VALUES ('3', '8', '211', '0', '0');
INSERT INTO xmai_profile2field VALUES ('3', '8', '212', '0', '0');
INSERT INTO xmai_profile2field VALUES ('3', '8', '213', '0', '0');
INSERT INTO xmai_profile2field VALUES ('3', '8', '214', '0', '0');
INSERT INTO xmai_profile2field VALUES ('3', '8', '215', '0', '0');
INSERT INTO xmai_profile2field VALUES ('3', '8', '216', '0', '0');
INSERT INTO xmai_profile2field VALUES ('3', '8', '217', '0', '0');
INSERT INTO xmai_profile2field VALUES ('3', '8', '218', '0', '0');
INSERT INTO xmai_profile2field VALUES ('3', '8', '219', '0', '0');
INSERT INTO xmai_profile2field VALUES ('3', '10', '220', '0', '0');
INSERT INTO xmai_profile2field VALUES ('3', '10', '221', '0', '0');
INSERT INTO xmai_profile2field VALUES ('3', '10', '222', '0', '0');
INSERT INTO xmai_profile2field VALUES ('3', '10', '223', '0', '0');
INSERT INTO xmai_profile2field VALUES ('3', '10', '224', '0', '0');
INSERT INTO xmai_profile2field VALUES ('3', '10', '225', '0', '0');
INSERT INTO xmai_profile2field VALUES ('3', '10', '226', '0', '0');
INSERT INTO xmai_profile2field VALUES ('3', '10', '227', '0', '0');
INSERT INTO xmai_profile2field VALUES ('3', '10', '228', '0', '0');
INSERT INTO xmai_profile2field VALUES ('3', '10', '229', '0', '0');
INSERT INTO xmai_profile2field VALUES ('3', '10', '230', '0', '0');
INSERT INTO xmai_profile2field VALUES ('3', '10', '231', '0', '0');
INSERT INTO xmai_profile2field VALUES ('3', '9', '232', '0', '0');
INSERT INTO xmai_profile2field VALUES ('3', '9', '233', '0', '0');
INSERT INTO xmai_profile2field VALUES ('3', '9', '234', '0', '0');
INSERT INTO xmai_profile2field VALUES ('3', '9', '235', '0', '0');
INSERT INTO xmai_profile2field VALUES ('3', '9', '236', '0', '0');
INSERT INTO xmai_profile2field VALUES ('3', '9', '237', '0', '0');
INSERT INTO xmai_profile2field VALUES ('3', '9', '238', '0', '0');
INSERT INTO xmai_profile2field VALUES ('3', '9', '239', '0', '0');
INSERT INTO xmai_profile2field VALUES ('3', '9', '240', '0', '0');
INSERT INTO xmai_profile2field VALUES ('3', '9', '241', '0', '0');
INSERT INTO xmai_profile2field VALUES ('3', '9', '242', '0', '0');
INSERT INTO xmai_profile2field VALUES ('3', '9', '243', '0', '0');
INSERT INTO xmai_profile2field VALUES ('3', '9', '244', '0', '0');
INSERT INTO xmai_profile2field VALUES ('3', '9', '245', '0', '0');
INSERT INTO xmai_profile2field VALUES ('3', '9', '246', '0', '0');
INSERT INTO xmai_profile2field VALUES ('3', '9', '247', '0', '0');
INSERT INTO xmai_profile2field VALUES ('3', '9', '248', '0', '0');
INSERT INTO xmai_profile2field VALUES ('3', '9', '249', '0', '0');
INSERT INTO xmai_profile2field VALUES ('3', '9', '250', '0', '0');
INSERT INTO xmai_profile2field VALUES ('3', '9', '251', '0', '0');
INSERT INTO xmai_profile2field VALUES ('3', '9', '252', '0', '0');
INSERT INTO xmai_profile2field VALUES ('3', '9', '253', '0', '0');
INSERT INTO xmai_profile2field VALUES ('3', '9', '254', '0', '0');
INSERT INTO xmai_profile2field VALUES ('3', '9', '255', '0', '0');
INSERT INTO xmai_profile2field VALUES ('3', '16', '256', '0', '0');
INSERT INTO xmai_profile2field VALUES ('3', '16', '257', '0', '0');
INSERT INTO xmai_profile2field VALUES ('3', '16', '258', '0', '0');
INSERT INTO xmai_profile2field VALUES ('3', '16', '259', '0', '0');
INSERT INTO xmai_profile2field VALUES ('3', '16', '260', '0', '0');
INSERT INTO xmai_profile2field VALUES ('3', '16', '261', '0', '0');
INSERT INTO xmai_profile2field VALUES ('3', '16', '262', '0', '0');
INSERT INTO xmai_profile2field VALUES ('3', '16', '263', '0', '0');
INSERT INTO xmai_profile2field VALUES ('3', '16', '264', '0', '0');
INSERT INTO xmai_profile2field VALUES ('3', '16', '265', '0', '0');
INSERT INTO xmai_profile2field VALUES ('3', '16', '266', '0', '0');
INSERT INTO xmai_profile2field VALUES ('3', '16', '267', '0', '0');
INSERT INTO xmai_profile2field VALUES ('3', '16', '268', '0', '0');
INSERT INTO xmai_profile2field VALUES ('3', '16', '269', '0', '0');
INSERT INTO xmai_profile2field VALUES ('3', '16', '270', '0', '0');
INSERT INTO xmai_profile2field VALUES ('3', '16', '271', '0', '0');
INSERT INTO xmai_profile2field VALUES ('3', '16', '272', '0', '0');
INSERT INTO xmai_profile2field VALUES ('3', '16', '273', '0', '0');
INSERT INTO xmai_profile2field VALUES ('3', '16', '274', '0', '0');
INSERT INTO xmai_profile2field VALUES ('3', '16', '275', '0', '0');
INSERT INTO xmai_profile2field VALUES ('3', '16', '276', '0', '0');
INSERT INTO xmai_profile2field VALUES ('3', '16', '277', '0', '0');
INSERT INTO xmai_profile2field VALUES ('3', '16', '278', '0', '0');
INSERT INTO xmai_profile2field VALUES ('3', '15', '279', '0', '0');
INSERT INTO xmai_profile2field VALUES ('3', '15', '280', '0', '0');
INSERT INTO xmai_profile2field VALUES ('3', '15', '281', '0', '0');
INSERT INTO xmai_profile2field VALUES ('3', '15', '282', '0', '0');
INSERT INTO xmai_profile2field VALUES ('3', '15', '283', '0', '0');
INSERT INTO xmai_profile2field VALUES ('3', '15', '284', '0', '0');
INSERT INTO xmai_profile2field VALUES ('3', '15', '285', '0', '0');
INSERT INTO xmai_profile2field VALUES ('3', '15', '286', '0', '0');
INSERT INTO xmai_profile2field VALUES ('3', '15', '287', '0', '0');
INSERT INTO xmai_profile2field VALUES ('3', '15', '288', '0', '0');
INSERT INTO xmai_profile2field VALUES ('3', '18', '289', '0', '0');
INSERT INTO xmai_profile2field VALUES ('3', '18', '290', '0', '0');
INSERT INTO xmai_profile2field VALUES ('3', '18', '291', '0', '0');
INSERT INTO xmai_profile2field VALUES ('3', '18', '292', '0', '0');
INSERT INTO xmai_profile2field VALUES ('3', '18', '293', '0', '0');
INSERT INTO xmai_profile2field VALUES ('3', '18', '294', '0', '0');
INSERT INTO xmai_profile2field VALUES ('3', '18', '295', '0', '0');
INSERT INTO xmai_profile2field VALUES ('3', '18', '296', '0', '0');
INSERT INTO xmai_profile2field VALUES ('3', '18', '297', '0', '0');
INSERT INTO xmai_profile2field VALUES ('3', '18', '298', '0', '0');
INSERT INTO xmai_profile2field VALUES ('3', '18', '299', '0', '0');
INSERT INTO xmai_profile2field VALUES ('3', '18', '300', '0', '0');
INSERT INTO xmai_profile2field VALUES ('3', '18', '301', '0', '0');
INSERT INTO xmai_profile2field VALUES ('3', '18', '302', '0', '0');
INSERT INTO xmai_profile2field VALUES ('3', '18', '303', '0', '0');
INSERT INTO xmai_profile2field VALUES ('3', '18', '304', '0', '0');
INSERT INTO xmai_profile2field VALUES ('3', '18', '305', '0', '0');
INSERT INTO xmai_profile2field VALUES ('3', '19', '306', '0', '0');
INSERT INTO xmai_profile2field VALUES ('3', '19', '307', '0', '0');
INSERT INTO xmai_profile2field VALUES ('3', '19', '308', '0', '0');
INSERT INTO xmai_profile2field VALUES ('3', '19', '309', '0', '0');
INSERT INTO xmai_profile2field VALUES ('3', '19', '310', '0', '0');
INSERT INTO xmai_profile2field VALUES ('3', '19', '311', '0', '0');
INSERT INTO xmai_profile2field VALUES ('3', '19', '312', '0', '0');
INSERT INTO xmai_profile2field VALUES ('3', '19', '313', '0', '0');
INSERT INTO xmai_profile2field VALUES ('3', '20', '314', '0', '0');
INSERT INTO xmai_profile2field VALUES ('3', '20', '315', '0', '0');
INSERT INTO xmai_profile2field VALUES ('3', '20', '316', '0', '0');
INSERT INTO xmai_profile2field VALUES ('3', '20', '317', '0', '0');
INSERT INTO xmai_profile2field VALUES ('3', '20', '318', '0', '0');
INSERT INTO xmai_profile2field VALUES ('3', '20', '319', '0', '0');
INSERT INTO xmai_profile2field VALUES ('3', '20', '320', '0', '0');
INSERT INTO xmai_profile2field VALUES ('3', '20', '321', '0', '0');
INSERT INTO xmai_profile2field VALUES ('3', '20', '322', '0', '0');
INSERT INTO xmai_profile2field VALUES ('3', '20', '323', '0', '0');
INSERT INTO xmai_profile2field VALUES ('3', '20', '324', '0', '0');
INSERT INTO xmai_profile2field VALUES ('3', '20', '325', '0', '0');
INSERT INTO xmai_profile2field VALUES ('3', '20', '326', '0', '0');
INSERT INTO xmai_profile2field VALUES ('3', '20', '327', '0', '0');
INSERT INTO xmai_profile2field VALUES ('3', '20', '328', '0', '0');
INSERT INTO xmai_profile2field VALUES ('3', '20', '329', '0', '0');
INSERT INTO xmai_profile2field VALUES ('3', '20', '330', '0', '0');
INSERT INTO xmai_profile2field VALUES ('3', '20', '331', '0', '0');
INSERT INTO xmai_profile2field VALUES ('3', '20', '332', '0', '0');
INSERT INTO xmai_profile2field VALUES ('3', '20', '333', '0', '0');
INSERT INTO xmai_profile2field VALUES ('3', '20', '334', '0', '0');
INSERT INTO xmai_profile2field VALUES ('3', '20', '335', '0', '0');
INSERT INTO xmai_profile2field VALUES ('3', '20', '336', '0', '0');
INSERT INTO xmai_profile2field VALUES ('3', '20', '337', '0', '0');
INSERT INTO xmai_profile2field VALUES ('3', '20', '338', '0', '0');
INSERT INTO xmai_profile2field VALUES ('3', '20', '339', '0', '0');
INSERT INTO xmai_profile2field VALUES ('3', '20', '340', '0', '0');
INSERT INTO xmai_profile2field VALUES ('3', '20', '341', '0', '0');
INSERT INTO xmai_profile2field VALUES ('3', '20', '342', '0', '0');
INSERT INTO xmai_profile2field VALUES ('3', '20', '343', '0', '0');
INSERT INTO xmai_profile2field VALUES ('3', '20', '344', '0', '0');
INSERT INTO xmai_profile2field VALUES ('3', '20', '345', '0', '0');
INSERT INTO xmai_profile2field VALUES ('3', '20', '346', '0', '0');
INSERT INTO xmai_profile2field VALUES ('3', '20', '347', '0', '0');
INSERT INTO xmai_profile2field VALUES ('3', '20', '348', '0', '0');
INSERT INTO xmai_profile2field VALUES ('3', '20', '349', '0', '0');
INSERT INTO xmai_profile2field VALUES ('3', '20', '350', '0', '0');
INSERT INTO xmai_profile2field VALUES ('3', '21', '351', '0', '0');
INSERT INTO xmai_profile2field VALUES ('3', '21', '352', '0', '0');
INSERT INTO xmai_profile2field VALUES ('3', '21', '353', '0', '0');
INSERT INTO xmai_profile2field VALUES ('3', '21', '354', '0', '0');
INSERT INTO xmai_profile2field VALUES ('3', '21', '355', '0', '0');
INSERT INTO xmai_profile2field VALUES ('3', '21', '356', '0', '0');
INSERT INTO xmai_profile2field VALUES ('3', '21', '357', '0', '0');
INSERT INTO xmai_profile2field VALUES ('3', '21', '358', '0', '0');
INSERT INTO xmai_profile2field VALUES ('3', '21', '359', '0', '0');
INSERT INTO xmai_profile2field VALUES ('3', '21', '360', '0', '0');
INSERT INTO xmai_profile2field VALUES ('3', '21', '361', '0', '0');
INSERT INTO xmai_profile2field VALUES ('3', '21', '362', '0', '0');
INSERT INTO xmai_profile2field VALUES ('3', '21', '363', '0', '0');
INSERT INTO xmai_profile2field VALUES ('3', '21', '364', '0', '0');
INSERT INTO xmai_profile2field VALUES ('3', '21', '365', '0', '0');
INSERT INTO xmai_profile2field VALUES ('3', '21', '366', '0', '0');
INSERT INTO xmai_profile2field VALUES ('3', '21', '367', '0', '0');
INSERT INTO xmai_profile2field VALUES ('3', '21', '368', '0', '0');
INSERT INTO xmai_profile2field VALUES ('3', '21', '369', '0', '0');
INSERT INTO xmai_profile2field VALUES ('3', '21', '370', '0', '0');
INSERT INTO xmai_profile2field VALUES ('3', '21', '371', '0', '0');
INSERT INTO xmai_profile2field VALUES ('3', '21', '372', '0', '0');
INSERT INTO xmai_profile2field VALUES ('3', '21', '373', '0', '0');
INSERT INTO xmai_profile2field VALUES ('3', '21', '374', '0', '0');
INSERT INTO xmai_profile2field VALUES ('3', '21', '375', '0', '0');
INSERT INTO xmai_profile2field VALUES ('3', '21', '376', '0', '0');
INSERT INTO xmai_profile2field VALUES ('3', '21', '377', '0', '0');
INSERT INTO xmai_profile2field VALUES ('3', '21', '378', '0', '0');
INSERT INTO xmai_profile2field VALUES ('3', '21', '379', '0', '0');
INSERT INTO xmai_profile2field VALUES ('3', '21', '380', '0', '0');
INSERT INTO xmai_profile2field VALUES ('3', '21', '381', '0', '0');
INSERT INTO xmai_profile2field VALUES ('3', '21', '382', '0', '0');
INSERT INTO xmai_profile2field VALUES ('3', '21', '383', '0', '0');
INSERT INTO xmai_profile2field VALUES ('3', '21', '384', '0', '0');
INSERT INTO xmai_profile2field VALUES ('3', '21', '385', '0', '0');
INSERT INTO xmai_profile2field VALUES ('3', '21', '386', '0', '0');
INSERT INTO xmai_profile2field VALUES ('3', '21', '387', '0', '0');
INSERT INTO xmai_profile2field VALUES ('3', '21', '388', '0', '0');
INSERT INTO xmai_profile2field VALUES ('3', '22', '389', '0', '0');
INSERT INTO xmai_profile2field VALUES ('3', '22', '390', '0', '0');
INSERT INTO xmai_profile2field VALUES ('3', '22', '391', '0', '0');
INSERT INTO xmai_profile2field VALUES ('3', '22', '392', '0', '0');
INSERT INTO xmai_profile2field VALUES ('3', '22', '393', '0', '0');
INSERT INTO xmai_profile2field VALUES ('3', '22', '394', '0', '0');
INSERT INTO xmai_profile2field VALUES ('3', '22', '395', '0', '0');
INSERT INTO xmai_profile2field VALUES ('3', '22', '396', '0', '0');
INSERT INTO xmai_profile2field VALUES ('3', '22', '397', '0', '0');
INSERT INTO xmai_profile2field VALUES ('3', '22', '398', '0', '0');
INSERT INTO xmai_profile2field VALUES ('3', '22', '399', '0', '0');
INSERT INTO xmai_profile2field VALUES ('3', '22', '400', '0', '0');
INSERT INTO xmai_profile2field VALUES ('3', '22', '401', '0', '0');
INSERT INTO xmai_profile2field VALUES ('3', '22', '402', '0', '0');
INSERT INTO xmai_profile2field VALUES ('3', '22', '403', '0', '0');
INSERT INTO xmai_profile2field VALUES ('3', '22', '404', '0', '0');
INSERT INTO xmai_profile2field VALUES ('3', '22', '405', '0', '0');
INSERT INTO xmai_profile2field VALUES ('3', '22', '406', '0', '0');
INSERT INTO xmai_profile2field VALUES ('3', '22', '407', '0', '0');
INSERT INTO xmai_profile2field VALUES ('3', '22', '408', '0', '0');
INSERT INTO xmai_profile2field VALUES ('3', '22', '409', '0', '0');
INSERT INTO xmai_profile2field VALUES ('3', '22', '410', '0', '0');
INSERT INTO xmai_profile2field VALUES ('3', '22', '411', '0', '0');
INSERT INTO xmai_profile2field VALUES ('3', '22', '412', '0', '0');
INSERT INTO xmai_profile2field VALUES ('3', '22', '413', '0', '0');
INSERT INTO xmai_profile2field VALUES ('3', '22', '414', '0', '0');
INSERT INTO xmai_profile2field VALUES ('3', '22', '415', '0', '0');
INSERT INTO xmai_profile2field VALUES ('3', '22', '416', '0', '0');
INSERT INTO xmai_profile2field VALUES ('3', '22', '417', '0', '0');
INSERT INTO xmai_profile2field VALUES ('3', '22', '418', '0', '0');
INSERT INTO xmai_profile2field VALUES ('3', '22', '419', '0', '0');
INSERT INTO xmai_profile2field VALUES ('3', '22', '420', '0', '0');
INSERT INTO xmai_profile2field VALUES ('3', '22', '421', '0', '0');
INSERT INTO xmai_profile2field VALUES ('3', '22', '422', '0', '0');
INSERT INTO xmai_profile2field VALUES ('3', '22', '423', '0', '0');
INSERT INTO xmai_profile2field VALUES ('3', '22', '424', '0', '0');
INSERT INTO xmai_profile2field VALUES ('3', '22', '425', '0', '0');
INSERT INTO xmai_profile2field VALUES ('3', '22', '426', '0', '0');
INSERT INTO xmai_profile2field VALUES ('3', '22', '427', '0', '0');
INSERT INTO xmai_profile2field VALUES ('3', '22', '428', '0', '0');
INSERT INTO xmai_profile2field VALUES ('3', '22', '429', '0', '0');
INSERT INTO xmai_profile2field VALUES ('3', '22', '430', '0', '0');
INSERT INTO xmai_profile2field VALUES ('3', '22', '431', '0', '0');
INSERT INTO xmai_profile2field VALUES ('3', '22', '432', '0', '0');
INSERT INTO xmai_profile2field VALUES ('3', '22', '433', '0', '0');
INSERT INTO xmai_profile2field VALUES ('3', '22', '434', '0', '0');
INSERT INTO xmai_profile2field VALUES ('3', '22', '435', '0', '0');
INSERT INTO xmai_profile2field VALUES ('3', '23', '436', '0', '0');
INSERT INTO xmai_profile2field VALUES ('3', '23', '437', '0', '0');
INSERT INTO xmai_profile2field VALUES ('3', '23', '438', '0', '0');
INSERT INTO xmai_profile2field VALUES ('3', '23', '439', '0', '0');
INSERT INTO xmai_profile2field VALUES ('3', '23', '440', '0', '0');
INSERT INTO xmai_profile2field VALUES ('3', '23', '441', '0', '0');
INSERT INTO xmai_profile2field VALUES ('3', '23', '442', '0', '0');
INSERT INTO xmai_profile2field VALUES ('3', '23', '443', '0', '0');
INSERT INTO xmai_profile2field VALUES ('3', '23', '444', '0', '0');
INSERT INTO xmai_profile2field VALUES ('3', '23', '445', '0', '0');
INSERT INTO xmai_profile2field VALUES ('3', '23', '446', '0', '0');
INSERT INTO xmai_profile2field VALUES ('3', '23', '447', '0', '0');
INSERT INTO xmai_profile2field VALUES ('3', '23', '448', '0', '0');
INSERT INTO xmai_profile2field VALUES ('3', '23', '449', '0', '0');
INSERT INTO xmai_profile2field VALUES ('3', '23', '450', '0', '0');
INSERT INTO xmai_profile2field VALUES ('3', '23', '451', '0', '0');
INSERT INTO xmai_profile2field VALUES ('3', '23', '452', '0', '0');
INSERT INTO xmai_profile2field VALUES ('3', '23', '453', '0', '0');
INSERT INTO xmai_profile2field VALUES ('3', '23', '454', '0', '0');
INSERT INTO xmai_profile2field VALUES ('3', '23', '455', '0', '0');
INSERT INTO xmai_profile2field VALUES ('3', '23', '456', '0', '0');
INSERT INTO xmai_profile2field VALUES ('3', '23', '457', '0', '0');
INSERT INTO xmai_profile2field VALUES ('3', '23', '458', '0', '0');
INSERT INTO xmai_profile2field VALUES ('3', '23', '459', '0', '0');
INSERT INTO xmai_profile2field VALUES ('3', '23', '460', '0', '0');
INSERT INTO xmai_profile2field VALUES ('3', '23', '461', '0', '0');
INSERT INTO xmai_profile2field VALUES ('3', '23', '462', '0', '0');
INSERT INTO xmai_profile2field VALUES ('3', '23', '463', '0', '0');
INSERT INTO xmai_profile2field VALUES ('3', '23', '464', '0', '0');
INSERT INTO xmai_profile2field VALUES ('3', '23', '465', '0', '0');
INSERT INTO xmai_profile2field VALUES ('3', '23', '466', '0', '0');
INSERT INTO xmai_profile2field VALUES ('3', '23', '467', '0', '0');
INSERT INTO xmai_profile2field VALUES ('3', '23', '468', '0', '0');
INSERT INTO xmai_profile2field VALUES ('3', '23', '469', '0', '0');
INSERT INTO xmai_profile2field VALUES ('3', '23', '470', '0', '0');
INSERT INTO xmai_profile2field VALUES ('3', '23', '471', '0', '0');
INSERT INTO xmai_profile2field VALUES ('3', '23', '472', '0', '0');
INSERT INTO xmai_profile2field VALUES ('3', '23', '473', '0', '0');
INSERT INTO xmai_profile2field VALUES ('3', '23', '474', '0', '0');
INSERT INTO xmai_profile2field VALUES ('3', '10', '519', '0', '0');
INSERT INTO xmai_profile2field VALUES ('3', '10', '520', '0', '0');
INSERT INTO xmai_profile2field VALUES ('3', '10', '521', '0', '0');
INSERT INTO xmai_profile2field VALUES ('3', '10', '522', '0', '0');
INSERT INTO xmai_profile2field VALUES ('3', '10', '523', '0', '0');
INSERT INTO xmai_profile2field VALUES ('3', '10', '524', '0', '0');
INSERT INTO xmai_profile2field VALUES ('3', '36', '525', '0', '0');
INSERT INTO xmai_profile2field VALUES ('3', '36', '526', '0', '0');
INSERT INTO xmai_profile2field VALUES ('3', '36', '527', '0', '0');
INSERT INTO xmai_profile2field VALUES ('3', '36', '528', '0', '0');
INSERT INTO xmai_profile2field VALUES ('3', '37', '531', '0', '0');
INSERT INTO xmai_profile2field VALUES ('3', '37', '532', '0', '0');
INSERT INTO xmai_profile2field VALUES ('3', '37', '533', '0', '0');
INSERT INTO xmai_profile2field VALUES ('3', '37', '534', '0', '0');
INSERT INTO xmai_profile2field VALUES ('3', '37', '535', '0', '0');
INSERT INTO xmai_profile2field VALUES ('3', '37', '536', '0', '0');
INSERT INTO xmai_profile2field VALUES ('3', '37', '537', '0', '0');
INSERT INTO xmai_profile2field VALUES ('3', '37', '538', '0', '0');
INSERT INTO xmai_profile2field VALUES ('3', '37', '539', '0', '0');
INSERT INTO xmai_profile2field VALUES ('3', '37', '540', '0', '0');
INSERT INTO xmai_profile2field VALUES ('3', '37', '541', '0', '0');
INSERT INTO xmai_profile2field VALUES ('3', '37', '542', '0', '0');
INSERT INTO xmai_profile2field VALUES ('3', '37', '543', '0', '0');
INSERT INTO xmai_profile2field VALUES ('3', '37', '544', '0', '0');
INSERT INTO xmai_profile2field VALUES ('3', '37', '545', '0', '0');
INSERT INTO xmai_profile2field VALUES ('3', '37', '546', '0', '0');
INSERT INTO xmai_profile2field VALUES ('3', '37', '547', '0', '0');
INSERT INTO xmai_profile2field VALUES ('3', '37', '548', '0', '0');
INSERT INTO xmai_profile2field VALUES ('3', '37', '549', '0', '0');
INSERT INTO xmai_profile2field VALUES ('3', '38', '550', '0', '0');
INSERT INTO xmai_profile2field VALUES ('3', '38', '551', '0', '0');
INSERT INTO xmai_profile2field VALUES ('3', '38', '552', '0', '0');
INSERT INTO xmai_profile2field VALUES ('3', '38', '553', '0', '0');
INSERT INTO xmai_profile2field VALUES ('3', '38', '554', '0', '0');
INSERT INTO xmai_profile2field VALUES ('3', '38', '555', '0', '0');
INSERT INTO xmai_profile2field VALUES ('3', '38', '556', '0', '0');
INSERT INTO xmai_profile2field VALUES ('3', '38', '557', '0', '0');
INSERT INTO xmai_profile2field VALUES ('3', '38', '558', '0', '0');
INSERT INTO xmai_profile2field VALUES ('3', '38', '559', '0', '0');
INSERT INTO xmai_profile2field VALUES ('3', '38', '560', '0', '0');
INSERT INTO xmai_profile2field VALUES ('3', '38', '561', '0', '0');
INSERT INTO xmai_profile2field VALUES ('3', '38', '562', '0', '0');
INSERT INTO xmai_profile2field VALUES ('3', '38', '563', '0', '0');
INSERT INTO xmai_profile2field VALUES ('3', '38', '564', '0', '0');
INSERT INTO xmai_profile2field VALUES ('3', '38', '565', '0', '0');
INSERT INTO xmai_profile2field VALUES ('3', '38', '566', '0', '0');
INSERT INTO xmai_profile2field VALUES ('3', '38', '567', '0', '0');
INSERT INTO xmai_profile2field VALUES ('3', '38', '568', '0', '0');
INSERT INTO xmai_profile2field VALUES ('3', '41', '569', '0', '0');
INSERT INTO xmai_profile2field VALUES ('3', '41', '570', '0', '0');
INSERT INTO xmai_profile2field VALUES ('3', '41', '571', '0', '0');
INSERT INTO xmai_profile2field VALUES ('3', '41', '572', '0', '0');
INSERT INTO xmai_profile2field VALUES ('3', '41', '573', '0', '0');
INSERT INTO xmai_profile2field VALUES ('3', '41', '574', '0', '0');
INSERT INTO xmai_profile2field VALUES ('3', '41', '575', '0', '0');
INSERT INTO xmai_profile2field VALUES ('3', '41', '576', '0', '0');
INSERT INTO xmai_profile2field VALUES ('3', '41', '577', '0', '0');
INSERT INTO xmai_profile2field VALUES ('3', '41', '578', '0', '0');
INSERT INTO xmai_profile2field VALUES ('3', '41', '579', '0', '0');
INSERT INTO xmai_profile2field VALUES ('3', '41', '580', '0', '0');
INSERT INTO xmai_profile2field VALUES ('3', '41', '581', '0', '0');
INSERT INTO xmai_profile2field VALUES ('3', '41', '582', '0', '0');
INSERT INTO xmai_profile2field VALUES ('3', '41', '583', '0', '0');
INSERT INTO xmai_profile2field VALUES ('3', '41', '584', '0', '0');
INSERT INTO xmai_profile2field VALUES ('3', '41', '585', '0', '0');
INSERT INTO xmai_profile2field VALUES ('3', '45', '586', '0', '0');
INSERT INTO xmai_profile2field VALUES ('3', '45', '587', '0', '0');
INSERT INTO xmai_profile2field VALUES ('3', '45', '588', '0', '0');
INSERT INTO xmai_profile2field VALUES ('3', '45', '589', '0', '0');
INSERT INTO xmai_profile2field VALUES ('3', '45', '590', '0', '0');
INSERT INTO xmai_profile2field VALUES ('3', '45', '591', '0', '0');
INSERT INTO xmai_profile2field VALUES ('3', '45', '592', '0', '0');
INSERT INTO xmai_profile2field VALUES ('3', '46', '593', '0', '0');
INSERT INTO xmai_profile2field VALUES ('3', '46', '594', '0', '0');
INSERT INTO xmai_profile2field VALUES ('3', '46', '595', '0', '0');
INSERT INTO xmai_profile2field VALUES ('3', '46', '596', '0', '0');
INSERT INTO xmai_profile2field VALUES ('3', '46', '597', '0', '0');
INSERT INTO xmai_profile2field VALUES ('3', '46', '598', '0', '0');
INSERT INTO xmai_profile2field VALUES ('3', '46', '599', '0', '0');
INSERT INTO xmai_profile2field VALUES ('3', '46', '600', '0', '0');
INSERT INTO xmai_profile2field VALUES ('3', '46', '601', '0', '0');
INSERT INTO xmai_profile2field VALUES ('3', '46', '602', '0', '0');
INSERT INTO xmai_profile2field VALUES ('3', '47', '603', '0', '0');
INSERT INTO xmai_profile2field VALUES ('3', '47', '604', '0', '0');
INSERT INTO xmai_profile2field VALUES ('3', '47', '605', '0', '0');
INSERT INTO xmai_profile2field VALUES ('3', '47', '606', '0', '0');
INSERT INTO xmai_profile2field VALUES ('3', '47', '607', '0', '0');
INSERT INTO xmai_profile2field VALUES ('3', '47', '608', '0', '0');
INSERT INTO xmai_profile2field VALUES ('3', '47', '609', '0', '0');
INSERT INTO xmai_profile2field VALUES ('3', '47', '610', '0', '0');
INSERT INTO xmai_profile2field VALUES ('3', '47', '611', '0', '0');
INSERT INTO xmai_profile2field VALUES ('3', '47', '612', '0', '0');
INSERT INTO xmai_profile2field VALUES ('3', '47', '613', '0', '0');
INSERT INTO xmai_profile2field VALUES ('3', '47', '614', '0', '0');
INSERT INTO xmai_profile2field VALUES ('3', '47', '615', '0', '0');
INSERT INTO xmai_profile2field VALUES ('3', '47', '616', '0', '0');
INSERT INTO xmai_profile2field VALUES ('3', '47', '617', '0', '0');
INSERT INTO xmai_profile2field VALUES ('3', '48', '618', '0', '0');
INSERT INTO xmai_profile2field VALUES ('3', '48', '619', '0', '0');
INSERT INTO xmai_profile2field VALUES ('3', '48', '620', '0', '0');
INSERT INTO xmai_profile2field VALUES ('3', '48', '621', '0', '0');
INSERT INTO xmai_profile2field VALUES ('3', '48', '622', '0', '0');
INSERT INTO xmai_profile2field VALUES ('3', '48', '623', '0', '0');
INSERT INTO xmai_profile2field VALUES ('3', '48', '624', '0', '0');
INSERT INTO xmai_profile2field VALUES ('3', '48', '625', '0', '0');
INSERT INTO xmai_profile2field VALUES ('3', '48', '626', '0', '0');
INSERT INTO xmai_profile2field VALUES ('3', '48', '627', '0', '0');
INSERT INTO xmai_profile2field VALUES ('3', '48', '628', '0', '0');
INSERT INTO xmai_profile2field VALUES ('3', '48', '629', '0', '0');
INSERT INTO xmai_profile2field VALUES ('3', '48', '630', '0', '0');
INSERT INTO xmai_profile2field VALUES ('3', '48', '631', '0', '0');
INSERT INTO xmai_profile2field VALUES ('3', '48', '632', '0', '0');
INSERT INTO xmai_profile2field VALUES ('3', '48', '633', '0', '0');
INSERT INTO xmai_profile2field VALUES ('3', '48', '634', '0', '0');
INSERT INTO xmai_profile2field VALUES ('3', '50', '635', '0', '0');
INSERT INTO xmai_profile2field VALUES ('3', '50', '636', '0', '0');
INSERT INTO xmai_profile2field VALUES ('3', '50', '637', '0', '0');
INSERT INTO xmai_profile2field VALUES ('3', '50', '638', '0', '0');
INSERT INTO xmai_profile2field VALUES ('3', '50', '639', '0', '0');
INSERT INTO xmai_profile2field VALUES ('4', '6', '1', '0', '0');
INSERT INTO xmai_profile2field VALUES ('4', '6', '2', '0', '0');
INSERT INTO xmai_profile2field VALUES ('4', '6', '3', '0', '0');
INSERT INTO xmai_profile2field VALUES ('4', '6', '4', '0', '0');
INSERT INTO xmai_profile2field VALUES ('4', '6', '5', '0', '0');
INSERT INTO xmai_profile2field VALUES ('4', '6', '6', '0', '0');
INSERT INTO xmai_profile2field VALUES ('4', '6', '7', '0', '0');
INSERT INTO xmai_profile2field VALUES ('4', '6', '8', '0', '0');
INSERT INTO xmai_profile2field VALUES ('4', '6', '9', '0', '0');
INSERT INTO xmai_profile2field VALUES ('4', '6', '10', '0', '0');
INSERT INTO xmai_profile2field VALUES ('4', '6', '11', '0', '0');
INSERT INTO xmai_profile2field VALUES ('4', '6', '12', '0', '0');
INSERT INTO xmai_profile2field VALUES ('4', '6', '13', '0', '0');
INSERT INTO xmai_profile2field VALUES ('4', '6', '14', '0', '0');
INSERT INTO xmai_profile2field VALUES ('4', '6', '15', '0', '0');
INSERT INTO xmai_profile2field VALUES ('4', '6', '16', '0', '0');
INSERT INTO xmai_profile2field VALUES ('4', '6', '17', '0', '0');
INSERT INTO xmai_profile2field VALUES ('4', '6', '18', '0', '0');
INSERT INTO xmai_profile2field VALUES ('4', '6', '19', '0', '0');
INSERT INTO xmai_profile2field VALUES ('4', '6', '20', '0', '0');
INSERT INTO xmai_profile2field VALUES ('4', '6', '21', '0', '0');
INSERT INTO xmai_profile2field VALUES ('4', '6', '22', '0', '0');
INSERT INTO xmai_profile2field VALUES ('4', '6', '23', '0', '0');
INSERT INTO xmai_profile2field VALUES ('4', '6', '24', '0', '0');
INSERT INTO xmai_profile2field VALUES ('4', '6', '25', '0', '0');
INSERT INTO xmai_profile2field VALUES ('4', '6', '26', '0', '0');
INSERT INTO xmai_profile2field VALUES ('4', '6', '27', '0', '0');
INSERT INTO xmai_profile2field VALUES ('4', '6', '28', '0', '0');
INSERT INTO xmai_profile2field VALUES ('4', '6', '29', '0', '0');
INSERT INTO xmai_profile2field VALUES ('4', '6', '30', '0', '0');
INSERT INTO xmai_profile2field VALUES ('4', '6', '31', '0', '0');
INSERT INTO xmai_profile2field VALUES ('4', '6', '32', '0', '0');
INSERT INTO xmai_profile2field VALUES ('4', '6', '33', '0', '0');
INSERT INTO xmai_profile2field VALUES ('4', '6', '34', '0', '0');
INSERT INTO xmai_profile2field VALUES ('4', '6', '35', '0', '0');
INSERT INTO xmai_profile2field VALUES ('4', '6', '36', '0', '0');
INSERT INTO xmai_profile2field VALUES ('4', '7', '37', '0', '0');
INSERT INTO xmai_profile2field VALUES ('4', '7', '38', '0', '0');
INSERT INTO xmai_profile2field VALUES ('4', '7', '39', '0', '0');
INSERT INTO xmai_profile2field VALUES ('4', '7', '40', '0', '0');
INSERT INTO xmai_profile2field VALUES ('4', '7', '41', '0', '0');
INSERT INTO xmai_profile2field VALUES ('4', '7', '42', '0', '0');
INSERT INTO xmai_profile2field VALUES ('4', '7', '43', '0', '0');
INSERT INTO xmai_profile2field VALUES ('4', '7', '44', '0', '0');
INSERT INTO xmai_profile2field VALUES ('4', '7', '45', '0', '0');
INSERT INTO xmai_profile2field VALUES ('4', '7', '46', '0', '0');
INSERT INTO xmai_profile2field VALUES ('4', '7', '47', '0', '0');
INSERT INTO xmai_profile2field VALUES ('4', '7', '48', '0', '0');
INSERT INTO xmai_profile2field VALUES ('4', '7', '49', '0', '0');
INSERT INTO xmai_profile2field VALUES ('4', '7', '50', '0', '0');
INSERT INTO xmai_profile2field VALUES ('4', '7', '51', '0', '0');
INSERT INTO xmai_profile2field VALUES ('4', '7', '52', '0', '0');
INSERT INTO xmai_profile2field VALUES ('4', '7', '53', '0', '0');
INSERT INTO xmai_profile2field VALUES ('4', '7', '54', '0', '0');
INSERT INTO xmai_profile2field VALUES ('4', '7', '55', '0', '0');
INSERT INTO xmai_profile2field VALUES ('4', '7', '56', '0', '0');
INSERT INTO xmai_profile2field VALUES ('4', '7', '57', '0', '0');
INSERT INTO xmai_profile2field VALUES ('4', '7', '58', '0', '0');
INSERT INTO xmai_profile2field VALUES ('4', '7', '59', '0', '0');
INSERT INTO xmai_profile2field VALUES ('4', '7', '60', '0', '0');
INSERT INTO xmai_profile2field VALUES ('4', '7', '61', '0', '0');
INSERT INTO xmai_profile2field VALUES ('4', '7', '62', '0', '0');
INSERT INTO xmai_profile2field VALUES ('4', '7', '63', '0', '0');
INSERT INTO xmai_profile2field VALUES ('4', '7', '64', '0', '0');
INSERT INTO xmai_profile2field VALUES ('4', '7', '65', '0', '0');
INSERT INTO xmai_profile2field VALUES ('4', '4', '66', '0', '0');
INSERT INTO xmai_profile2field VALUES ('4', '4', '67', '0', '0');
INSERT INTO xmai_profile2field VALUES ('4', '4', '68', '0', '0');
INSERT INTO xmai_profile2field VALUES ('4', '4', '69', '0', '0');
INSERT INTO xmai_profile2field VALUES ('4', '4', '70', '0', '0');
INSERT INTO xmai_profile2field VALUES ('4', '4', '71', '0', '0');
INSERT INTO xmai_profile2field VALUES ('4', '4', '72', '0', '0');
INSERT INTO xmai_profile2field VALUES ('4', '4', '73', '0', '0');
INSERT INTO xmai_profile2field VALUES ('4', '4', '74', '0', '0');
INSERT INTO xmai_profile2field VALUES ('4', '4', '75', '0', '0');
INSERT INTO xmai_profile2field VALUES ('4', '4', '76', '0', '0');
INSERT INTO xmai_profile2field VALUES ('4', '4', '77', '0', '0');
INSERT INTO xmai_profile2field VALUES ('4', '4', '78', '0', '0');
INSERT INTO xmai_profile2field VALUES ('4', '4', '79', '0', '0');
INSERT INTO xmai_profile2field VALUES ('4', '4', '80', '0', '0');
INSERT INTO xmai_profile2field VALUES ('4', '4', '81', '0', '0');
INSERT INTO xmai_profile2field VALUES ('4', '4', '82', '0', '0');
INSERT INTO xmai_profile2field VALUES ('4', '4', '83', '0', '0');
INSERT INTO xmai_profile2field VALUES ('4', '4', '84', '0', '0');
INSERT INTO xmai_profile2field VALUES ('4', '4', '85', '0', '0');
INSERT INTO xmai_profile2field VALUES ('4', '4', '86', '0', '0');
INSERT INTO xmai_profile2field VALUES ('4', '4', '87', '0', '0');
INSERT INTO xmai_profile2field VALUES ('4', '4', '88', '0', '0');
INSERT INTO xmai_profile2field VALUES ('4', '4', '89', '0', '0');
INSERT INTO xmai_profile2field VALUES ('4', '4', '90', '0', '0');
INSERT INTO xmai_profile2field VALUES ('4', '4', '91', '0', '0');
INSERT INTO xmai_profile2field VALUES ('4', '4', '92', '0', '0');
INSERT INTO xmai_profile2field VALUES ('4', '4', '93', '0', '0');
INSERT INTO xmai_profile2field VALUES ('4', '4', '94', '0', '0');
INSERT INTO xmai_profile2field VALUES ('4', '4', '95', '0', '0');
INSERT INTO xmai_profile2field VALUES ('4', '4', '96', '0', '0');
INSERT INTO xmai_profile2field VALUES ('4', '4', '97', '0', '0');
INSERT INTO xmai_profile2field VALUES ('4', '4', '98', '0', '0');
INSERT INTO xmai_profile2field VALUES ('4', '4', '99', '0', '0');
INSERT INTO xmai_profile2field VALUES ('4', '4', '100', '0', '0');
INSERT INTO xmai_profile2field VALUES ('4', '4', '101', '0', '0');
INSERT INTO xmai_profile2field VALUES ('4', '4', '102', '0', '0');
INSERT INTO xmai_profile2field VALUES ('4', '4', '103', '0', '0');
INSERT INTO xmai_profile2field VALUES ('4', '4', '104', '0', '0');
INSERT INTO xmai_profile2field VALUES ('4', '4', '105', '0', '0');
INSERT INTO xmai_profile2field VALUES ('4', '4', '106', '0', '0');
INSERT INTO xmai_profile2field VALUES ('4', '4', '107', '0', '0');
INSERT INTO xmai_profile2field VALUES ('4', '4', '108', '0', '0');
INSERT INTO xmai_profile2field VALUES ('4', '4', '109', '0', '0');
INSERT INTO xmai_profile2field VALUES ('4', '2', '110', '0', '0');
INSERT INTO xmai_profile2field VALUES ('4', '2', '111', '0', '0');
INSERT INTO xmai_profile2field VALUES ('4', '2', '112', '0', '0');
INSERT INTO xmai_profile2field VALUES ('4', '2', '113', '0', '0');
INSERT INTO xmai_profile2field VALUES ('4', '2', '114', '0', '0');
INSERT INTO xmai_profile2field VALUES ('4', '2', '115', '0', '0');
INSERT INTO xmai_profile2field VALUES ('4', '2', '116', '0', '0');
INSERT INTO xmai_profile2field VALUES ('4', '2', '117', '0', '0');
INSERT INTO xmai_profile2field VALUES ('4', '2', '118', '0', '0');
INSERT INTO xmai_profile2field VALUES ('4', '2', '119', '0', '0');
INSERT INTO xmai_profile2field VALUES ('4', '2', '120', '0', '0');
INSERT INTO xmai_profile2field VALUES ('4', '2', '121', '0', '0');
INSERT INTO xmai_profile2field VALUES ('4', '2', '122', '0', '0');
INSERT INTO xmai_profile2field VALUES ('4', '2', '123', '0', '0');
INSERT INTO xmai_profile2field VALUES ('4', '2', '124', '0', '0');
INSERT INTO xmai_profile2field VALUES ('4', '2', '125', '0', '0');
INSERT INTO xmai_profile2field VALUES ('4', '26', '126', '0', '0');
INSERT INTO xmai_profile2field VALUES ('4', '26', '127', '0', '0');
INSERT INTO xmai_profile2field VALUES ('4', '26', '128', '0', '0');
INSERT INTO xmai_profile2field VALUES ('4', '26', '129', '0', '0');
INSERT INTO xmai_profile2field VALUES ('4', '26', '130', '0', '0');
INSERT INTO xmai_profile2field VALUES ('4', '26', '131', '0', '0');
INSERT INTO xmai_profile2field VALUES ('4', '26', '132', '0', '0');
INSERT INTO xmai_profile2field VALUES ('4', '26', '133', '0', '0');
INSERT INTO xmai_profile2field VALUES ('4', '26', '134', '0', '0');
INSERT INTO xmai_profile2field VALUES ('4', '26', '135', '0', '0');
INSERT INTO xmai_profile2field VALUES ('4', '26', '136', '0', '0');
INSERT INTO xmai_profile2field VALUES ('4', '26', '137', '0', '0');
INSERT INTO xmai_profile2field VALUES ('4', '26', '138', '0', '0');
INSERT INTO xmai_profile2field VALUES ('4', '26', '139', '0', '0');
INSERT INTO xmai_profile2field VALUES ('4', '26', '140', '0', '0');
INSERT INTO xmai_profile2field VALUES ('4', '26', '141', '0', '0');
INSERT INTO xmai_profile2field VALUES ('4', '26', '142', '0', '0');
INSERT INTO xmai_profile2field VALUES ('4', '26', '143', '0', '0');
INSERT INTO xmai_profile2field VALUES ('4', '26', '144', '0', '0');
INSERT INTO xmai_profile2field VALUES ('4', '26', '145', '0', '0');
INSERT INTO xmai_profile2field VALUES ('4', '26', '146', '0', '0');
INSERT INTO xmai_profile2field VALUES ('4', '26', '147', '0', '0');
INSERT INTO xmai_profile2field VALUES ('4', '26', '148', '0', '0');
INSERT INTO xmai_profile2field VALUES ('4', '26', '149', '0', '0');
INSERT INTO xmai_profile2field VALUES ('4', '26', '150', '0', '0');
INSERT INTO xmai_profile2field VALUES ('4', '4', '151', '0', '0');
INSERT INTO xmai_profile2field VALUES ('4', '6', '152', '0', '0');
INSERT INTO xmai_profile2field VALUES ('4', '7', '153', '0', '0');
INSERT INTO xmai_profile2field VALUES ('4', '26', '154', '0', '0');
INSERT INTO xmai_profile2field VALUES ('4', '13', '155', '0', '0');
INSERT INTO xmai_profile2field VALUES ('4', '13', '156', '0', '0');
INSERT INTO xmai_profile2field VALUES ('4', '13', '157', '0', '0');
INSERT INTO xmai_profile2field VALUES ('4', '13', '158', '0', '0');
INSERT INTO xmai_profile2field VALUES ('4', '13', '159', '0', '0');
INSERT INTO xmai_profile2field VALUES ('4', '13', '160', '0', '0');
INSERT INTO xmai_profile2field VALUES ('4', '13', '161', '0', '0');
INSERT INTO xmai_profile2field VALUES ('4', '13', '162', '0', '0');
INSERT INTO xmai_profile2field VALUES ('4', '13', '163', '0', '0');
INSERT INTO xmai_profile2field VALUES ('4', '13', '164', '0', '0');
INSERT INTO xmai_profile2field VALUES ('4', '13', '165', '0', '0');
INSERT INTO xmai_profile2field VALUES ('4', '13', '166', '0', '0');
INSERT INTO xmai_profile2field VALUES ('4', '13', '167', '0', '0');
INSERT INTO xmai_profile2field VALUES ('4', '13', '168', '0', '0');
INSERT INTO xmai_profile2field VALUES ('4', '13', '169', '0', '0');
INSERT INTO xmai_profile2field VALUES ('4', '13', '170', '0', '0');
INSERT INTO xmai_profile2field VALUES ('4', '13', '171', '0', '0');
INSERT INTO xmai_profile2field VALUES ('4', '13', '172', '0', '0');
INSERT INTO xmai_profile2field VALUES ('4', '13', '173', '0', '0');
INSERT INTO xmai_profile2field VALUES ('4', '14', '174', '0', '0');
INSERT INTO xmai_profile2field VALUES ('4', '14', '175', '0', '0');
INSERT INTO xmai_profile2field VALUES ('4', '14', '176', '0', '0');
INSERT INTO xmai_profile2field VALUES ('4', '14', '177', '0', '0');
INSERT INTO xmai_profile2field VALUES ('4', '14', '178', '0', '0');
INSERT INTO xmai_profile2field VALUES ('4', '14', '179', '0', '0');
INSERT INTO xmai_profile2field VALUES ('4', '14', '180', '0', '0');
INSERT INTO xmai_profile2field VALUES ('4', '14', '181', '0', '0');
INSERT INTO xmai_profile2field VALUES ('4', '14', '182', '0', '0');
INSERT INTO xmai_profile2field VALUES ('4', '14', '183', '0', '0');
INSERT INTO xmai_profile2field VALUES ('4', '14', '184', '0', '0');
INSERT INTO xmai_profile2field VALUES ('4', '14', '185', '0', '0');
INSERT INTO xmai_profile2field VALUES ('4', '14', '186', '0', '0');
INSERT INTO xmai_profile2field VALUES ('4', '14', '187', '0', '0');
INSERT INTO xmai_profile2field VALUES ('4', '14', '188', '0', '0');
INSERT INTO xmai_profile2field VALUES ('4', '14', '189', '0', '0');
INSERT INTO xmai_profile2field VALUES ('4', '14', '190', '0', '0');
INSERT INTO xmai_profile2field VALUES ('4', '14', '191', '0', '0');
INSERT INTO xmai_profile2field VALUES ('4', '14', '192', '0', '0');
INSERT INTO xmai_profile2field VALUES ('4', '14', '193', '0', '0');
INSERT INTO xmai_profile2field VALUES ('4', '14', '194', '0', '0');
INSERT INTO xmai_profile2field VALUES ('4', '14', '195', '0', '0');
INSERT INTO xmai_profile2field VALUES ('4', '14', '196', '0', '0');
INSERT INTO xmai_profile2field VALUES ('4', '14', '197', '0', '0');
INSERT INTO xmai_profile2field VALUES ('4', '14', '198', '0', '0');
INSERT INTO xmai_profile2field VALUES ('4', '14', '199', '0', '0');
INSERT INTO xmai_profile2field VALUES ('4', '14', '200', '0', '0');
INSERT INTO xmai_profile2field VALUES ('4', '14', '201', '0', '0');
INSERT INTO xmai_profile2field VALUES ('4', '14', '202', '0', '0');
INSERT INTO xmai_profile2field VALUES ('4', '14', '203', '0', '0');
INSERT INTO xmai_profile2field VALUES ('4', '14', '204', '0', '0');
INSERT INTO xmai_profile2field VALUES ('4', '8', '205', '0', '0');
INSERT INTO xmai_profile2field VALUES ('4', '8', '206', '0', '0');
INSERT INTO xmai_profile2field VALUES ('4', '8', '207', '0', '0');
INSERT INTO xmai_profile2field VALUES ('4', '8', '208', '0', '0');
INSERT INTO xmai_profile2field VALUES ('4', '8', '209', '0', '0');
INSERT INTO xmai_profile2field VALUES ('4', '8', '210', '0', '0');
INSERT INTO xmai_profile2field VALUES ('4', '8', '211', '0', '0');
INSERT INTO xmai_profile2field VALUES ('4', '8', '212', '0', '0');
INSERT INTO xmai_profile2field VALUES ('4', '8', '213', '0', '0');
INSERT INTO xmai_profile2field VALUES ('4', '8', '214', '0', '0');
INSERT INTO xmai_profile2field VALUES ('4', '8', '215', '0', '0');
INSERT INTO xmai_profile2field VALUES ('4', '8', '216', '0', '0');
INSERT INTO xmai_profile2field VALUES ('4', '8', '217', '0', '0');
INSERT INTO xmai_profile2field VALUES ('4', '8', '218', '0', '0');
INSERT INTO xmai_profile2field VALUES ('4', '8', '219', '0', '0');
INSERT INTO xmai_profile2field VALUES ('4', '10', '220', '0', '0');
INSERT INTO xmai_profile2field VALUES ('4', '10', '221', '0', '0');
INSERT INTO xmai_profile2field VALUES ('4', '10', '222', '0', '0');
INSERT INTO xmai_profile2field VALUES ('4', '10', '223', '0', '0');
INSERT INTO xmai_profile2field VALUES ('4', '10', '224', '0', '0');
INSERT INTO xmai_profile2field VALUES ('4', '10', '225', '0', '0');
INSERT INTO xmai_profile2field VALUES ('4', '10', '226', '0', '0');
INSERT INTO xmai_profile2field VALUES ('4', '10', '227', '0', '0');
INSERT INTO xmai_profile2field VALUES ('4', '10', '228', '0', '0');
INSERT INTO xmai_profile2field VALUES ('4', '10', '229', '0', '0');
INSERT INTO xmai_profile2field VALUES ('4', '10', '230', '0', '0');
INSERT INTO xmai_profile2field VALUES ('4', '10', '231', '0', '0');
INSERT INTO xmai_profile2field VALUES ('4', '9', '232', '0', '0');
INSERT INTO xmai_profile2field VALUES ('4', '9', '233', '0', '0');
INSERT INTO xmai_profile2field VALUES ('4', '9', '234', '0', '0');
INSERT INTO xmai_profile2field VALUES ('4', '9', '235', '0', '0');
INSERT INTO xmai_profile2field VALUES ('4', '9', '236', '0', '0');
INSERT INTO xmai_profile2field VALUES ('4', '9', '237', '0', '0');
INSERT INTO xmai_profile2field VALUES ('4', '9', '238', '0', '0');
INSERT INTO xmai_profile2field VALUES ('4', '9', '239', '0', '0');
INSERT INTO xmai_profile2field VALUES ('4', '9', '240', '0', '0');
INSERT INTO xmai_profile2field VALUES ('4', '9', '241', '0', '0');
INSERT INTO xmai_profile2field VALUES ('4', '9', '242', '0', '0');
INSERT INTO xmai_profile2field VALUES ('4', '9', '243', '0', '0');
INSERT INTO xmai_profile2field VALUES ('4', '9', '244', '0', '0');
INSERT INTO xmai_profile2field VALUES ('4', '9', '245', '0', '0');
INSERT INTO xmai_profile2field VALUES ('4', '9', '246', '0', '0');
INSERT INTO xmai_profile2field VALUES ('4', '9', '247', '0', '0');
INSERT INTO xmai_profile2field VALUES ('4', '9', '248', '0', '0');
INSERT INTO xmai_profile2field VALUES ('4', '9', '249', '0', '0');
INSERT INTO xmai_profile2field VALUES ('4', '9', '250', '0', '0');
INSERT INTO xmai_profile2field VALUES ('4', '9', '251', '0', '0');
INSERT INTO xmai_profile2field VALUES ('4', '9', '252', '0', '0');
INSERT INTO xmai_profile2field VALUES ('4', '9', '253', '0', '0');
INSERT INTO xmai_profile2field VALUES ('4', '9', '254', '0', '0');
INSERT INTO xmai_profile2field VALUES ('4', '9', '255', '0', '0');
INSERT INTO xmai_profile2field VALUES ('4', '16', '256', '0', '0');
INSERT INTO xmai_profile2field VALUES ('4', '16', '257', '0', '0');
INSERT INTO xmai_profile2field VALUES ('4', '16', '258', '0', '0');
INSERT INTO xmai_profile2field VALUES ('4', '16', '259', '0', '0');
INSERT INTO xmai_profile2field VALUES ('4', '16', '260', '0', '0');
INSERT INTO xmai_profile2field VALUES ('4', '16', '261', '0', '0');
INSERT INTO xmai_profile2field VALUES ('4', '16', '262', '0', '0');
INSERT INTO xmai_profile2field VALUES ('4', '16', '263', '0', '0');
INSERT INTO xmai_profile2field VALUES ('4', '16', '264', '0', '0');
INSERT INTO xmai_profile2field VALUES ('4', '16', '265', '0', '0');
INSERT INTO xmai_profile2field VALUES ('4', '16', '266', '0', '0');
INSERT INTO xmai_profile2field VALUES ('4', '16', '267', '0', '0');
INSERT INTO xmai_profile2field VALUES ('4', '16', '268', '0', '0');
INSERT INTO xmai_profile2field VALUES ('4', '16', '269', '0', '0');
INSERT INTO xmai_profile2field VALUES ('4', '16', '270', '0', '0');
INSERT INTO xmai_profile2field VALUES ('4', '16', '271', '0', '0');
INSERT INTO xmai_profile2field VALUES ('4', '16', '272', '0', '0');
INSERT INTO xmai_profile2field VALUES ('4', '16', '273', '0', '0');
INSERT INTO xmai_profile2field VALUES ('4', '16', '274', '0', '0');
INSERT INTO xmai_profile2field VALUES ('4', '16', '275', '0', '0');
INSERT INTO xmai_profile2field VALUES ('4', '16', '276', '0', '0');
INSERT INTO xmai_profile2field VALUES ('4', '16', '277', '0', '0');
INSERT INTO xmai_profile2field VALUES ('4', '16', '278', '0', '0');
INSERT INTO xmai_profile2field VALUES ('4', '15', '279', '0', '0');
INSERT INTO xmai_profile2field VALUES ('4', '15', '280', '0', '0');
INSERT INTO xmai_profile2field VALUES ('4', '15', '281', '0', '0');
INSERT INTO xmai_profile2field VALUES ('4', '15', '282', '0', '0');
INSERT INTO xmai_profile2field VALUES ('4', '15', '283', '0', '0');
INSERT INTO xmai_profile2field VALUES ('4', '15', '284', '0', '0');
INSERT INTO xmai_profile2field VALUES ('4', '15', '285', '0', '0');
INSERT INTO xmai_profile2field VALUES ('4', '15', '286', '0', '0');
INSERT INTO xmai_profile2field VALUES ('4', '15', '287', '0', '0');
INSERT INTO xmai_profile2field VALUES ('4', '15', '288', '0', '0');
INSERT INTO xmai_profile2field VALUES ('4', '18', '289', '0', '0');
INSERT INTO xmai_profile2field VALUES ('4', '18', '290', '0', '0');
INSERT INTO xmai_profile2field VALUES ('4', '18', '291', '0', '0');
INSERT INTO xmai_profile2field VALUES ('4', '18', '292', '0', '0');
INSERT INTO xmai_profile2field VALUES ('4', '18', '293', '0', '0');
INSERT INTO xmai_profile2field VALUES ('4', '18', '294', '0', '0');
INSERT INTO xmai_profile2field VALUES ('4', '18', '295', '0', '0');
INSERT INTO xmai_profile2field VALUES ('4', '18', '296', '0', '0');
INSERT INTO xmai_profile2field VALUES ('4', '18', '297', '0', '0');
INSERT INTO xmai_profile2field VALUES ('4', '18', '298', '0', '0');
INSERT INTO xmai_profile2field VALUES ('4', '18', '299', '0', '0');
INSERT INTO xmai_profile2field VALUES ('4', '18', '300', '0', '0');
INSERT INTO xmai_profile2field VALUES ('4', '18', '301', '0', '0');
INSERT INTO xmai_profile2field VALUES ('4', '18', '302', '0', '0');
INSERT INTO xmai_profile2field VALUES ('4', '18', '303', '0', '0');
INSERT INTO xmai_profile2field VALUES ('4', '18', '304', '0', '0');
INSERT INTO xmai_profile2field VALUES ('4', '18', '305', '0', '0');
INSERT INTO xmai_profile2field VALUES ('4', '19', '306', '0', '0');
INSERT INTO xmai_profile2field VALUES ('4', '19', '307', '0', '0');
INSERT INTO xmai_profile2field VALUES ('4', '19', '308', '0', '0');
INSERT INTO xmai_profile2field VALUES ('4', '19', '309', '0', '0');
INSERT INTO xmai_profile2field VALUES ('4', '19', '310', '0', '0');
INSERT INTO xmai_profile2field VALUES ('4', '19', '311', '0', '0');
INSERT INTO xmai_profile2field VALUES ('4', '19', '312', '0', '0');
INSERT INTO xmai_profile2field VALUES ('4', '19', '313', '0', '0');
INSERT INTO xmai_profile2field VALUES ('4', '20', '314', '0', '0');
INSERT INTO xmai_profile2field VALUES ('4', '20', '315', '0', '0');
INSERT INTO xmai_profile2field VALUES ('4', '20', '316', '0', '0');
INSERT INTO xmai_profile2field VALUES ('4', '20', '317', '0', '0');
INSERT INTO xmai_profile2field VALUES ('4', '20', '318', '0', '0');
INSERT INTO xmai_profile2field VALUES ('4', '20', '319', '0', '0');
INSERT INTO xmai_profile2field VALUES ('4', '20', '320', '0', '0');
INSERT INTO xmai_profile2field VALUES ('4', '20', '321', '0', '0');
INSERT INTO xmai_profile2field VALUES ('4', '20', '322', '0', '0');
INSERT INTO xmai_profile2field VALUES ('4', '20', '323', '0', '0');
INSERT INTO xmai_profile2field VALUES ('4', '20', '324', '0', '0');
INSERT INTO xmai_profile2field VALUES ('4', '20', '325', '0', '0');
INSERT INTO xmai_profile2field VALUES ('4', '20', '326', '0', '0');
INSERT INTO xmai_profile2field VALUES ('4', '20', '327', '0', '0');
INSERT INTO xmai_profile2field VALUES ('4', '20', '328', '0', '0');
INSERT INTO xmai_profile2field VALUES ('4', '20', '329', '0', '0');
INSERT INTO xmai_profile2field VALUES ('4', '20', '330', '0', '0');
INSERT INTO xmai_profile2field VALUES ('4', '20', '331', '0', '0');
INSERT INTO xmai_profile2field VALUES ('4', '20', '332', '0', '0');
INSERT INTO xmai_profile2field VALUES ('4', '20', '333', '0', '0');
INSERT INTO xmai_profile2field VALUES ('4', '20', '334', '0', '0');
INSERT INTO xmai_profile2field VALUES ('4', '20', '335', '0', '0');
INSERT INTO xmai_profile2field VALUES ('4', '20', '336', '0', '0');
INSERT INTO xmai_profile2field VALUES ('4', '20', '337', '0', '0');
INSERT INTO xmai_profile2field VALUES ('4', '20', '338', '0', '0');
INSERT INTO xmai_profile2field VALUES ('4', '20', '339', '0', '0');
INSERT INTO xmai_profile2field VALUES ('4', '20', '340', '0', '0');
INSERT INTO xmai_profile2field VALUES ('4', '20', '341', '0', '0');
INSERT INTO xmai_profile2field VALUES ('4', '20', '342', '0', '0');
INSERT INTO xmai_profile2field VALUES ('4', '20', '343', '0', '0');
INSERT INTO xmai_profile2field VALUES ('4', '20', '344', '0', '0');
INSERT INTO xmai_profile2field VALUES ('4', '20', '345', '0', '0');
INSERT INTO xmai_profile2field VALUES ('4', '20', '346', '0', '0');
INSERT INTO xmai_profile2field VALUES ('4', '20', '347', '0', '0');
INSERT INTO xmai_profile2field VALUES ('4', '20', '348', '0', '0');
INSERT INTO xmai_profile2field VALUES ('4', '20', '349', '0', '0');
INSERT INTO xmai_profile2field VALUES ('4', '20', '350', '0', '0');
INSERT INTO xmai_profile2field VALUES ('4', '21', '351', '0', '0');
INSERT INTO xmai_profile2field VALUES ('4', '21', '352', '0', '0');
INSERT INTO xmai_profile2field VALUES ('4', '21', '353', '0', '0');
INSERT INTO xmai_profile2field VALUES ('4', '21', '354', '0', '0');
INSERT INTO xmai_profile2field VALUES ('4', '21', '355', '0', '0');
INSERT INTO xmai_profile2field VALUES ('4', '21', '356', '0', '0');
INSERT INTO xmai_profile2field VALUES ('4', '21', '357', '0', '0');
INSERT INTO xmai_profile2field VALUES ('4', '21', '358', '0', '0');
INSERT INTO xmai_profile2field VALUES ('4', '21', '359', '0', '0');
INSERT INTO xmai_profile2field VALUES ('4', '21', '360', '0', '0');
INSERT INTO xmai_profile2field VALUES ('4', '21', '361', '0', '0');
INSERT INTO xmai_profile2field VALUES ('4', '21', '362', '0', '0');
INSERT INTO xmai_profile2field VALUES ('4', '21', '363', '0', '0');
INSERT INTO xmai_profile2field VALUES ('4', '21', '364', '0', '0');
INSERT INTO xmai_profile2field VALUES ('4', '21', '365', '0', '0');
INSERT INTO xmai_profile2field VALUES ('4', '21', '366', '0', '0');
INSERT INTO xmai_profile2field VALUES ('4', '21', '367', '0', '0');
INSERT INTO xmai_profile2field VALUES ('4', '21', '368', '0', '0');
INSERT INTO xmai_profile2field VALUES ('4', '21', '369', '0', '0');
INSERT INTO xmai_profile2field VALUES ('4', '21', '370', '0', '0');
INSERT INTO xmai_profile2field VALUES ('4', '21', '371', '0', '0');
INSERT INTO xmai_profile2field VALUES ('4', '21', '372', '0', '0');
INSERT INTO xmai_profile2field VALUES ('4', '21', '373', '0', '0');
INSERT INTO xmai_profile2field VALUES ('4', '21', '374', '0', '0');
INSERT INTO xmai_profile2field VALUES ('4', '21', '375', '0', '0');
INSERT INTO xmai_profile2field VALUES ('4', '21', '376', '0', '0');
INSERT INTO xmai_profile2field VALUES ('4', '21', '377', '0', '0');
INSERT INTO xmai_profile2field VALUES ('4', '21', '378', '0', '0');
INSERT INTO xmai_profile2field VALUES ('4', '21', '379', '0', '0');
INSERT INTO xmai_profile2field VALUES ('4', '21', '380', '0', '0');
INSERT INTO xmai_profile2field VALUES ('4', '21', '381', '0', '0');
INSERT INTO xmai_profile2field VALUES ('4', '21', '382', '0', '0');
INSERT INTO xmai_profile2field VALUES ('4', '21', '383', '0', '0');
INSERT INTO xmai_profile2field VALUES ('4', '21', '384', '0', '0');
INSERT INTO xmai_profile2field VALUES ('4', '21', '385', '0', '0');
INSERT INTO xmai_profile2field VALUES ('4', '21', '386', '0', '0');
INSERT INTO xmai_profile2field VALUES ('4', '21', '387', '0', '0');
INSERT INTO xmai_profile2field VALUES ('4', '21', '388', '0', '0');
INSERT INTO xmai_profile2field VALUES ('4', '22', '389', '0', '0');
INSERT INTO xmai_profile2field VALUES ('4', '22', '390', '0', '0');
INSERT INTO xmai_profile2field VALUES ('4', '22', '391', '0', '0');
INSERT INTO xmai_profile2field VALUES ('4', '22', '392', '0', '0');
INSERT INTO xmai_profile2field VALUES ('4', '22', '393', '0', '0');
INSERT INTO xmai_profile2field VALUES ('4', '22', '394', '0', '0');
INSERT INTO xmai_profile2field VALUES ('4', '22', '395', '0', '0');
INSERT INTO xmai_profile2field VALUES ('4', '22', '396', '0', '0');
INSERT INTO xmai_profile2field VALUES ('4', '22', '397', '0', '0');
INSERT INTO xmai_profile2field VALUES ('4', '22', '398', '0', '0');
INSERT INTO xmai_profile2field VALUES ('4', '22', '399', '0', '0');
INSERT INTO xmai_profile2field VALUES ('4', '22', '400', '0', '0');
INSERT INTO xmai_profile2field VALUES ('4', '22', '401', '0', '0');
INSERT INTO xmai_profile2field VALUES ('4', '22', '402', '0', '0');
INSERT INTO xmai_profile2field VALUES ('4', '22', '403', '0', '0');
INSERT INTO xmai_profile2field VALUES ('4', '22', '404', '0', '0');
INSERT INTO xmai_profile2field VALUES ('4', '22', '405', '0', '0');
INSERT INTO xmai_profile2field VALUES ('4', '22', '406', '0', '0');
INSERT INTO xmai_profile2field VALUES ('4', '22', '407', '0', '0');
INSERT INTO xmai_profile2field VALUES ('4', '22', '408', '0', '0');
INSERT INTO xmai_profile2field VALUES ('4', '22', '409', '0', '0');
INSERT INTO xmai_profile2field VALUES ('4', '22', '410', '0', '0');
INSERT INTO xmai_profile2field VALUES ('4', '22', '411', '0', '0');
INSERT INTO xmai_profile2field VALUES ('4', '22', '412', '0', '0');
INSERT INTO xmai_profile2field VALUES ('4', '22', '413', '0', '0');
INSERT INTO xmai_profile2field VALUES ('4', '22', '414', '0', '0');
INSERT INTO xmai_profile2field VALUES ('4', '22', '415', '0', '0');
INSERT INTO xmai_profile2field VALUES ('4', '22', '416', '0', '0');
INSERT INTO xmai_profile2field VALUES ('4', '22', '417', '0', '0');
INSERT INTO xmai_profile2field VALUES ('4', '22', '418', '0', '0');
INSERT INTO xmai_profile2field VALUES ('4', '22', '419', '0', '0');
INSERT INTO xmai_profile2field VALUES ('4', '22', '420', '0', '0');
INSERT INTO xmai_profile2field VALUES ('4', '22', '421', '0', '0');
INSERT INTO xmai_profile2field VALUES ('4', '22', '422', '0', '0');
INSERT INTO xmai_profile2field VALUES ('4', '22', '423', '0', '0');
INSERT INTO xmai_profile2field VALUES ('4', '22', '424', '0', '0');
INSERT INTO xmai_profile2field VALUES ('4', '22', '425', '0', '0');
INSERT INTO xmai_profile2field VALUES ('4', '22', '426', '0', '0');
INSERT INTO xmai_profile2field VALUES ('4', '22', '427', '0', '0');
INSERT INTO xmai_profile2field VALUES ('4', '22', '428', '0', '0');
INSERT INTO xmai_profile2field VALUES ('4', '22', '429', '0', '0');
INSERT INTO xmai_profile2field VALUES ('4', '22', '430', '0', '0');
INSERT INTO xmai_profile2field VALUES ('4', '22', '431', '0', '0');
INSERT INTO xmai_profile2field VALUES ('4', '22', '432', '0', '0');
INSERT INTO xmai_profile2field VALUES ('4', '22', '433', '0', '0');
INSERT INTO xmai_profile2field VALUES ('4', '22', '434', '0', '0');
INSERT INTO xmai_profile2field VALUES ('4', '22', '435', '0', '0');
INSERT INTO xmai_profile2field VALUES ('4', '23', '436', '0', '0');
INSERT INTO xmai_profile2field VALUES ('4', '23', '437', '0', '0');
INSERT INTO xmai_profile2field VALUES ('4', '23', '438', '0', '0');
INSERT INTO xmai_profile2field VALUES ('4', '23', '439', '0', '0');
INSERT INTO xmai_profile2field VALUES ('4', '23', '440', '0', '0');
INSERT INTO xmai_profile2field VALUES ('4', '23', '441', '0', '0');
INSERT INTO xmai_profile2field VALUES ('4', '23', '442', '0', '0');
INSERT INTO xmai_profile2field VALUES ('4', '23', '443', '0', '0');
INSERT INTO xmai_profile2field VALUES ('4', '23', '444', '0', '0');
INSERT INTO xmai_profile2field VALUES ('4', '23', '445', '0', '0');
INSERT INTO xmai_profile2field VALUES ('4', '23', '446', '0', '0');
INSERT INTO xmai_profile2field VALUES ('4', '23', '447', '0', '0');
INSERT INTO xmai_profile2field VALUES ('4', '23', '448', '0', '0');
INSERT INTO xmai_profile2field VALUES ('4', '23', '449', '0', '0');
INSERT INTO xmai_profile2field VALUES ('4', '23', '450', '0', '0');
INSERT INTO xmai_profile2field VALUES ('4', '23', '451', '0', '0');
INSERT INTO xmai_profile2field VALUES ('4', '23', '452', '0', '0');
INSERT INTO xmai_profile2field VALUES ('4', '23', '453', '0', '0');
INSERT INTO xmai_profile2field VALUES ('4', '23', '454', '0', '0');
INSERT INTO xmai_profile2field VALUES ('4', '23', '455', '0', '0');
INSERT INTO xmai_profile2field VALUES ('4', '23', '456', '0', '0');
INSERT INTO xmai_profile2field VALUES ('4', '23', '457', '0', '0');
INSERT INTO xmai_profile2field VALUES ('4', '23', '458', '0', '0');
INSERT INTO xmai_profile2field VALUES ('4', '23', '459', '0', '0');
INSERT INTO xmai_profile2field VALUES ('4', '23', '460', '0', '0');
INSERT INTO xmai_profile2field VALUES ('4', '23', '461', '0', '0');
INSERT INTO xmai_profile2field VALUES ('4', '23', '462', '0', '0');
INSERT INTO xmai_profile2field VALUES ('4', '23', '463', '0', '0');
INSERT INTO xmai_profile2field VALUES ('4', '23', '464', '0', '0');
INSERT INTO xmai_profile2field VALUES ('4', '23', '465', '0', '0');
INSERT INTO xmai_profile2field VALUES ('4', '23', '466', '0', '0');
INSERT INTO xmai_profile2field VALUES ('4', '23', '467', '0', '0');
INSERT INTO xmai_profile2field VALUES ('4', '23', '468', '0', '0');
INSERT INTO xmai_profile2field VALUES ('4', '23', '469', '0', '0');
INSERT INTO xmai_profile2field VALUES ('4', '23', '470', '0', '0');
INSERT INTO xmai_profile2field VALUES ('4', '23', '471', '0', '0');
INSERT INTO xmai_profile2field VALUES ('4', '23', '472', '0', '0');
INSERT INTO xmai_profile2field VALUES ('4', '23', '473', '0', '0');
INSERT INTO xmai_profile2field VALUES ('4', '23', '474', '0', '0');
INSERT INTO xmai_profile2field VALUES ('4', '10', '519', '0', '0');
INSERT INTO xmai_profile2field VALUES ('4', '10', '520', '0', '0');
INSERT INTO xmai_profile2field VALUES ('4', '10', '521', '0', '0');
INSERT INTO xmai_profile2field VALUES ('4', '10', '522', '0', '0');
INSERT INTO xmai_profile2field VALUES ('4', '10', '523', '0', '0');
INSERT INTO xmai_profile2field VALUES ('4', '10', '524', '0', '0');
INSERT INTO xmai_profile2field VALUES ('4', '36', '525', '0', '0');
INSERT INTO xmai_profile2field VALUES ('4', '36', '526', '0', '0');
INSERT INTO xmai_profile2field VALUES ('4', '36', '527', '0', '0');
INSERT INTO xmai_profile2field VALUES ('4', '36', '528', '0', '0');
INSERT INTO xmai_profile2field VALUES ('4', '37', '531', '0', '0');
INSERT INTO xmai_profile2field VALUES ('4', '37', '532', '0', '0');
INSERT INTO xmai_profile2field VALUES ('4', '37', '533', '0', '0');
INSERT INTO xmai_profile2field VALUES ('4', '37', '534', '0', '0');
INSERT INTO xmai_profile2field VALUES ('4', '37', '535', '0', '0');
INSERT INTO xmai_profile2field VALUES ('4', '37', '536', '0', '0');
INSERT INTO xmai_profile2field VALUES ('4', '37', '537', '0', '0');
INSERT INTO xmai_profile2field VALUES ('4', '37', '538', '0', '0');
INSERT INTO xmai_profile2field VALUES ('4', '37', '539', '0', '0');
INSERT INTO xmai_profile2field VALUES ('4', '37', '540', '0', '0');
INSERT INTO xmai_profile2field VALUES ('4', '37', '541', '0', '0');
INSERT INTO xmai_profile2field VALUES ('4', '37', '542', '0', '0');
INSERT INTO xmai_profile2field VALUES ('4', '37', '543', '0', '0');
INSERT INTO xmai_profile2field VALUES ('4', '37', '544', '0', '0');
INSERT INTO xmai_profile2field VALUES ('4', '37', '545', '0', '0');
INSERT INTO xmai_profile2field VALUES ('4', '37', '546', '0', '0');
INSERT INTO xmai_profile2field VALUES ('4', '37', '547', '0', '0');
INSERT INTO xmai_profile2field VALUES ('4', '37', '548', '0', '0');
INSERT INTO xmai_profile2field VALUES ('4', '37', '549', '0', '0');
INSERT INTO xmai_profile2field VALUES ('4', '38', '550', '0', '0');
INSERT INTO xmai_profile2field VALUES ('4', '38', '551', '0', '0');
INSERT INTO xmai_profile2field VALUES ('4', '38', '552', '0', '0');
INSERT INTO xmai_profile2field VALUES ('4', '38', '553', '0', '0');
INSERT INTO xmai_profile2field VALUES ('4', '38', '554', '0', '0');
INSERT INTO xmai_profile2field VALUES ('4', '38', '555', '0', '0');
INSERT INTO xmai_profile2field VALUES ('4', '38', '556', '0', '0');
INSERT INTO xmai_profile2field VALUES ('4', '38', '557', '0', '0');
INSERT INTO xmai_profile2field VALUES ('4', '38', '558', '0', '0');
INSERT INTO xmai_profile2field VALUES ('4', '38', '559', '0', '0');
INSERT INTO xmai_profile2field VALUES ('4', '38', '560', '0', '0');
INSERT INTO xmai_profile2field VALUES ('4', '38', '561', '0', '0');
INSERT INTO xmai_profile2field VALUES ('4', '38', '562', '0', '0');
INSERT INTO xmai_profile2field VALUES ('4', '38', '563', '0', '0');
INSERT INTO xmai_profile2field VALUES ('4', '38', '564', '0', '0');
INSERT INTO xmai_profile2field VALUES ('4', '38', '565', '0', '0');
INSERT INTO xmai_profile2field VALUES ('4', '38', '566', '0', '0');
INSERT INTO xmai_profile2field VALUES ('4', '38', '567', '0', '0');
INSERT INTO xmai_profile2field VALUES ('4', '38', '568', '0', '0');
INSERT INTO xmai_profile2field VALUES ('4', '41', '569', '0', '0');
INSERT INTO xmai_profile2field VALUES ('4', '41', '570', '0', '0');
INSERT INTO xmai_profile2field VALUES ('4', '41', '571', '0', '0');
INSERT INTO xmai_profile2field VALUES ('4', '41', '572', '0', '0');
INSERT INTO xmai_profile2field VALUES ('4', '41', '573', '0', '0');
INSERT INTO xmai_profile2field VALUES ('4', '41', '574', '0', '0');
INSERT INTO xmai_profile2field VALUES ('4', '41', '575', '0', '0');
INSERT INTO xmai_profile2field VALUES ('4', '41', '576', '0', '0');
INSERT INTO xmai_profile2field VALUES ('4', '41', '577', '0', '0');
INSERT INTO xmai_profile2field VALUES ('4', '41', '578', '0', '0');
INSERT INTO xmai_profile2field VALUES ('4', '41', '579', '0', '0');
INSERT INTO xmai_profile2field VALUES ('4', '41', '580', '0', '0');
INSERT INTO xmai_profile2field VALUES ('4', '41', '581', '0', '0');
INSERT INTO xmai_profile2field VALUES ('4', '41', '582', '0', '0');
INSERT INTO xmai_profile2field VALUES ('4', '41', '583', '0', '0');
INSERT INTO xmai_profile2field VALUES ('4', '41', '584', '0', '0');
INSERT INTO xmai_profile2field VALUES ('4', '41', '585', '0', '0');
INSERT INTO xmai_profile2field VALUES ('4', '45', '586', '0', '0');
INSERT INTO xmai_profile2field VALUES ('4', '45', '587', '0', '0');
INSERT INTO xmai_profile2field VALUES ('4', '45', '588', '0', '0');
INSERT INTO xmai_profile2field VALUES ('4', '45', '589', '0', '0');
INSERT INTO xmai_profile2field VALUES ('4', '45', '590', '0', '0');
INSERT INTO xmai_profile2field VALUES ('4', '45', '591', '0', '0');
INSERT INTO xmai_profile2field VALUES ('4', '45', '592', '0', '0');
INSERT INTO xmai_profile2field VALUES ('4', '46', '593', '0', '0');
INSERT INTO xmai_profile2field VALUES ('4', '46', '594', '0', '0');
INSERT INTO xmai_profile2field VALUES ('4', '46', '595', '0', '0');
INSERT INTO xmai_profile2field VALUES ('4', '46', '596', '0', '0');
INSERT INTO xmai_profile2field VALUES ('4', '46', '597', '0', '0');
INSERT INTO xmai_profile2field VALUES ('4', '46', '598', '0', '0');
INSERT INTO xmai_profile2field VALUES ('4', '46', '599', '0', '0');
INSERT INTO xmai_profile2field VALUES ('4', '46', '600', '0', '0');
INSERT INTO xmai_profile2field VALUES ('4', '46', '601', '0', '0');
INSERT INTO xmai_profile2field VALUES ('4', '46', '602', '0', '0');
INSERT INTO xmai_profile2field VALUES ('4', '47', '603', '0', '0');
INSERT INTO xmai_profile2field VALUES ('4', '47', '604', '0', '0');
INSERT INTO xmai_profile2field VALUES ('4', '47', '605', '0', '0');
INSERT INTO xmai_profile2field VALUES ('4', '47', '606', '0', '0');
INSERT INTO xmai_profile2field VALUES ('4', '47', '607', '0', '0');
INSERT INTO xmai_profile2field VALUES ('4', '47', '608', '0', '0');
INSERT INTO xmai_profile2field VALUES ('4', '47', '609', '0', '0');
INSERT INTO xmai_profile2field VALUES ('4', '47', '610', '0', '0');
INSERT INTO xmai_profile2field VALUES ('4', '47', '611', '0', '0');
INSERT INTO xmai_profile2field VALUES ('4', '47', '612', '0', '0');
INSERT INTO xmai_profile2field VALUES ('4', '47', '613', '0', '0');
INSERT INTO xmai_profile2field VALUES ('4', '47', '614', '0', '0');
INSERT INTO xmai_profile2field VALUES ('4', '47', '615', '0', '0');
INSERT INTO xmai_profile2field VALUES ('4', '47', '616', '0', '0');
INSERT INTO xmai_profile2field VALUES ('4', '47', '617', '0', '0');
INSERT INTO xmai_profile2field VALUES ('4', '48', '618', '0', '0');
INSERT INTO xmai_profile2field VALUES ('4', '48', '619', '0', '0');
INSERT INTO xmai_profile2field VALUES ('4', '48', '620', '0', '0');
INSERT INTO xmai_profile2field VALUES ('4', '48', '621', '0', '0');
INSERT INTO xmai_profile2field VALUES ('4', '48', '622', '0', '0');
INSERT INTO xmai_profile2field VALUES ('4', '48', '623', '0', '0');
INSERT INTO xmai_profile2field VALUES ('4', '48', '624', '0', '0');
INSERT INTO xmai_profile2field VALUES ('4', '48', '625', '0', '0');
INSERT INTO xmai_profile2field VALUES ('4', '48', '626', '0', '0');
INSERT INTO xmai_profile2field VALUES ('4', '48', '627', '0', '0');
INSERT INTO xmai_profile2field VALUES ('4', '48', '628', '0', '0');
INSERT INTO xmai_profile2field VALUES ('4', '48', '629', '0', '0');
INSERT INTO xmai_profile2field VALUES ('4', '48', '630', '0', '0');
INSERT INTO xmai_profile2field VALUES ('4', '48', '631', '0', '0');
INSERT INTO xmai_profile2field VALUES ('4', '48', '632', '0', '0');
INSERT INTO xmai_profile2field VALUES ('4', '48', '633', '0', '0');
INSERT INTO xmai_profile2field VALUES ('4', '48', '634', '0', '0');
INSERT INTO xmai_profile2field VALUES ('4', '50', '635', '0', '0');
INSERT INTO xmai_profile2field VALUES ('4', '50', '636', '0', '0');
INSERT INTO xmai_profile2field VALUES ('4', '50', '637', '0', '0');
INSERT INTO xmai_profile2field VALUES ('4', '50', '638', '0', '0');
INSERT INTO xmai_profile2field VALUES ('4', '50', '639', '0', '0');

-- ----------------------------
-- Table structure for `xmai_profile2globalpermissions`
-- ----------------------------
DROP TABLE IF EXISTS `xmai_profile2globalpermissions`;
CREATE TABLE `xmai_profile2globalpermissions` (
  `profileid` int(19) NOT NULL,
  `globalactionid` int(19) NOT NULL,
  `globalactionpermission` int(19) default NULL,
  PRIMARY KEY  (`profileid`,`globalactionid`),
  KEY `idx_profile2globalpermissions` (`profileid`,`globalactionid`),
  CONSTRAINT `fk_1_xmai_profile2globalpermissions` FOREIGN KEY (`profileid`) REFERENCES `xmai_profile` (`profileid`) ON DELETE CASCADE
) ENGINE=InnoDB DEFAULT CHARSET=utf8;

-- ----------------------------
-- Records of xmai_profile2globalpermissions
-- ----------------------------
INSERT INTO xmai_profile2globalpermissions VALUES ('1', '1', '0');
INSERT INTO xmai_profile2globalpermissions VALUES ('1', '2', '0');
INSERT INTO xmai_profile2globalpermissions VALUES ('2', '1', '1');
INSERT INTO xmai_profile2globalpermissions VALUES ('2', '2', '1');
INSERT INTO xmai_profile2globalpermissions VALUES ('3', '1', '1');
INSERT INTO xmai_profile2globalpermissions VALUES ('3', '2', '1');
INSERT INTO xmai_profile2globalpermissions VALUES ('4', '1', '1');
INSERT INTO xmai_profile2globalpermissions VALUES ('4', '2', '1');

-- ----------------------------
-- Table structure for `xmai_profile2standardpermissions`
-- ----------------------------
DROP TABLE IF EXISTS `xmai_profile2standardpermissions`;
CREATE TABLE `xmai_profile2standardpermissions` (
  `profileid` int(11) NOT NULL,
  `tabid` int(10) NOT NULL,
  `operation` int(10) NOT NULL,
  `permissions` int(1) default NULL,
  PRIMARY KEY  (`profileid`,`tabid`,`operation`),
  KEY `profile2standardpermissions_profileid_tabid_operation_idx` (`profileid`,`tabid`,`operation`)
) ENGINE=InnoDB DEFAULT CHARSET=utf8;

-- ----------------------------
-- Records of xmai_profile2standardpermissions
-- ----------------------------
INSERT INTO xmai_profile2standardpermissions VALUES ('1', '2', '0', '0');
INSERT INTO xmai_profile2standardpermissions VALUES ('1', '2', '1', '0');
INSERT INTO xmai_profile2standardpermissions VALUES ('1', '2', '2', '0');
INSERT INTO xmai_profile2standardpermissions VALUES ('1', '2', '3', '0');
INSERT INTO xmai_profile2standardpermissions VALUES ('1', '2', '4', '0');
INSERT INTO xmai_profile2standardpermissions VALUES ('1', '4', '0', '0');
INSERT INTO xmai_profile2standardpermissions VALUES ('1', '4', '1', '0');
INSERT INTO xmai_profile2standardpermissions VALUES ('1', '4', '2', '0');
INSERT INTO xmai_profile2standardpermissions VALUES ('1', '4', '3', '0');
INSERT INTO xmai_profile2standardpermissions VALUES ('1', '4', '4', '0');
INSERT INTO xmai_profile2standardpermissions VALUES ('1', '6', '0', '0');
INSERT INTO xmai_profile2standardpermissions VALUES ('1', '6', '1', '0');
INSERT INTO xmai_profile2standardpermissions VALUES ('1', '6', '2', '0');
INSERT INTO xmai_profile2standardpermissions VALUES ('1', '6', '3', '0');
INSERT INTO xmai_profile2standardpermissions VALUES ('1', '6', '4', '0');
INSERT INTO xmai_profile2standardpermissions VALUES ('1', '7', '0', '0');
INSERT INTO xmai_profile2standardpermissions VALUES ('1', '7', '1', '0');
INSERT INTO xmai_profile2standardpermissions VALUES ('1', '7', '2', '0');
INSERT INTO xmai_profile2standardpermissions VALUES ('1', '7', '3', '0');
INSERT INTO xmai_profile2standardpermissions VALUES ('1', '7', '4', '0');
INSERT INTO xmai_profile2standardpermissions VALUES ('1', '8', '0', '0');
INSERT INTO xmai_profile2standardpermissions VALUES ('1', '8', '1', '0');
INSERT INTO xmai_profile2standardpermissions VALUES ('1', '8', '2', '0');
INSERT INTO xmai_profile2standardpermissions VALUES ('1', '8', '3', '0');
INSERT INTO xmai_profile2standardpermissions VALUES ('1', '8', '4', '0');
INSERT INTO xmai_profile2standardpermissions VALUES ('1', '9', '0', '0');
INSERT INTO xmai_profile2standardpermissions VALUES ('1', '9', '1', '0');
INSERT INTO xmai_profile2standardpermissions VALUES ('1', '9', '2', '0');
INSERT INTO xmai_profile2standardpermissions VALUES ('1', '9', '3', '0');
INSERT INTO xmai_profile2standardpermissions VALUES ('1', '9', '4', '0');
INSERT INTO xmai_profile2standardpermissions VALUES ('1', '13', '0', '0');
INSERT INTO xmai_profile2standardpermissions VALUES ('1', '13', '1', '0');
INSERT INTO xmai_profile2standardpermissions VALUES ('1', '13', '2', '0');
INSERT INTO xmai_profile2standardpermissions VALUES ('1', '13', '3', '0');
INSERT INTO xmai_profile2standardpermissions VALUES ('1', '13', '4', '0');
INSERT INTO xmai_profile2standardpermissions VALUES ('1', '14', '0', '0');
INSERT INTO xmai_profile2standardpermissions VALUES ('1', '14', '1', '0');
INSERT INTO xmai_profile2standardpermissions VALUES ('1', '14', '2', '0');
INSERT INTO xmai_profile2standardpermissions VALUES ('1', '14', '3', '0');
INSERT INTO xmai_profile2standardpermissions VALUES ('1', '14', '4', '0');
INSERT INTO xmai_profile2standardpermissions VALUES ('1', '15', '0', '0');
INSERT INTO xmai_profile2standardpermissions VALUES ('1', '15', '1', '0');
INSERT INTO xmai_profile2standardpermissions VALUES ('1', '15', '2', '0');
INSERT INTO xmai_profile2standardpermissions VALUES ('1', '15', '3', '0');
INSERT INTO xmai_profile2standardpermissions VALUES ('1', '15', '4', '0');
INSERT INTO xmai_profile2standardpermissions VALUES ('1', '16', '0', '0');
INSERT INTO xmai_profile2standardpermissions VALUES ('1', '16', '1', '0');
INSERT INTO xmai_profile2standardpermissions VALUES ('1', '16', '2', '0');
INSERT INTO xmai_profile2standardpermissions VALUES ('1', '16', '3', '0');
INSERT INTO xmai_profile2standardpermissions VALUES ('1', '16', '4', '0');
INSERT INTO xmai_profile2standardpermissions VALUES ('1', '18', '0', '0');
INSERT INTO xmai_profile2standardpermissions VALUES ('1', '18', '1', '0');
INSERT INTO xmai_profile2standardpermissions VALUES ('1', '18', '2', '0');
INSERT INTO xmai_profile2standardpermissions VALUES ('1', '18', '3', '0');
INSERT INTO xmai_profile2standardpermissions VALUES ('1', '18', '4', '0');
INSERT INTO xmai_profile2standardpermissions VALUES ('1', '19', '0', '0');
INSERT INTO xmai_profile2standardpermissions VALUES ('1', '19', '1', '0');
INSERT INTO xmai_profile2standardpermissions VALUES ('1', '19', '2', '0');
INSERT INTO xmai_profile2standardpermissions VALUES ('1', '19', '3', '0');
INSERT INTO xmai_profile2standardpermissions VALUES ('1', '19', '4', '0');
INSERT INTO xmai_profile2standardpermissions VALUES ('1', '20', '0', '0');
INSERT INTO xmai_profile2standardpermissions VALUES ('1', '20', '1', '0');
INSERT INTO xmai_profile2standardpermissions VALUES ('1', '20', '2', '0');
INSERT INTO xmai_profile2standardpermissions VALUES ('1', '20', '3', '0');
INSERT INTO xmai_profile2standardpermissions VALUES ('1', '20', '4', '0');
INSERT INTO xmai_profile2standardpermissions VALUES ('1', '21', '0', '0');
INSERT INTO xmai_profile2standardpermissions VALUES ('1', '21', '1', '0');
INSERT INTO xmai_profile2standardpermissions VALUES ('1', '21', '2', '0');
INSERT INTO xmai_profile2standardpermissions VALUES ('1', '21', '3', '0');
INSERT INTO xmai_profile2standardpermissions VALUES ('1', '21', '4', '0');
INSERT INTO xmai_profile2standardpermissions VALUES ('1', '22', '0', '0');
INSERT INTO xmai_profile2standardpermissions VALUES ('1', '22', '1', '0');
INSERT INTO xmai_profile2standardpermissions VALUES ('1', '22', '2', '0');
INSERT INTO xmai_profile2standardpermissions VALUES ('1', '22', '3', '0');
INSERT INTO xmai_profile2standardpermissions VALUES ('1', '22', '4', '0');
INSERT INTO xmai_profile2standardpermissions VALUES ('1', '23', '0', '0');
INSERT INTO xmai_profile2standardpermissions VALUES ('1', '23', '1', '0');
INSERT INTO xmai_profile2standardpermissions VALUES ('1', '23', '2', '0');
INSERT INTO xmai_profile2standardpermissions VALUES ('1', '23', '3', '0');
INSERT INTO xmai_profile2standardpermissions VALUES ('1', '23', '4', '0');
INSERT INTO xmai_profile2standardpermissions VALUES ('1', '26', '0', '0');
INSERT INTO xmai_profile2standardpermissions VALUES ('1', '26', '1', '0');
INSERT INTO xmai_profile2standardpermissions VALUES ('1', '26', '2', '0');
INSERT INTO xmai_profile2standardpermissions VALUES ('1', '26', '3', '0');
INSERT INTO xmai_profile2standardpermissions VALUES ('1', '26', '4', '0');
INSERT INTO xmai_profile2standardpermissions VALUES ('1', '36', '0', '0');
INSERT INTO xmai_profile2standardpermissions VALUES ('1', '36', '1', '0');
INSERT INTO xmai_profile2standardpermissions VALUES ('1', '36', '2', '0');
INSERT INTO xmai_profile2standardpermissions VALUES ('1', '36', '3', '0');
INSERT INTO xmai_profile2standardpermissions VALUES ('1', '36', '4', '0');
INSERT INTO xmai_profile2standardpermissions VALUES ('1', '37', '0', '0');
INSERT INTO xmai_profile2standardpermissions VALUES ('1', '37', '1', '0');
INSERT INTO xmai_profile2standardpermissions VALUES ('1', '37', '2', '0');
INSERT INTO xmai_profile2standardpermissions VALUES ('1', '37', '3', '0');
INSERT INTO xmai_profile2standardpermissions VALUES ('1', '37', '4', '0');
INSERT INTO xmai_profile2standardpermissions VALUES ('1', '38', '0', '0');
INSERT INTO xmai_profile2standardpermissions VALUES ('1', '38', '1', '0');
INSERT INTO xmai_profile2standardpermissions VALUES ('1', '38', '2', '0');
INSERT INTO xmai_profile2standardpermissions VALUES ('1', '38', '3', '0');
INSERT INTO xmai_profile2standardpermissions VALUES ('1', '38', '4', '0');
INSERT INTO xmai_profile2standardpermissions VALUES ('1', '41', '0', '0');
INSERT INTO xmai_profile2standardpermissions VALUES ('1', '41', '1', '0');
INSERT INTO xmai_profile2standardpermissions VALUES ('1', '41', '2', '0');
INSERT INTO xmai_profile2standardpermissions VALUES ('1', '41', '3', '0');
INSERT INTO xmai_profile2standardpermissions VALUES ('1', '41', '4', '0');
INSERT INTO xmai_profile2standardpermissions VALUES ('1', '45', '0', '0');
INSERT INTO xmai_profile2standardpermissions VALUES ('1', '45', '1', '0');
INSERT INTO xmai_profile2standardpermissions VALUES ('1', '45', '2', '0');
INSERT INTO xmai_profile2standardpermissions VALUES ('1', '45', '3', '0');
INSERT INTO xmai_profile2standardpermissions VALUES ('1', '45', '4', '0');
INSERT INTO xmai_profile2standardpermissions VALUES ('1', '46', '0', '0');
INSERT INTO xmai_profile2standardpermissions VALUES ('1', '46', '1', '0');
INSERT INTO xmai_profile2standardpermissions VALUES ('1', '46', '2', '0');
INSERT INTO xmai_profile2standardpermissions VALUES ('1', '46', '3', '0');
INSERT INTO xmai_profile2standardpermissions VALUES ('1', '46', '4', '0');
INSERT INTO xmai_profile2standardpermissions VALUES ('1', '47', '0', '0');
INSERT INTO xmai_profile2standardpermissions VALUES ('1', '47', '1', '0');
INSERT INTO xmai_profile2standardpermissions VALUES ('1', '47', '2', '0');
INSERT INTO xmai_profile2standardpermissions VALUES ('1', '47', '3', '0');
INSERT INTO xmai_profile2standardpermissions VALUES ('1', '47', '4', '0');
INSERT INTO xmai_profile2standardpermissions VALUES ('1', '48', '0', '0');
INSERT INTO xmai_profile2standardpermissions VALUES ('1', '48', '1', '0');
INSERT INTO xmai_profile2standardpermissions VALUES ('1', '48', '2', '0');
INSERT INTO xmai_profile2standardpermissions VALUES ('1', '48', '3', '0');
INSERT INTO xmai_profile2standardpermissions VALUES ('1', '48', '4', '0');
INSERT INTO xmai_profile2standardpermissions VALUES ('1', '50', '0', '0');
INSERT INTO xmai_profile2standardpermissions VALUES ('1', '50', '1', '0');
INSERT INTO xmai_profile2standardpermissions VALUES ('1', '50', '2', '0');
INSERT INTO xmai_profile2standardpermissions VALUES ('1', '50', '3', '0');
INSERT INTO xmai_profile2standardpermissions VALUES ('1', '50', '4', '0');
INSERT INTO xmai_profile2standardpermissions VALUES ('2', '2', '0', '0');
INSERT INTO xmai_profile2standardpermissions VALUES ('2', '2', '1', '0');
INSERT INTO xmai_profile2standardpermissions VALUES ('2', '2', '2', '0');
INSERT INTO xmai_profile2standardpermissions VALUES ('2', '2', '3', '0');
INSERT INTO xmai_profile2standardpermissions VALUES ('2', '2', '4', '0');
INSERT INTO xmai_profile2standardpermissions VALUES ('2', '4', '0', '0');
INSERT INTO xmai_profile2standardpermissions VALUES ('2', '4', '1', '0');
INSERT INTO xmai_profile2standardpermissions VALUES ('2', '4', '2', '0');
INSERT INTO xmai_profile2standardpermissions VALUES ('2', '4', '3', '0');
INSERT INTO xmai_profile2standardpermissions VALUES ('2', '4', '4', '0');
INSERT INTO xmai_profile2standardpermissions VALUES ('2', '6', '0', '0');
INSERT INTO xmai_profile2standardpermissions VALUES ('2', '6', '1', '0');
INSERT INTO xmai_profile2standardpermissions VALUES ('2', '6', '2', '0');
INSERT INTO xmai_profile2standardpermissions VALUES ('2', '6', '3', '0');
INSERT INTO xmai_profile2standardpermissions VALUES ('2', '6', '4', '0');
INSERT INTO xmai_profile2standardpermissions VALUES ('2', '7', '0', '0');
INSERT INTO xmai_profile2standardpermissions VALUES ('2', '7', '1', '0');
INSERT INTO xmai_profile2standardpermissions VALUES ('2', '7', '2', '0');
INSERT INTO xmai_profile2standardpermissions VALUES ('2', '7', '3', '0');
INSERT INTO xmai_profile2standardpermissions VALUES ('2', '7', '4', '0');
INSERT INTO xmai_profile2standardpermissions VALUES ('2', '8', '0', '0');
INSERT INTO xmai_profile2standardpermissions VALUES ('2', '8', '1', '0');
INSERT INTO xmai_profile2standardpermissions VALUES ('2', '8', '2', '0');
INSERT INTO xmai_profile2standardpermissions VALUES ('2', '8', '3', '0');
INSERT INTO xmai_profile2standardpermissions VALUES ('2', '8', '4', '0');
INSERT INTO xmai_profile2standardpermissions VALUES ('2', '9', '0', '0');
INSERT INTO xmai_profile2standardpermissions VALUES ('2', '9', '1', '0');
INSERT INTO xmai_profile2standardpermissions VALUES ('2', '9', '2', '0');
INSERT INTO xmai_profile2standardpermissions VALUES ('2', '9', '3', '0');
INSERT INTO xmai_profile2standardpermissions VALUES ('2', '9', '4', '0');
INSERT INTO xmai_profile2standardpermissions VALUES ('2', '13', '0', '1');
INSERT INTO xmai_profile2standardpermissions VALUES ('2', '13', '1', '1');
INSERT INTO xmai_profile2standardpermissions VALUES ('2', '13', '2', '1');
INSERT INTO xmai_profile2standardpermissions VALUES ('2', '13', '3', '0');
INSERT INTO xmai_profile2standardpermissions VALUES ('2', '13', '4', '0');
INSERT INTO xmai_profile2standardpermissions VALUES ('2', '14', '0', '0');
INSERT INTO xmai_profile2standardpermissions VALUES ('2', '14', '1', '0');
INSERT INTO xmai_profile2standardpermissions VALUES ('2', '14', '2', '0');
INSERT INTO xmai_profile2standardpermissions VALUES ('2', '14', '3', '0');
INSERT INTO xmai_profile2standardpermissions VALUES ('2', '14', '4', '0');
INSERT INTO xmai_profile2standardpermissions VALUES ('2', '15', '0', '0');
INSERT INTO xmai_profile2standardpermissions VALUES ('2', '15', '1', '0');
INSERT INTO xmai_profile2standardpermissions VALUES ('2', '15', '2', '0');
INSERT INTO xmai_profile2standardpermissions VALUES ('2', '15', '3', '0');
INSERT INTO xmai_profile2standardpermissions VALUES ('2', '15', '4', '0');
INSERT INTO xmai_profile2standardpermissions VALUES ('2', '16', '0', '0');
INSERT INTO xmai_profile2standardpermissions VALUES ('2', '16', '1', '0');
INSERT INTO xmai_profile2standardpermissions VALUES ('2', '16', '2', '0');
INSERT INTO xmai_profile2standardpermissions VALUES ('2', '16', '3', '0');
INSERT INTO xmai_profile2standardpermissions VALUES ('2', '16', '4', '0');
INSERT INTO xmai_profile2standardpermissions VALUES ('2', '18', '0', '0');
INSERT INTO xmai_profile2standardpermissions VALUES ('2', '18', '1', '0');
INSERT INTO xmai_profile2standardpermissions VALUES ('2', '18', '2', '0');
INSERT INTO xmai_profile2standardpermissions VALUES ('2', '18', '3', '0');
INSERT INTO xmai_profile2standardpermissions VALUES ('2', '18', '4', '0');
INSERT INTO xmai_profile2standardpermissions VALUES ('2', '19', '0', '0');
INSERT INTO xmai_profile2standardpermissions VALUES ('2', '19', '1', '0');
INSERT INTO xmai_profile2standardpermissions VALUES ('2', '19', '2', '0');
INSERT INTO xmai_profile2standardpermissions VALUES ('2', '19', '3', '0');
INSERT INTO xmai_profile2standardpermissions VALUES ('2', '19', '4', '0');
INSERT INTO xmai_profile2standardpermissions VALUES ('2', '20', '0', '0');
INSERT INTO xmai_profile2standardpermissions VALUES ('2', '20', '1', '0');
INSERT INTO xmai_profile2standardpermissions VALUES ('2', '20', '2', '0');
INSERT INTO xmai_profile2standardpermissions VALUES ('2', '20', '3', '0');
INSERT INTO xmai_profile2standardpermissions VALUES ('2', '20', '4', '0');
INSERT INTO xmai_profile2standardpermissions VALUES ('2', '21', '0', '0');
INSERT INTO xmai_profile2standardpermissions VALUES ('2', '21', '1', '0');
INSERT INTO xmai_profile2standardpermissions VALUES ('2', '21', '2', '0');
INSERT INTO xmai_profile2standardpermissions VALUES ('2', '21', '3', '0');
INSERT INTO xmai_profile2standardpermissions VALUES ('2', '21', '4', '0');
INSERT INTO xmai_profile2standardpermissions VALUES ('2', '22', '0', '0');
INSERT INTO xmai_profile2standardpermissions VALUES ('2', '22', '1', '0');
INSERT INTO xmai_profile2standardpermissions VALUES ('2', '22', '2', '0');
INSERT INTO xmai_profile2standardpermissions VALUES ('2', '22', '3', '0');
INSERT INTO xmai_profile2standardpermissions VALUES ('2', '22', '4', '0');
INSERT INTO xmai_profile2standardpermissions VALUES ('2', '23', '0', '0');
INSERT INTO xmai_profile2standardpermissions VALUES ('2', '23', '1', '0');
INSERT INTO xmai_profile2standardpermissions VALUES ('2', '23', '2', '0');
INSERT INTO xmai_profile2standardpermissions VALUES ('2', '23', '3', '0');
INSERT INTO xmai_profile2standardpermissions VALUES ('2', '23', '4', '0');
INSERT INTO xmai_profile2standardpermissions VALUES ('2', '26', '0', '0');
INSERT INTO xmai_profile2standardpermissions VALUES ('2', '26', '1', '0');
INSERT INTO xmai_profile2standardpermissions VALUES ('2', '26', '2', '0');
INSERT INTO xmai_profile2standardpermissions VALUES ('2', '26', '3', '0');
INSERT INTO xmai_profile2standardpermissions VALUES ('2', '26', '4', '0');
INSERT INTO xmai_profile2standardpermissions VALUES ('2', '36', '0', '0');
INSERT INTO xmai_profile2standardpermissions VALUES ('2', '36', '1', '0');
INSERT INTO xmai_profile2standardpermissions VALUES ('2', '36', '2', '0');
INSERT INTO xmai_profile2standardpermissions VALUES ('2', '36', '3', '0');
INSERT INTO xmai_profile2standardpermissions VALUES ('2', '36', '4', '0');
INSERT INTO xmai_profile2standardpermissions VALUES ('2', '37', '0', '0');
INSERT INTO xmai_profile2standardpermissions VALUES ('2', '37', '1', '0');
INSERT INTO xmai_profile2standardpermissions VALUES ('2', '37', '2', '0');
INSERT INTO xmai_profile2standardpermissions VALUES ('2', '37', '3', '0');
INSERT INTO xmai_profile2standardpermissions VALUES ('2', '37', '4', '0');
INSERT INTO xmai_profile2standardpermissions VALUES ('2', '38', '0', '0');
INSERT INTO xmai_profile2standardpermissions VALUES ('2', '38', '1', '0');
INSERT INTO xmai_profile2standardpermissions VALUES ('2', '38', '2', '0');
INSERT INTO xmai_profile2standardpermissions VALUES ('2', '38', '3', '0');
INSERT INTO xmai_profile2standardpermissions VALUES ('2', '38', '4', '0');
INSERT INTO xmai_profile2standardpermissions VALUES ('2', '41', '0', '0');
INSERT INTO xmai_profile2standardpermissions VALUES ('2', '41', '1', '0');
INSERT INTO xmai_profile2standardpermissions VALUES ('2', '41', '2', '0');
INSERT INTO xmai_profile2standardpermissions VALUES ('2', '41', '3', '0');
INSERT INTO xmai_profile2standardpermissions VALUES ('2', '41', '4', '0');
INSERT INTO xmai_profile2standardpermissions VALUES ('2', '45', '0', '0');
INSERT INTO xmai_profile2standardpermissions VALUES ('2', '45', '1', '0');
INSERT INTO xmai_profile2standardpermissions VALUES ('2', '45', '2', '0');
INSERT INTO xmai_profile2standardpermissions VALUES ('2', '45', '3', '0');
INSERT INTO xmai_profile2standardpermissions VALUES ('2', '45', '4', '0');
INSERT INTO xmai_profile2standardpermissions VALUES ('2', '46', '0', '0');
INSERT INTO xmai_profile2standardpermissions VALUES ('2', '46', '1', '0');
INSERT INTO xmai_profile2standardpermissions VALUES ('2', '46', '2', '0');
INSERT INTO xmai_profile2standardpermissions VALUES ('2', '46', '3', '0');
INSERT INTO xmai_profile2standardpermissions VALUES ('2', '46', '4', '0');
INSERT INTO xmai_profile2standardpermissions VALUES ('2', '47', '0', '0');
INSERT INTO xmai_profile2standardpermissions VALUES ('2', '47', '1', '0');
INSERT INTO xmai_profile2standardpermissions VALUES ('2', '47', '2', '0');
INSERT INTO xmai_profile2standardpermissions VALUES ('2', '47', '3', '0');
INSERT INTO xmai_profile2standardpermissions VALUES ('2', '47', '4', '0');
INSERT INTO xmai_profile2standardpermissions VALUES ('2', '48', '0', '0');
INSERT INTO xmai_profile2standardpermissions VALUES ('2', '48', '1', '0');
INSERT INTO xmai_profile2standardpermissions VALUES ('2', '48', '2', '0');
INSERT INTO xmai_profile2standardpermissions VALUES ('2', '48', '3', '0');
INSERT INTO xmai_profile2standardpermissions VALUES ('2', '48', '4', '0');
INSERT INTO xmai_profile2standardpermissions VALUES ('2', '50', '0', '0');
INSERT INTO xmai_profile2standardpermissions VALUES ('2', '50', '1', '0');
INSERT INTO xmai_profile2standardpermissions VALUES ('2', '50', '2', '0');
INSERT INTO xmai_profile2standardpermissions VALUES ('2', '50', '3', '0');
INSERT INTO xmai_profile2standardpermissions VALUES ('2', '50', '4', '0');
INSERT INTO xmai_profile2standardpermissions VALUES ('3', '2', '0', '1');
INSERT INTO xmai_profile2standardpermissions VALUES ('3', '2', '1', '1');
INSERT INTO xmai_profile2standardpermissions VALUES ('3', '2', '2', '1');
INSERT INTO xmai_profile2standardpermissions VALUES ('3', '2', '3', '0');
INSERT INTO xmai_profile2standardpermissions VALUES ('3', '2', '4', '0');
INSERT INTO xmai_profile2standardpermissions VALUES ('3', '4', '0', '0');
INSERT INTO xmai_profile2standardpermissions VALUES ('3', '4', '1', '0');
INSERT INTO xmai_profile2standardpermissions VALUES ('3', '4', '2', '0');
INSERT INTO xmai_profile2standardpermissions VALUES ('3', '4', '3', '0');
INSERT INTO xmai_profile2standardpermissions VALUES ('3', '4', '4', '0');
INSERT INTO xmai_profile2standardpermissions VALUES ('3', '6', '0', '0');
INSERT INTO xmai_profile2standardpermissions VALUES ('3', '6', '1', '0');
INSERT INTO xmai_profile2standardpermissions VALUES ('3', '6', '2', '0');
INSERT INTO xmai_profile2standardpermissions VALUES ('3', '6', '3', '0');
INSERT INTO xmai_profile2standardpermissions VALUES ('3', '6', '4', '0');
INSERT INTO xmai_profile2standardpermissions VALUES ('3', '7', '0', '0');
INSERT INTO xmai_profile2standardpermissions VALUES ('3', '7', '1', '0');
INSERT INTO xmai_profile2standardpermissions VALUES ('3', '7', '2', '0');
INSERT INTO xmai_profile2standardpermissions VALUES ('3', '7', '3', '0');
INSERT INTO xmai_profile2standardpermissions VALUES ('3', '7', '4', '0');
INSERT INTO xmai_profile2standardpermissions VALUES ('3', '8', '0', '0');
INSERT INTO xmai_profile2standardpermissions VALUES ('3', '8', '1', '0');
INSERT INTO xmai_profile2standardpermissions VALUES ('3', '8', '2', '0');
INSERT INTO xmai_profile2standardpermissions VALUES ('3', '8', '3', '0');
INSERT INTO xmai_profile2standardpermissions VALUES ('3', '8', '4', '0');
INSERT INTO xmai_profile2standardpermissions VALUES ('3', '9', '0', '0');
INSERT INTO xmai_profile2standardpermissions VALUES ('3', '9', '1', '0');
INSERT INTO xmai_profile2standardpermissions VALUES ('3', '9', '2', '0');
INSERT INTO xmai_profile2standardpermissions VALUES ('3', '9', '3', '0');
INSERT INTO xmai_profile2standardpermissions VALUES ('3', '9', '4', '0');
INSERT INTO xmai_profile2standardpermissions VALUES ('3', '13', '0', '0');
INSERT INTO xmai_profile2standardpermissions VALUES ('3', '13', '1', '0');
INSERT INTO xmai_profile2standardpermissions VALUES ('3', '13', '2', '0');
INSERT INTO xmai_profile2standardpermissions VALUES ('3', '13', '3', '0');
INSERT INTO xmai_profile2standardpermissions VALUES ('3', '13', '4', '0');
INSERT INTO xmai_profile2standardpermissions VALUES ('3', '14', '0', '0');
INSERT INTO xmai_profile2standardpermissions VALUES ('3', '14', '1', '0');
INSERT INTO xmai_profile2standardpermissions VALUES ('3', '14', '2', '0');
INSERT INTO xmai_profile2standardpermissions VALUES ('3', '14', '3', '0');
INSERT INTO xmai_profile2standardpermissions VALUES ('3', '14', '4', '0');
INSERT INTO xmai_profile2standardpermissions VALUES ('3', '15', '0', '0');
INSERT INTO xmai_profile2standardpermissions VALUES ('3', '15', '1', '0');
INSERT INTO xmai_profile2standardpermissions VALUES ('3', '15', '2', '0');
INSERT INTO xmai_profile2standardpermissions VALUES ('3', '15', '3', '0');
INSERT INTO xmai_profile2standardpermissions VALUES ('3', '15', '4', '0');
INSERT INTO xmai_profile2standardpermissions VALUES ('3', '16', '0', '0');
INSERT INTO xmai_profile2standardpermissions VALUES ('3', '16', '1', '0');
INSERT INTO xmai_profile2standardpermissions VALUES ('3', '16', '2', '0');
INSERT INTO xmai_profile2standardpermissions VALUES ('3', '16', '3', '0');
INSERT INTO xmai_profile2standardpermissions VALUES ('3', '16', '4', '0');
INSERT INTO xmai_profile2standardpermissions VALUES ('3', '18', '0', '0');
INSERT INTO xmai_profile2standardpermissions VALUES ('3', '18', '1', '0');
INSERT INTO xmai_profile2standardpermissions VALUES ('3', '18', '2', '0');
INSERT INTO xmai_profile2standardpermissions VALUES ('3', '18', '3', '0');
INSERT INTO xmai_profile2standardpermissions VALUES ('3', '18', '4', '0');
INSERT INTO xmai_profile2standardpermissions VALUES ('3', '19', '0', '0');
INSERT INTO xmai_profile2standardpermissions VALUES ('3', '19', '1', '0');
INSERT INTO xmai_profile2standardpermissions VALUES ('3', '19', '2', '0');
INSERT INTO xmai_profile2standardpermissions VALUES ('3', '19', '3', '0');
INSERT INTO xmai_profile2standardpermissions VALUES ('3', '19', '4', '0');
INSERT INTO xmai_profile2standardpermissions VALUES ('3', '20', '0', '0');
INSERT INTO xmai_profile2standardpermissions VALUES ('3', '20', '1', '0');
INSERT INTO xmai_profile2standardpermissions VALUES ('3', '20', '2', '0');
INSERT INTO xmai_profile2standardpermissions VALUES ('3', '20', '3', '0');
INSERT INTO xmai_profile2standardpermissions VALUES ('3', '20', '4', '0');
INSERT INTO xmai_profile2standardpermissions VALUES ('3', '21', '0', '0');
INSERT INTO xmai_profile2standardpermissions VALUES ('3', '21', '1', '0');
INSERT INTO xmai_profile2standardpermissions VALUES ('3', '21', '2', '0');
INSERT INTO xmai_profile2standardpermissions VALUES ('3', '21', '3', '0');
INSERT INTO xmai_profile2standardpermissions VALUES ('3', '21', '4', '0');
INSERT INTO xmai_profile2standardpermissions VALUES ('3', '22', '0', '0');
INSERT INTO xmai_profile2standardpermissions VALUES ('3', '22', '1', '0');
INSERT INTO xmai_profile2standardpermissions VALUES ('3', '22', '2', '0');
INSERT INTO xmai_profile2standardpermissions VALUES ('3', '22', '3', '0');
INSERT INTO xmai_profile2standardpermissions VALUES ('3', '22', '4', '0');
INSERT INTO xmai_profile2standardpermissions VALUES ('3', '23', '0', '0');
INSERT INTO xmai_profile2standardpermissions VALUES ('3', '23', '1', '0');
INSERT INTO xmai_profile2standardpermissions VALUES ('3', '23', '2', '0');
INSERT INTO xmai_profile2standardpermissions VALUES ('3', '23', '3', '0');
INSERT INTO xmai_profile2standardpermissions VALUES ('3', '23', '4', '0');
INSERT INTO xmai_profile2standardpermissions VALUES ('3', '26', '0', '0');
INSERT INTO xmai_profile2standardpermissions VALUES ('3', '26', '1', '0');
INSERT INTO xmai_profile2standardpermissions VALUES ('3', '26', '2', '0');
INSERT INTO xmai_profile2standardpermissions VALUES ('3', '26', '3', '0');
INSERT INTO xmai_profile2standardpermissions VALUES ('3', '26', '4', '0');
INSERT INTO xmai_profile2standardpermissions VALUES ('3', '36', '0', '0');
INSERT INTO xmai_profile2standardpermissions VALUES ('3', '36', '1', '0');
INSERT INTO xmai_profile2standardpermissions VALUES ('3', '36', '2', '0');
INSERT INTO xmai_profile2standardpermissions VALUES ('3', '36', '3', '0');
INSERT INTO xmai_profile2standardpermissions VALUES ('3', '36', '4', '0');
INSERT INTO xmai_profile2standardpermissions VALUES ('3', '37', '0', '0');
INSERT INTO xmai_profile2standardpermissions VALUES ('3', '37', '1', '0');
INSERT INTO xmai_profile2standardpermissions VALUES ('3', '37', '2', '0');
INSERT INTO xmai_profile2standardpermissions VALUES ('3', '37', '3', '0');
INSERT INTO xmai_profile2standardpermissions VALUES ('3', '37', '4', '0');
INSERT INTO xmai_profile2standardpermissions VALUES ('3', '38', '0', '0');
INSERT INTO xmai_profile2standardpermissions VALUES ('3', '38', '1', '0');
INSERT INTO xmai_profile2standardpermissions VALUES ('3', '38', '2', '0');
INSERT INTO xmai_profile2standardpermissions VALUES ('3', '38', '3', '0');
INSERT INTO xmai_profile2standardpermissions VALUES ('3', '38', '4', '0');
INSERT INTO xmai_profile2standardpermissions VALUES ('3', '41', '0', '0');
INSERT INTO xmai_profile2standardpermissions VALUES ('3', '41', '1', '0');
INSERT INTO xmai_profile2standardpermissions VALUES ('3', '41', '2', '0');
INSERT INTO xmai_profile2standardpermissions VALUES ('3', '41', '3', '0');
INSERT INTO xmai_profile2standardpermissions VALUES ('3', '41', '4', '0');
INSERT INTO xmai_profile2standardpermissions VALUES ('3', '45', '0', '0');
INSERT INTO xmai_profile2standardpermissions VALUES ('3', '45', '1', '0');
INSERT INTO xmai_profile2standardpermissions VALUES ('3', '45', '2', '0');
INSERT INTO xmai_profile2standardpermissions VALUES ('3', '45', '3', '0');
INSERT INTO xmai_profile2standardpermissions VALUES ('3', '45', '4', '0');
INSERT INTO xmai_profile2standardpermissions VALUES ('3', '46', '0', '0');
INSERT INTO xmai_profile2standardpermissions VALUES ('3', '46', '1', '0');
INSERT INTO xmai_profile2standardpermissions VALUES ('3', '46', '2', '0');
INSERT INTO xmai_profile2standardpermissions VALUES ('3', '46', '3', '0');
INSERT INTO xmai_profile2standardpermissions VALUES ('3', '46', '4', '0');
INSERT INTO xmai_profile2standardpermissions VALUES ('3', '47', '0', '0');
INSERT INTO xmai_profile2standardpermissions VALUES ('3', '47', '1', '0');
INSERT INTO xmai_profile2standardpermissions VALUES ('3', '47', '2', '0');
INSERT INTO xmai_profile2standardpermissions VALUES ('3', '47', '3', '0');
INSERT INTO xmai_profile2standardpermissions VALUES ('3', '47', '4', '0');
INSERT INTO xmai_profile2standardpermissions VALUES ('3', '48', '0', '0');
INSERT INTO xmai_profile2standardpermissions VALUES ('3', '48', '1', '0');
INSERT INTO xmai_profile2standardpermissions VALUES ('3', '48', '2', '0');
INSERT INTO xmai_profile2standardpermissions VALUES ('3', '48', '3', '0');
INSERT INTO xmai_profile2standardpermissions VALUES ('3', '48', '4', '0');
INSERT INTO xmai_profile2standardpermissions VALUES ('3', '50', '0', '0');
INSERT INTO xmai_profile2standardpermissions VALUES ('3', '50', '1', '0');
INSERT INTO xmai_profile2standardpermissions VALUES ('3', '50', '2', '0');
INSERT INTO xmai_profile2standardpermissions VALUES ('3', '50', '3', '0');
INSERT INTO xmai_profile2standardpermissions VALUES ('3', '50', '4', '0');
INSERT INTO xmai_profile2standardpermissions VALUES ('4', '2', '0', '1');
INSERT INTO xmai_profile2standardpermissions VALUES ('4', '2', '1', '1');
INSERT INTO xmai_profile2standardpermissions VALUES ('4', '2', '2', '1');
INSERT INTO xmai_profile2standardpermissions VALUES ('4', '2', '3', '0');
INSERT INTO xmai_profile2standardpermissions VALUES ('4', '2', '4', '0');
INSERT INTO xmai_profile2standardpermissions VALUES ('4', '4', '0', '1');
INSERT INTO xmai_profile2standardpermissions VALUES ('4', '4', '1', '1');
INSERT INTO xmai_profile2standardpermissions VALUES ('4', '4', '2', '1');
INSERT INTO xmai_profile2standardpermissions VALUES ('4', '4', '3', '0');
INSERT INTO xmai_profile2standardpermissions VALUES ('4', '4', '4', '0');
INSERT INTO xmai_profile2standardpermissions VALUES ('4', '6', '0', '1');
INSERT INTO xmai_profile2standardpermissions VALUES ('4', '6', '1', '1');
INSERT INTO xmai_profile2standardpermissions VALUES ('4', '6', '2', '1');
INSERT INTO xmai_profile2standardpermissions VALUES ('4', '6', '3', '0');
INSERT INTO xmai_profile2standardpermissions VALUES ('4', '6', '4', '0');
INSERT INTO xmai_profile2standardpermissions VALUES ('4', '7', '0', '1');
INSERT INTO xmai_profile2standardpermissions VALUES ('4', '7', '1', '1');
INSERT INTO xmai_profile2standardpermissions VALUES ('4', '7', '2', '1');
INSERT INTO xmai_profile2standardpermissions VALUES ('4', '7', '3', '0');
INSERT INTO xmai_profile2standardpermissions VALUES ('4', '7', '4', '0');
INSERT INTO xmai_profile2standardpermissions VALUES ('4', '8', '0', '1');
INSERT INTO xmai_profile2standardpermissions VALUES ('4', '8', '1', '1');
INSERT INTO xmai_profile2standardpermissions VALUES ('4', '8', '2', '1');
INSERT INTO xmai_profile2standardpermissions VALUES ('4', '8', '3', '0');
INSERT INTO xmai_profile2standardpermissions VALUES ('4', '8', '4', '0');
INSERT INTO xmai_profile2standardpermissions VALUES ('4', '9', '0', '1');
INSERT INTO xmai_profile2standardpermissions VALUES ('4', '9', '1', '1');
INSERT INTO xmai_profile2standardpermissions VALUES ('4', '9', '2', '1');
INSERT INTO xmai_profile2standardpermissions VALUES ('4', '9', '3', '0');
INSERT INTO xmai_profile2standardpermissions VALUES ('4', '9', '4', '0');
INSERT INTO xmai_profile2standardpermissions VALUES ('4', '13', '0', '1');
INSERT INTO xmai_profile2standardpermissions VALUES ('4', '13', '1', '1');
INSERT INTO xmai_profile2standardpermissions VALUES ('4', '13', '2', '1');
INSERT INTO xmai_profile2standardpermissions VALUES ('4', '13', '3', '0');
INSERT INTO xmai_profile2standardpermissions VALUES ('4', '13', '4', '0');
INSERT INTO xmai_profile2standardpermissions VALUES ('4', '14', '0', '1');
INSERT INTO xmai_profile2standardpermissions VALUES ('4', '14', '1', '1');
INSERT INTO xmai_profile2standardpermissions VALUES ('4', '14', '2', '1');
INSERT INTO xmai_profile2standardpermissions VALUES ('4', '14', '3', '0');
INSERT INTO xmai_profile2standardpermissions VALUES ('4', '14', '4', '0');
INSERT INTO xmai_profile2standardpermissions VALUES ('4', '15', '0', '1');
INSERT INTO xmai_profile2standardpermissions VALUES ('4', '15', '1', '1');
INSERT INTO xmai_profile2standardpermissions VALUES ('4', '15', '2', '1');
INSERT INTO xmai_profile2standardpermissions VALUES ('4', '15', '3', '0');
INSERT INTO xmai_profile2standardpermissions VALUES ('4', '15', '4', '0');
INSERT INTO xmai_profile2standardpermissions VALUES ('4', '16', '0', '1');
INSERT INTO xmai_profile2standardpermissions VALUES ('4', '16', '1', '1');
INSERT INTO xmai_profile2standardpermissions VALUES ('4', '16', '2', '1');
INSERT INTO xmai_profile2standardpermissions VALUES ('4', '16', '3', '0');
INSERT INTO xmai_profile2standardpermissions VALUES ('4', '16', '4', '0');
INSERT INTO xmai_profile2standardpermissions VALUES ('4', '18', '0', '1');
INSERT INTO xmai_profile2standardpermissions VALUES ('4', '18', '1', '1');
INSERT INTO xmai_profile2standardpermissions VALUES ('4', '18', '2', '1');
INSERT INTO xmai_profile2standardpermissions VALUES ('4', '18', '3', '0');
INSERT INTO xmai_profile2standardpermissions VALUES ('4', '18', '4', '0');
INSERT INTO xmai_profile2standardpermissions VALUES ('4', '19', '0', '1');
INSERT INTO xmai_profile2standardpermissions VALUES ('4', '19', '1', '1');
INSERT INTO xmai_profile2standardpermissions VALUES ('4', '19', '2', '1');
INSERT INTO xmai_profile2standardpermissions VALUES ('4', '19', '3', '0');
INSERT INTO xmai_profile2standardpermissions VALUES ('4', '19', '4', '0');
INSERT INTO xmai_profile2standardpermissions VALUES ('4', '20', '0', '1');
INSERT INTO xmai_profile2standardpermissions VALUES ('4', '20', '1', '1');
INSERT INTO xmai_profile2standardpermissions VALUES ('4', '20', '2', '1');
INSERT INTO xmai_profile2standardpermissions VALUES ('4', '20', '3', '0');
INSERT INTO xmai_profile2standardpermissions VALUES ('4', '20', '4', '0');
INSERT INTO xmai_profile2standardpermissions VALUES ('4', '21', '0', '1');
INSERT INTO xmai_profile2standardpermissions VALUES ('4', '21', '1', '1');
INSERT INTO xmai_profile2standardpermissions VALUES ('4', '21', '2', '1');
INSERT INTO xmai_profile2standardpermissions VALUES ('4', '21', '3', '0');
INSERT INTO xmai_profile2standardpermissions VALUES ('4', '21', '4', '0');
INSERT INTO xmai_profile2standardpermissions VALUES ('4', '22', '0', '1');
INSERT INTO xmai_profile2standardpermissions VALUES ('4', '22', '1', '1');
INSERT INTO xmai_profile2standardpermissions VALUES ('4', '22', '2', '1');
INSERT INTO xmai_profile2standardpermissions VALUES ('4', '22', '3', '0');
INSERT INTO xmai_profile2standardpermissions VALUES ('4', '22', '4', '0');
INSERT INTO xmai_profile2standardpermissions VALUES ('4', '23', '0', '1');
INSERT INTO xmai_profile2standardpermissions VALUES ('4', '23', '1', '1');
INSERT INTO xmai_profile2standardpermissions VALUES ('4', '23', '2', '1');
INSERT INTO xmai_profile2standardpermissions VALUES ('4', '23', '3', '0');
INSERT INTO xmai_profile2standardpermissions VALUES ('4', '23', '4', '0');
INSERT INTO xmai_profile2standardpermissions VALUES ('4', '26', '0', '1');
INSERT INTO xmai_profile2standardpermissions VALUES ('4', '26', '1', '1');
INSERT INTO xmai_profile2standardpermissions VALUES ('4', '26', '2', '1');
INSERT INTO xmai_profile2standardpermissions VALUES ('4', '26', '3', '0');
INSERT INTO xmai_profile2standardpermissions VALUES ('4', '26', '4', '0');
INSERT INTO xmai_profile2standardpermissions VALUES ('4', '36', '0', '0');
INSERT INTO xmai_profile2standardpermissions VALUES ('4', '36', '1', '0');
INSERT INTO xmai_profile2standardpermissions VALUES ('4', '36', '2', '0');
INSERT INTO xmai_profile2standardpermissions VALUES ('4', '36', '3', '0');
INSERT INTO xmai_profile2standardpermissions VALUES ('4', '36', '4', '0');
INSERT INTO xmai_profile2standardpermissions VALUES ('4', '37', '0', '0');
INSERT INTO xmai_profile2standardpermissions VALUES ('4', '37', '1', '0');
INSERT INTO xmai_profile2standardpermissions VALUES ('4', '37', '2', '0');
INSERT INTO xmai_profile2standardpermissions VALUES ('4', '37', '3', '0');
INSERT INTO xmai_profile2standardpermissions VALUES ('4', '37', '4', '0');
INSERT INTO xmai_profile2standardpermissions VALUES ('4', '38', '0', '0');
INSERT INTO xmai_profile2standardpermissions VALUES ('4', '38', '1', '0');
INSERT INTO xmai_profile2standardpermissions VALUES ('4', '38', '2', '0');
INSERT INTO xmai_profile2standardpermissions VALUES ('4', '38', '3', '0');
INSERT INTO xmai_profile2standardpermissions VALUES ('4', '38', '4', '0');
INSERT INTO xmai_profile2standardpermissions VALUES ('4', '41', '0', '0');
INSERT INTO xmai_profile2standardpermissions VALUES ('4', '41', '1', '0');
INSERT INTO xmai_profile2standardpermissions VALUES ('4', '41', '2', '0');
INSERT INTO xmai_profile2standardpermissions VALUES ('4', '41', '3', '0');
INSERT INTO xmai_profile2standardpermissions VALUES ('4', '41', '4', '0');
INSERT INTO xmai_profile2standardpermissions VALUES ('4', '45', '0', '0');
INSERT INTO xmai_profile2standardpermissions VALUES ('4', '45', '1', '0');
INSERT INTO xmai_profile2standardpermissions VALUES ('4', '45', '2', '0');
INSERT INTO xmai_profile2standardpermissions VALUES ('4', '45', '3', '0');
INSERT INTO xmai_profile2standardpermissions VALUES ('4', '45', '4', '0');
INSERT INTO xmai_profile2standardpermissions VALUES ('4', '46', '0', '0');
INSERT INTO xmai_profile2standardpermissions VALUES ('4', '46', '1', '0');
INSERT INTO xmai_profile2standardpermissions VALUES ('4', '46', '2', '0');
INSERT INTO xmai_profile2standardpermissions VALUES ('4', '46', '3', '0');
INSERT INTO xmai_profile2standardpermissions VALUES ('4', '46', '4', '0');
INSERT INTO xmai_profile2standardpermissions VALUES ('4', '47', '0', '0');
INSERT INTO xmai_profile2standardpermissions VALUES ('4', '47', '1', '0');
INSERT INTO xmai_profile2standardpermissions VALUES ('4', '47', '2', '0');
INSERT INTO xmai_profile2standardpermissions VALUES ('4', '47', '3', '0');
INSERT INTO xmai_profile2standardpermissions VALUES ('4', '47', '4', '0');
INSERT INTO xmai_profile2standardpermissions VALUES ('4', '48', '0', '0');
INSERT INTO xmai_profile2standardpermissions VALUES ('4', '48', '1', '0');
INSERT INTO xmai_profile2standardpermissions VALUES ('4', '48', '2', '0');
INSERT INTO xmai_profile2standardpermissions VALUES ('4', '48', '3', '0');
INSERT INTO xmai_profile2standardpermissions VALUES ('4', '48', '4', '0');
INSERT INTO xmai_profile2standardpermissions VALUES ('4', '50', '0', '0');
INSERT INTO xmai_profile2standardpermissions VALUES ('4', '50', '1', '0');
INSERT INTO xmai_profile2standardpermissions VALUES ('4', '50', '2', '0');
INSERT INTO xmai_profile2standardpermissions VALUES ('4', '50', '3', '0');
INSERT INTO xmai_profile2standardpermissions VALUES ('4', '50', '4', '0');

-- ----------------------------
-- Table structure for `xmai_profile2tab`
-- ----------------------------
DROP TABLE IF EXISTS `xmai_profile2tab`;
CREATE TABLE `xmai_profile2tab` (
  `profileid` int(11) default NULL,
  `tabid` int(10) default NULL,
  `permissions` int(10) NOT NULL default '0',
  KEY `profile2tab_profileid_tabid_idx` (`profileid`,`tabid`)
) ENGINE=InnoDB DEFAULT CHARSET=utf8;

-- ----------------------------
-- Records of xmai_profile2tab
-- ----------------------------
INSERT INTO xmai_profile2tab VALUES ('1', '1', '0');
INSERT INTO xmai_profile2tab VALUES ('1', '2', '0');
INSERT INTO xmai_profile2tab VALUES ('1', '3', '0');
INSERT INTO xmai_profile2tab VALUES ('1', '4', '0');
INSERT INTO xmai_profile2tab VALUES ('1', '6', '0');
INSERT INTO xmai_profile2tab VALUES ('1', '7', '0');
INSERT INTO xmai_profile2tab VALUES ('1', '8', '0');
INSERT INTO xmai_profile2tab VALUES ('1', '9', '0');
INSERT INTO xmai_profile2tab VALUES ('1', '10', '0');
INSERT INTO xmai_profile2tab VALUES ('1', '13', '0');
INSERT INTO xmai_profile2tab VALUES ('1', '14', '0');
INSERT INTO xmai_profile2tab VALUES ('1', '15', '0');
INSERT INTO xmai_profile2tab VALUES ('1', '16', '0');
INSERT INTO xmai_profile2tab VALUES ('1', '18', '0');
INSERT INTO xmai_profile2tab VALUES ('1', '19', '0');
INSERT INTO xmai_profile2tab VALUES ('1', '20', '0');
INSERT INTO xmai_profile2tab VALUES ('1', '21', '0');
INSERT INTO xmai_profile2tab VALUES ('1', '22', '0');
INSERT INTO xmai_profile2tab VALUES ('1', '23', '0');
INSERT INTO xmai_profile2tab VALUES ('1', '24', '0');
INSERT INTO xmai_profile2tab VALUES ('1', '25', '0');
INSERT INTO xmai_profile2tab VALUES ('1', '26', '0');
INSERT INTO xmai_profile2tab VALUES ('1', '27', '0');
INSERT INTO xmai_profile2tab VALUES ('2', '1', '0');
INSERT INTO xmai_profile2tab VALUES ('2', '2', '0');
INSERT INTO xmai_profile2tab VALUES ('2', '3', '0');
INSERT INTO xmai_profile2tab VALUES ('2', '4', '0');
INSERT INTO xmai_profile2tab VALUES ('2', '6', '0');
INSERT INTO xmai_profile2tab VALUES ('2', '7', '0');
INSERT INTO xmai_profile2tab VALUES ('2', '8', '0');
INSERT INTO xmai_profile2tab VALUES ('2', '9', '0');
INSERT INTO xmai_profile2tab VALUES ('2', '10', '0');
INSERT INTO xmai_profile2tab VALUES ('2', '13', '0');
INSERT INTO xmai_profile2tab VALUES ('2', '14', '0');
INSERT INTO xmai_profile2tab VALUES ('2', '15', '0');
INSERT INTO xmai_profile2tab VALUES ('2', '16', '0');
INSERT INTO xmai_profile2tab VALUES ('2', '18', '0');
INSERT INTO xmai_profile2tab VALUES ('2', '19', '0');
INSERT INTO xmai_profile2tab VALUES ('2', '20', '0');
INSERT INTO xmai_profile2tab VALUES ('2', '21', '0');
INSERT INTO xmai_profile2tab VALUES ('2', '22', '0');
INSERT INTO xmai_profile2tab VALUES ('2', '23', '0');
INSERT INTO xmai_profile2tab VALUES ('2', '24', '0');
INSERT INTO xmai_profile2tab VALUES ('2', '25', '0');
INSERT INTO xmai_profile2tab VALUES ('2', '26', '0');
INSERT INTO xmai_profile2tab VALUES ('2', '27', '0');
INSERT INTO xmai_profile2tab VALUES ('3', '1', '0');
INSERT INTO xmai_profile2tab VALUES ('3', '2', '0');
INSERT INTO xmai_profile2tab VALUES ('3', '3', '0');
INSERT INTO xmai_profile2tab VALUES ('3', '4', '0');
INSERT INTO xmai_profile2tab VALUES ('3', '6', '0');
INSERT INTO xmai_profile2tab VALUES ('3', '7', '0');
INSERT INTO xmai_profile2tab VALUES ('3', '8', '0');
INSERT INTO xmai_profile2tab VALUES ('3', '9', '0');
INSERT INTO xmai_profile2tab VALUES ('3', '10', '0');
INSERT INTO xmai_profile2tab VALUES ('3', '13', '0');
INSERT INTO xmai_profile2tab VALUES ('3', '14', '0');
INSERT INTO xmai_profile2tab VALUES ('3', '15', '0');
INSERT INTO xmai_profile2tab VALUES ('3', '16', '0');
INSERT INTO xmai_profile2tab VALUES ('3', '18', '0');
INSERT INTO xmai_profile2tab VALUES ('3', '19', '0');
INSERT INTO xmai_profile2tab VALUES ('3', '20', '0');
INSERT INTO xmai_profile2tab VALUES ('3', '21', '0');
INSERT INTO xmai_profile2tab VALUES ('3', '22', '0');
INSERT INTO xmai_profile2tab VALUES ('3', '23', '0');
INSERT INTO xmai_profile2tab VALUES ('3', '24', '0');
INSERT INTO xmai_profile2tab VALUES ('3', '25', '0');
INSERT INTO xmai_profile2tab VALUES ('3', '26', '0');
INSERT INTO xmai_profile2tab VALUES ('3', '27', '0');
INSERT INTO xmai_profile2tab VALUES ('4', '1', '0');
INSERT INTO xmai_profile2tab VALUES ('4', '2', '0');
INSERT INTO xmai_profile2tab VALUES ('4', '3', '0');
INSERT INTO xmai_profile2tab VALUES ('4', '4', '0');
INSERT INTO xmai_profile2tab VALUES ('4', '6', '0');
INSERT INTO xmai_profile2tab VALUES ('4', '7', '0');
INSERT INTO xmai_profile2tab VALUES ('4', '8', '0');
INSERT INTO xmai_profile2tab VALUES ('4', '9', '0');
INSERT INTO xmai_profile2tab VALUES ('4', '10', '0');
INSERT INTO xmai_profile2tab VALUES ('4', '13', '0');
INSERT INTO xmai_profile2tab VALUES ('4', '14', '0');
INSERT INTO xmai_profile2tab VALUES ('4', '15', '0');
INSERT INTO xmai_profile2tab VALUES ('4', '16', '0');
INSERT INTO xmai_profile2tab VALUES ('4', '18', '0');
INSERT INTO xmai_profile2tab VALUES ('4', '19', '0');
INSERT INTO xmai_profile2tab VALUES ('4', '20', '0');
INSERT INTO xmai_profile2tab VALUES ('4', '21', '0');
INSERT INTO xmai_profile2tab VALUES ('4', '22', '0');
INSERT INTO xmai_profile2tab VALUES ('4', '23', '0');
INSERT INTO xmai_profile2tab VALUES ('4', '24', '0');
INSERT INTO xmai_profile2tab VALUES ('4', '25', '0');
INSERT INTO xmai_profile2tab VALUES ('4', '26', '0');
INSERT INTO xmai_profile2tab VALUES ('4', '27', '0');
INSERT INTO xmai_profile2tab VALUES ('1', '30', '0');
INSERT INTO xmai_profile2tab VALUES ('2', '30', '0');
INSERT INTO xmai_profile2tab VALUES ('3', '30', '0');
INSERT INTO xmai_profile2tab VALUES ('4', '30', '0');
INSERT INTO xmai_profile2tab VALUES ('1', '31', '0');
INSERT INTO xmai_profile2tab VALUES ('2', '31', '0');
INSERT INTO xmai_profile2tab VALUES ('3', '31', '0');
INSERT INTO xmai_profile2tab VALUES ('4', '31', '0');
INSERT INTO xmai_profile2tab VALUES ('1', '32', '0');
INSERT INTO xmai_profile2tab VALUES ('2', '32', '0');
INSERT INTO xmai_profile2tab VALUES ('3', '32', '0');
INSERT INTO xmai_profile2tab VALUES ('4', '32', '0');
INSERT INTO xmai_profile2tab VALUES ('1', '33', '0');
INSERT INTO xmai_profile2tab VALUES ('2', '33', '0');
INSERT INTO xmai_profile2tab VALUES ('3', '33', '0');
INSERT INTO xmai_profile2tab VALUES ('4', '33', '0');
INSERT INTO xmai_profile2tab VALUES ('1', '34', '0');
INSERT INTO xmai_profile2tab VALUES ('2', '34', '0');
INSERT INTO xmai_profile2tab VALUES ('3', '34', '0');
INSERT INTO xmai_profile2tab VALUES ('4', '34', '0');
INSERT INTO xmai_profile2tab VALUES ('1', '35', '0');
INSERT INTO xmai_profile2tab VALUES ('2', '35', '0');
INSERT INTO xmai_profile2tab VALUES ('3', '35', '0');
INSERT INTO xmai_profile2tab VALUES ('4', '35', '0');
INSERT INTO xmai_profile2tab VALUES ('1', '36', '0');
INSERT INTO xmai_profile2tab VALUES ('2', '36', '0');
INSERT INTO xmai_profile2tab VALUES ('3', '36', '0');
INSERT INTO xmai_profile2tab VALUES ('4', '36', '0');
INSERT INTO xmai_profile2tab VALUES ('1', '37', '0');
INSERT INTO xmai_profile2tab VALUES ('2', '37', '0');
INSERT INTO xmai_profile2tab VALUES ('3', '37', '0');
INSERT INTO xmai_profile2tab VALUES ('4', '37', '0');
INSERT INTO xmai_profile2tab VALUES ('1', '38', '0');
INSERT INTO xmai_profile2tab VALUES ('2', '38', '0');
INSERT INTO xmai_profile2tab VALUES ('3', '38', '0');
INSERT INTO xmai_profile2tab VALUES ('4', '38', '0');
INSERT INTO xmai_profile2tab VALUES ('1', '39', '0');
INSERT INTO xmai_profile2tab VALUES ('2', '39', '0');
INSERT INTO xmai_profile2tab VALUES ('3', '39', '0');
INSERT INTO xmai_profile2tab VALUES ('4', '39', '0');
INSERT INTO xmai_profile2tab VALUES ('1', '40', '0');
INSERT INTO xmai_profile2tab VALUES ('2', '40', '0');
INSERT INTO xmai_profile2tab VALUES ('3', '40', '0');
INSERT INTO xmai_profile2tab VALUES ('4', '40', '0');
INSERT INTO xmai_profile2tab VALUES ('1', '41', '0');
INSERT INTO xmai_profile2tab VALUES ('2', '41', '0');
INSERT INTO xmai_profile2tab VALUES ('3', '41', '0');
INSERT INTO xmai_profile2tab VALUES ('4', '41', '0');
INSERT INTO xmai_profile2tab VALUES ('1', '42', '0');
INSERT INTO xmai_profile2tab VALUES ('2', '42', '0');
INSERT INTO xmai_profile2tab VALUES ('3', '42', '0');
INSERT INTO xmai_profile2tab VALUES ('4', '42', '0');
INSERT INTO xmai_profile2tab VALUES ('1', '43', '0');
INSERT INTO xmai_profile2tab VALUES ('2', '43', '0');
INSERT INTO xmai_profile2tab VALUES ('3', '43', '0');
INSERT INTO xmai_profile2tab VALUES ('4', '43', '0');
INSERT INTO xmai_profile2tab VALUES ('1', '45', '0');
INSERT INTO xmai_profile2tab VALUES ('2', '45', '0');
INSERT INTO xmai_profile2tab VALUES ('3', '45', '0');
INSERT INTO xmai_profile2tab VALUES ('4', '45', '0');
INSERT INTO xmai_profile2tab VALUES ('1', '46', '0');
INSERT INTO xmai_profile2tab VALUES ('2', '46', '0');
INSERT INTO xmai_profile2tab VALUES ('3', '46', '0');
INSERT INTO xmai_profile2tab VALUES ('4', '46', '0');
INSERT INTO xmai_profile2tab VALUES ('1', '47', '0');
INSERT INTO xmai_profile2tab VALUES ('2', '47', '0');
INSERT INTO xmai_profile2tab VALUES ('3', '47', '0');
INSERT INTO xmai_profile2tab VALUES ('4', '47', '0');
INSERT INTO xmai_profile2tab VALUES ('1', '48', '0');
INSERT INTO xmai_profile2tab VALUES ('2', '48', '0');
INSERT INTO xmai_profile2tab VALUES ('3', '48', '0');
INSERT INTO xmai_profile2tab VALUES ('4', '48', '0');
INSERT INTO xmai_profile2tab VALUES ('1', '49', '0');
INSERT INTO xmai_profile2tab VALUES ('2', '49', '0');
INSERT INTO xmai_profile2tab VALUES ('3', '49', '0');
INSERT INTO xmai_profile2tab VALUES ('4', '49', '0');
INSERT INTO xmai_profile2tab VALUES ('1', '50', '0');
INSERT INTO xmai_profile2tab VALUES ('2', '50', '0');
INSERT INTO xmai_profile2tab VALUES ('3', '50', '0');
INSERT INTO xmai_profile2tab VALUES ('4', '50', '0');
INSERT INTO xmai_profile2tab VALUES ('1', '51', '0');
INSERT INTO xmai_profile2tab VALUES ('2', '51', '0');
INSERT INTO xmai_profile2tab VALUES ('3', '51', '0');
INSERT INTO xmai_profile2tab VALUES ('4', '51', '0');
INSERT INTO xmai_profile2tab VALUES ('1', '52', '0');
INSERT INTO xmai_profile2tab VALUES ('2', '52', '0');
INSERT INTO xmai_profile2tab VALUES ('3', '52', '0');
INSERT INTO xmai_profile2tab VALUES ('4', '52', '0');

-- ----------------------------
-- Table structure for `xmai_profile2utility`
-- ----------------------------
DROP TABLE IF EXISTS `xmai_profile2utility`;
CREATE TABLE `xmai_profile2utility` (
  `profileid` int(11) NOT NULL,
  `tabid` int(11) NOT NULL,
  `activityid` int(11) NOT NULL,
  `permission` int(1) default NULL,
  PRIMARY KEY  (`profileid`,`tabid`,`activityid`),
  KEY `profile2utility_profileid_tabid_activityid_idx` (`profileid`,`tabid`,`activityid`)
) ENGINE=InnoDB DEFAULT CHARSET=utf8;

-- ----------------------------
-- Records of xmai_profile2utility
-- ----------------------------
INSERT INTO xmai_profile2utility VALUES ('1', '2', '5', '0');
INSERT INTO xmai_profile2utility VALUES ('1', '2', '6', '0');
INSERT INTO xmai_profile2utility VALUES ('1', '2', '10', '0');
INSERT INTO xmai_profile2utility VALUES ('1', '4', '5', '0');
INSERT INTO xmai_profile2utility VALUES ('1', '4', '6', '0');
INSERT INTO xmai_profile2utility VALUES ('1', '4', '8', '0');
INSERT INTO xmai_profile2utility VALUES ('1', '4', '10', '0');
INSERT INTO xmai_profile2utility VALUES ('1', '6', '5', '0');
INSERT INTO xmai_profile2utility VALUES ('1', '6', '6', '0');
INSERT INTO xmai_profile2utility VALUES ('1', '6', '8', '0');
INSERT INTO xmai_profile2utility VALUES ('1', '6', '10', '0');
INSERT INTO xmai_profile2utility VALUES ('1', '7', '5', '0');
INSERT INTO xmai_profile2utility VALUES ('1', '7', '6', '0');
INSERT INTO xmai_profile2utility VALUES ('1', '7', '8', '0');
INSERT INTO xmai_profile2utility VALUES ('1', '7', '9', '0');
INSERT INTO xmai_profile2utility VALUES ('1', '7', '10', '0');
INSERT INTO xmai_profile2utility VALUES ('1', '8', '6', '0');
INSERT INTO xmai_profile2utility VALUES ('1', '13', '5', '0');
INSERT INTO xmai_profile2utility VALUES ('1', '13', '6', '0');
INSERT INTO xmai_profile2utility VALUES ('1', '13', '8', '0');
INSERT INTO xmai_profile2utility VALUES ('1', '13', '10', '0');
INSERT INTO xmai_profile2utility VALUES ('1', '14', '5', '0');
INSERT INTO xmai_profile2utility VALUES ('1', '14', '6', '0');
INSERT INTO xmai_profile2utility VALUES ('1', '14', '10', '0');
INSERT INTO xmai_profile2utility VALUES ('1', '18', '5', '0');
INSERT INTO xmai_profile2utility VALUES ('1', '18', '6', '0');
INSERT INTO xmai_profile2utility VALUES ('1', '18', '10', '0');
INSERT INTO xmai_profile2utility VALUES ('1', '36', '5', '1');
INSERT INTO xmai_profile2utility VALUES ('1', '36', '6', '1');
INSERT INTO xmai_profile2utility VALUES ('1', '36', '8', '1');
INSERT INTO xmai_profile2utility VALUES ('1', '37', '5', '0');
INSERT INTO xmai_profile2utility VALUES ('1', '37', '6', '0');
INSERT INTO xmai_profile2utility VALUES ('1', '37', '10', '0');
INSERT INTO xmai_profile2utility VALUES ('1', '38', '5', '0');
INSERT INTO xmai_profile2utility VALUES ('1', '38', '6', '0');
INSERT INTO xmai_profile2utility VALUES ('1', '38', '10', '0');
INSERT INTO xmai_profile2utility VALUES ('1', '41', '5', '0');
INSERT INTO xmai_profile2utility VALUES ('1', '41', '6', '0');
INSERT INTO xmai_profile2utility VALUES ('1', '41', '10', '0');
INSERT INTO xmai_profile2utility VALUES ('1', '46', '5', '0');
INSERT INTO xmai_profile2utility VALUES ('1', '46', '6', '0');
INSERT INTO xmai_profile2utility VALUES ('1', '46', '10', '0');
INSERT INTO xmai_profile2utility VALUES ('1', '47', '5', '0');
INSERT INTO xmai_profile2utility VALUES ('1', '47', '6', '0');
INSERT INTO xmai_profile2utility VALUES ('1', '47', '10', '0');
INSERT INTO xmai_profile2utility VALUES ('1', '48', '5', '0');
INSERT INTO xmai_profile2utility VALUES ('1', '48', '6', '0');
INSERT INTO xmai_profile2utility VALUES ('1', '48', '10', '0');
INSERT INTO xmai_profile2utility VALUES ('2', '2', '5', '1');
INSERT INTO xmai_profile2utility VALUES ('2', '2', '6', '1');
INSERT INTO xmai_profile2utility VALUES ('2', '2', '10', '0');
INSERT INTO xmai_profile2utility VALUES ('2', '4', '5', '1');
INSERT INTO xmai_profile2utility VALUES ('2', '4', '6', '1');
INSERT INTO xmai_profile2utility VALUES ('2', '4', '8', '0');
INSERT INTO xmai_profile2utility VALUES ('2', '4', '10', '0');
INSERT INTO xmai_profile2utility VALUES ('2', '6', '5', '1');
INSERT INTO xmai_profile2utility VALUES ('2', '6', '6', '1');
INSERT INTO xmai_profile2utility VALUES ('2', '6', '8', '0');
INSERT INTO xmai_profile2utility VALUES ('2', '6', '10', '0');
INSERT INTO xmai_profile2utility VALUES ('2', '7', '5', '1');
INSERT INTO xmai_profile2utility VALUES ('2', '7', '6', '1');
INSERT INTO xmai_profile2utility VALUES ('2', '7', '8', '0');
INSERT INTO xmai_profile2utility VALUES ('2', '7', '9', '0');
INSERT INTO xmai_profile2utility VALUES ('2', '7', '10', '0');
INSERT INTO xmai_profile2utility VALUES ('2', '8', '6', '1');
INSERT INTO xmai_profile2utility VALUES ('2', '13', '5', '1');
INSERT INTO xmai_profile2utility VALUES ('2', '13', '6', '1');
INSERT INTO xmai_profile2utility VALUES ('2', '13', '8', '0');
INSERT INTO xmai_profile2utility VALUES ('2', '13', '10', '0');
INSERT INTO xmai_profile2utility VALUES ('2', '14', '5', '1');
INSERT INTO xmai_profile2utility VALUES ('2', '14', '6', '1');
INSERT INTO xmai_profile2utility VALUES ('2', '14', '10', '0');
INSERT INTO xmai_profile2utility VALUES ('2', '18', '5', '1');
INSERT INTO xmai_profile2utility VALUES ('2', '18', '6', '1');
INSERT INTO xmai_profile2utility VALUES ('2', '18', '10', '0');
INSERT INTO xmai_profile2utility VALUES ('2', '36', '5', '1');
INSERT INTO xmai_profile2utility VALUES ('2', '36', '6', '1');
INSERT INTO xmai_profile2utility VALUES ('2', '36', '8', '1');
INSERT INTO xmai_profile2utility VALUES ('2', '37', '5', '0');
INSERT INTO xmai_profile2utility VALUES ('2', '37', '6', '0');
INSERT INTO xmai_profile2utility VALUES ('2', '37', '10', '0');
INSERT INTO xmai_profile2utility VALUES ('2', '38', '5', '0');
INSERT INTO xmai_profile2utility VALUES ('2', '38', '6', '0');
INSERT INTO xmai_profile2utility VALUES ('2', '38', '10', '0');
INSERT INTO xmai_profile2utility VALUES ('2', '41', '5', '0');
INSERT INTO xmai_profile2utility VALUES ('2', '41', '6', '0');
INSERT INTO xmai_profile2utility VALUES ('2', '41', '10', '0');
INSERT INTO xmai_profile2utility VALUES ('2', '46', '5', '0');
INSERT INTO xmai_profile2utility VALUES ('2', '46', '6', '0');
INSERT INTO xmai_profile2utility VALUES ('2', '46', '10', '0');
INSERT INTO xmai_profile2utility VALUES ('2', '47', '5', '0');
INSERT INTO xmai_profile2utility VALUES ('2', '47', '6', '0');
INSERT INTO xmai_profile2utility VALUES ('2', '47', '10', '0');
INSERT INTO xmai_profile2utility VALUES ('2', '48', '5', '0');
INSERT INTO xmai_profile2utility VALUES ('2', '48', '6', '0');
INSERT INTO xmai_profile2utility VALUES ('2', '48', '10', '0');
INSERT INTO xmai_profile2utility VALUES ('3', '2', '5', '1');
INSERT INTO xmai_profile2utility VALUES ('3', '2', '6', '1');
INSERT INTO xmai_profile2utility VALUES ('3', '2', '10', '0');
INSERT INTO xmai_profile2utility VALUES ('3', '4', '5', '1');
INSERT INTO xmai_profile2utility VALUES ('3', '4', '6', '1');
INSERT INTO xmai_profile2utility VALUES ('3', '4', '8', '0');
INSERT INTO xmai_profile2utility VALUES ('3', '4', '10', '0');
INSERT INTO xmai_profile2utility VALUES ('3', '6', '5', '1');
INSERT INTO xmai_profile2utility VALUES ('3', '6', '6', '1');
INSERT INTO xmai_profile2utility VALUES ('3', '6', '8', '0');
INSERT INTO xmai_profile2utility VALUES ('3', '6', '10', '0');
INSERT INTO xmai_profile2utility VALUES ('3', '7', '5', '1');
INSERT INTO xmai_profile2utility VALUES ('3', '7', '6', '1');
INSERT INTO xmai_profile2utility VALUES ('3', '7', '8', '0');
INSERT INTO xmai_profile2utility VALUES ('3', '7', '9', '0');
INSERT INTO xmai_profile2utility VALUES ('3', '7', '10', '0');
INSERT INTO xmai_profile2utility VALUES ('3', '8', '6', '1');
INSERT INTO xmai_profile2utility VALUES ('3', '13', '5', '1');
INSERT INTO xmai_profile2utility VALUES ('3', '13', '6', '1');
INSERT INTO xmai_profile2utility VALUES ('3', '13', '8', '0');
INSERT INTO xmai_profile2utility VALUES ('3', '13', '10', '0');
INSERT INTO xmai_profile2utility VALUES ('3', '14', '5', '1');
INSERT INTO xmai_profile2utility VALUES ('3', '14', '6', '1');
INSERT INTO xmai_profile2utility VALUES ('3', '14', '10', '0');
INSERT INTO xmai_profile2utility VALUES ('3', '18', '5', '1');
INSERT INTO xmai_profile2utility VALUES ('3', '18', '6', '1');
INSERT INTO xmai_profile2utility VALUES ('3', '18', '10', '0');
INSERT INTO xmai_profile2utility VALUES ('3', '36', '5', '1');
INSERT INTO xmai_profile2utility VALUES ('3', '36', '6', '1');
INSERT INTO xmai_profile2utility VALUES ('3', '36', '8', '1');
INSERT INTO xmai_profile2utility VALUES ('3', '37', '5', '0');
INSERT INTO xmai_profile2utility VALUES ('3', '37', '6', '0');
INSERT INTO xmai_profile2utility VALUES ('3', '37', '10', '0');
INSERT INTO xmai_profile2utility VALUES ('3', '38', '5', '0');
INSERT INTO xmai_profile2utility VALUES ('3', '38', '6', '0');
INSERT INTO xmai_profile2utility VALUES ('3', '38', '10', '0');
INSERT INTO xmai_profile2utility VALUES ('3', '41', '5', '0');
INSERT INTO xmai_profile2utility VALUES ('3', '41', '6', '0');
INSERT INTO xmai_profile2utility VALUES ('3', '41', '10', '0');
INSERT INTO xmai_profile2utility VALUES ('3', '46', '5', '0');
INSERT INTO xmai_profile2utility VALUES ('3', '46', '6', '0');
INSERT INTO xmai_profile2utility VALUES ('3', '46', '10', '0');
INSERT INTO xmai_profile2utility VALUES ('3', '47', '5', '0');
INSERT INTO xmai_profile2utility VALUES ('3', '47', '6', '0');
INSERT INTO xmai_profile2utility VALUES ('3', '47', '10', '0');
INSERT INTO xmai_profile2utility VALUES ('3', '48', '5', '0');
INSERT INTO xmai_profile2utility VALUES ('3', '48', '6', '0');
INSERT INTO xmai_profile2utility VALUES ('3', '48', '10', '0');
INSERT INTO xmai_profile2utility VALUES ('4', '2', '5', '1');
INSERT INTO xmai_profile2utility VALUES ('4', '2', '6', '1');
INSERT INTO xmai_profile2utility VALUES ('4', '2', '10', '0');
INSERT INTO xmai_profile2utility VALUES ('4', '4', '5', '1');
INSERT INTO xmai_profile2utility VALUES ('4', '4', '6', '1');
INSERT INTO xmai_profile2utility VALUES ('4', '4', '8', '1');
INSERT INTO xmai_profile2utility VALUES ('4', '4', '10', '0');
INSERT INTO xmai_profile2utility VALUES ('4', '6', '5', '1');
INSERT INTO xmai_profile2utility VALUES ('4', '6', '6', '1');
INSERT INTO xmai_profile2utility VALUES ('4', '6', '8', '1');
INSERT INTO xmai_profile2utility VALUES ('4', '6', '10', '0');
INSERT INTO xmai_profile2utility VALUES ('4', '7', '5', '1');
INSERT INTO xmai_profile2utility VALUES ('4', '7', '6', '1');
INSERT INTO xmai_profile2utility VALUES ('4', '7', '8', '1');
INSERT INTO xmai_profile2utility VALUES ('4', '7', '9', '0');
INSERT INTO xmai_profile2utility VALUES ('4', '7', '10', '0');
INSERT INTO xmai_profile2utility VALUES ('4', '8', '6', '1');
INSERT INTO xmai_profile2utility VALUES ('4', '13', '5', '1');
INSERT INTO xmai_profile2utility VALUES ('4', '13', '6', '1');
INSERT INTO xmai_profile2utility VALUES ('4', '13', '8', '1');
INSERT INTO xmai_profile2utility VALUES ('4', '13', '10', '0');
INSERT INTO xmai_profile2utility VALUES ('4', '14', '5', '1');
INSERT INTO xmai_profile2utility VALUES ('4', '14', '6', '1');
INSERT INTO xmai_profile2utility VALUES ('4', '14', '10', '0');
INSERT INTO xmai_profile2utility VALUES ('4', '18', '5', '1');
INSERT INTO xmai_profile2utility VALUES ('4', '18', '6', '1');
INSERT INTO xmai_profile2utility VALUES ('4', '18', '10', '0');
INSERT INTO xmai_profile2utility VALUES ('4', '36', '5', '1');
INSERT INTO xmai_profile2utility VALUES ('4', '36', '6', '1');
INSERT INTO xmai_profile2utility VALUES ('4', '36', '8', '1');
INSERT INTO xmai_profile2utility VALUES ('4', '37', '5', '0');
INSERT INTO xmai_profile2utility VALUES ('4', '37', '6', '0');
INSERT INTO xmai_profile2utility VALUES ('4', '37', '10', '0');
INSERT INTO xmai_profile2utility VALUES ('4', '38', '5', '0');
INSERT INTO xmai_profile2utility VALUES ('4', '38', '6', '0');
INSERT INTO xmai_profile2utility VALUES ('4', '38', '10', '0');
INSERT INTO xmai_profile2utility VALUES ('4', '41', '5', '0');
INSERT INTO xmai_profile2utility VALUES ('4', '41', '6', '0');
INSERT INTO xmai_profile2utility VALUES ('4', '41', '10', '0');
INSERT INTO xmai_profile2utility VALUES ('4', '46', '5', '0');
INSERT INTO xmai_profile2utility VALUES ('4', '46', '6', '0');
INSERT INTO xmai_profile2utility VALUES ('4', '46', '10', '0');
INSERT INTO xmai_profile2utility VALUES ('4', '47', '5', '0');
INSERT INTO xmai_profile2utility VALUES ('4', '47', '6', '0');
INSERT INTO xmai_profile2utility VALUES ('4', '47', '10', '0');
INSERT INTO xmai_profile2utility VALUES ('4', '48', '5', '0');
INSERT INTO xmai_profile2utility VALUES ('4', '48', '6', '0');
INSERT INTO xmai_profile2utility VALUES ('4', '48', '10', '0');

-- ----------------------------
-- Table structure for `xmai_profile_seq`
-- ----------------------------
DROP TABLE IF EXISTS `xmai_profile_seq`;
CREATE TABLE `xmai_profile_seq` (
  `id` int(11) NOT NULL
) ENGINE=MyISAM DEFAULT CHARSET=utf8;

-- ----------------------------
-- Records of xmai_profile_seq
-- ----------------------------
INSERT INTO xmai_profile_seq VALUES ('4');

-- ----------------------------
-- Table structure for `xmai_progress`
-- ----------------------------
DROP TABLE IF EXISTS `xmai_progress`;
CREATE TABLE `xmai_progress` (
  `progressid` int(11) NOT NULL auto_increment,
  `progress` varchar(200) NOT NULL,
  `presence` int(1) NOT NULL default '1',
  `picklist_valueid` int(11) NOT NULL default '0',
  PRIMARY KEY  (`progressid`)
) ENGINE=InnoDB AUTO_INCREMENT=12 DEFAULT CHARSET=utf8;

-- ----------------------------
-- Records of xmai_progress
-- ----------------------------
INSERT INTO xmai_progress VALUES ('1', '--none--', '1', '277');
INSERT INTO xmai_progress VALUES ('2', '10%', '1', '278');
INSERT INTO xmai_progress VALUES ('3', '20%', '1', '279');
INSERT INTO xmai_progress VALUES ('4', '30%', '1', '280');
INSERT INTO xmai_progress VALUES ('5', '40%', '1', '281');
INSERT INTO xmai_progress VALUES ('6', '50%', '1', '282');
INSERT INTO xmai_progress VALUES ('7', '60%', '1', '283');
INSERT INTO xmai_progress VALUES ('8', '70%', '1', '284');
INSERT INTO xmai_progress VALUES ('9', '80%', '1', '285');
INSERT INTO xmai_progress VALUES ('10', '90%', '1', '286');
INSERT INTO xmai_progress VALUES ('11', '100%', '1', '287');

-- ----------------------------
-- Table structure for `xmai_progress_seq`
-- ----------------------------
DROP TABLE IF EXISTS `xmai_progress_seq`;
CREATE TABLE `xmai_progress_seq` (
  `id` int(11) NOT NULL
) ENGINE=MyISAM DEFAULT CHARSET=utf8;

-- ----------------------------
-- Records of xmai_progress_seq
-- ----------------------------
INSERT INTO xmai_progress_seq VALUES ('11');

-- ----------------------------
-- Table structure for `xmai_project`
-- ----------------------------
DROP TABLE IF EXISTS `xmai_project`;
CREATE TABLE `xmai_project` (
  `projectid` int(11) default NULL,
  `projectname` varchar(255) default NULL,
  `project_no` varchar(100) default NULL,
  `startdate` date default NULL,
  `targetenddate` date default NULL,
  `actualenddate` date default NULL,
  `targetbudget` varchar(255) default NULL,
  `projecturl` varchar(255) default NULL,
  `projectstatus` varchar(100) default NULL,
  `projectpriority` varchar(100) default NULL,
  `projecttype` varchar(100) default NULL,
  `progress` varchar(100) default NULL,
  `linktoaccountscontacts` varchar(100) default NULL
) ENGINE=InnoDB DEFAULT CHARSET=utf8;

-- ----------------------------
-- Records of xmai_project
-- ----------------------------

-- ----------------------------
-- Table structure for `xmai_projectcf`
-- ----------------------------
DROP TABLE IF EXISTS `xmai_projectcf`;
CREATE TABLE `xmai_projectcf` (
  `projectid` int(11) NOT NULL,
  PRIMARY KEY  (`projectid`)
) ENGINE=InnoDB DEFAULT CHARSET=utf8;

-- ----------------------------
-- Records of xmai_projectcf
-- ----------------------------

-- ----------------------------
-- Table structure for `xmai_projectmilestone`
-- ----------------------------
DROP TABLE IF EXISTS `xmai_projectmilestone`;
CREATE TABLE `xmai_projectmilestone` (
  `projectmilestoneid` int(11) NOT NULL,
  `projectmilestonename` varchar(255) default NULL,
  `projectmilestone_no` varchar(100) default NULL,
  `projectmilestonedate` varchar(255) default NULL,
  `projectid` varchar(100) default NULL,
  `projectmilestonetype` varchar(100) default NULL,
  PRIMARY KEY  (`projectmilestoneid`)
) ENGINE=InnoDB DEFAULT CHARSET=utf8;

-- ----------------------------
-- Records of xmai_projectmilestone
-- ----------------------------

-- ----------------------------
-- Table structure for `xmai_projectmilestonecf`
-- ----------------------------
DROP TABLE IF EXISTS `xmai_projectmilestonecf`;
CREATE TABLE `xmai_projectmilestonecf` (
  `projectmilestoneid` int(11) NOT NULL default '0',
  PRIMARY KEY  (`projectmilestoneid`)
) ENGINE=InnoDB DEFAULT CHARSET=utf8;

-- ----------------------------
-- Records of xmai_projectmilestonecf
-- ----------------------------

-- ----------------------------
-- Table structure for `xmai_projectmilestonetype`
-- ----------------------------
DROP TABLE IF EXISTS `xmai_projectmilestonetype`;
CREATE TABLE `xmai_projectmilestonetype` (
  `projectmilestonetypeid` int(11) NOT NULL auto_increment,
  `projectmilestonetype` varchar(200) NOT NULL,
  `presence` int(1) NOT NULL default '1',
  `picklist_valueid` int(11) NOT NULL default '0',
  PRIMARY KEY  (`projectmilestonetypeid`)
) ENGINE=InnoDB AUTO_INCREMENT=5 DEFAULT CHARSET=utf8;

-- ----------------------------
-- Records of xmai_projectmilestonetype
-- ----------------------------
INSERT INTO xmai_projectmilestonetype VALUES ('1', '--none--', '1', '237');
INSERT INTO xmai_projectmilestonetype VALUES ('2', 'administrative', '1', '238');
INSERT INTO xmai_projectmilestonetype VALUES ('3', 'operative', '1', '239');
INSERT INTO xmai_projectmilestonetype VALUES ('4', 'other', '1', '240');

-- ----------------------------
-- Table structure for `xmai_projectmilestonetype_seq`
-- ----------------------------
DROP TABLE IF EXISTS `xmai_projectmilestonetype_seq`;
CREATE TABLE `xmai_projectmilestonetype_seq` (
  `id` int(11) NOT NULL
) ENGINE=MyISAM DEFAULT CHARSET=utf8;

-- ----------------------------
-- Records of xmai_projectmilestonetype_seq
-- ----------------------------
INSERT INTO xmai_projectmilestonetype_seq VALUES ('4');

-- ----------------------------
-- Table structure for `xmai_projectpriority`
-- ----------------------------
DROP TABLE IF EXISTS `xmai_projectpriority`;
CREATE TABLE `xmai_projectpriority` (
  `projectpriorityid` int(11) NOT NULL auto_increment,
  `projectpriority` varchar(200) NOT NULL,
  `presence` int(1) NOT NULL default '1',
  `picklist_valueid` int(11) NOT NULL default '0',
  PRIMARY KEY  (`projectpriorityid`)
) ENGINE=InnoDB AUTO_INCREMENT=5 DEFAULT CHARSET=utf8;

-- ----------------------------
-- Records of xmai_projectpriority
-- ----------------------------
INSERT INTO xmai_projectpriority VALUES ('1', '--none--', '1', '273');
INSERT INTO xmai_projectpriority VALUES ('2', 'low', '1', '274');
INSERT INTO xmai_projectpriority VALUES ('3', 'normal', '1', '275');
INSERT INTO xmai_projectpriority VALUES ('4', 'high', '1', '276');

-- ----------------------------
-- Table structure for `xmai_projectpriority_seq`
-- ----------------------------
DROP TABLE IF EXISTS `xmai_projectpriority_seq`;
CREATE TABLE `xmai_projectpriority_seq` (
  `id` int(11) NOT NULL
) ENGINE=MyISAM DEFAULT CHARSET=utf8;

-- ----------------------------
-- Records of xmai_projectpriority_seq
-- ----------------------------
INSERT INTO xmai_projectpriority_seq VALUES ('4');

-- ----------------------------
-- Table structure for `xmai_projectstatus`
-- ----------------------------
DROP TABLE IF EXISTS `xmai_projectstatus`;
CREATE TABLE `xmai_projectstatus` (
  `projectstatusid` int(11) NOT NULL auto_increment,
  `projectstatus` varchar(200) NOT NULL,
  `presence` int(1) NOT NULL default '1',
  `picklist_valueid` int(11) NOT NULL default '0',
  PRIMARY KEY  (`projectstatusid`)
) ENGINE=InnoDB AUTO_INCREMENT=10 DEFAULT CHARSET=utf8;

-- ----------------------------
-- Records of xmai_projectstatus
-- ----------------------------
INSERT INTO xmai_projectstatus VALUES ('1', '--none--', '1', '260');
INSERT INTO xmai_projectstatus VALUES ('2', 'prospecting', '1', '261');
INSERT INTO xmai_projectstatus VALUES ('3', 'initiated', '1', '262');
INSERT INTO xmai_projectstatus VALUES ('4', 'in progress', '1', '263');
INSERT INTO xmai_projectstatus VALUES ('5', 'waiting for feedback', '1', '264');
INSERT INTO xmai_projectstatus VALUES ('6', 'on hold', '1', '265');
INSERT INTO xmai_projectstatus VALUES ('7', 'completed', '1', '266');
INSERT INTO xmai_projectstatus VALUES ('8', 'delivered', '1', '267');
INSERT INTO xmai_projectstatus VALUES ('9', 'archived', '1', '268');

-- ----------------------------
-- Table structure for `xmai_projectstatus_seq`
-- ----------------------------
DROP TABLE IF EXISTS `xmai_projectstatus_seq`;
CREATE TABLE `xmai_projectstatus_seq` (
  `id` int(11) NOT NULL
) ENGINE=MyISAM DEFAULT CHARSET=utf8;

-- ----------------------------
-- Records of xmai_projectstatus_seq
-- ----------------------------
INSERT INTO xmai_projectstatus_seq VALUES ('9');

-- ----------------------------
-- Table structure for `xmai_projecttask`
-- ----------------------------
DROP TABLE IF EXISTS `xmai_projecttask`;
CREATE TABLE `xmai_projecttask` (
  `projecttaskid` int(11) NOT NULL,
  `projecttaskname` varchar(255) default NULL,
  `projecttask_no` varchar(100) default NULL,
  `projecttasktype` varchar(100) default NULL,
  `projecttaskpriority` varchar(100) default NULL,
  `projecttaskprogress` varchar(100) default NULL,
  `projecttaskhours` varchar(255) default NULL,
  `startdate` date default NULL,
  `enddate` date default NULL,
  `projectid` varchar(100) default NULL,
  `projecttasknumber` int(11) default NULL,
  PRIMARY KEY  (`projecttaskid`)
) ENGINE=InnoDB DEFAULT CHARSET=utf8;

-- ----------------------------
-- Records of xmai_projecttask
-- ----------------------------

-- ----------------------------
-- Table structure for `xmai_projecttaskcf`
-- ----------------------------
DROP TABLE IF EXISTS `xmai_projecttaskcf`;
CREATE TABLE `xmai_projecttaskcf` (
  `projecttaskid` int(11) NOT NULL default '0',
  PRIMARY KEY  (`projecttaskid`)
) ENGINE=InnoDB DEFAULT CHARSET=utf8;

-- ----------------------------
-- Records of xmai_projecttaskcf
-- ----------------------------

-- ----------------------------
-- Table structure for `xmai_projecttaskpriority`
-- ----------------------------
DROP TABLE IF EXISTS `xmai_projecttaskpriority`;
CREATE TABLE `xmai_projecttaskpriority` (
  `projecttaskpriorityid` int(11) NOT NULL auto_increment,
  `projecttaskpriority` varchar(200) NOT NULL,
  `presence` int(1) NOT NULL default '1',
  `picklist_valueid` int(11) NOT NULL default '0',
  PRIMARY KEY  (`projecttaskpriorityid`)
) ENGINE=InnoDB AUTO_INCREMENT=5 DEFAULT CHARSET=utf8;

-- ----------------------------
-- Records of xmai_projecttaskpriority
-- ----------------------------
INSERT INTO xmai_projecttaskpriority VALUES ('1', '--none--', '1', '245');
INSERT INTO xmai_projecttaskpriority VALUES ('2', 'low', '1', '246');
INSERT INTO xmai_projecttaskpriority VALUES ('3', 'normal', '1', '247');
INSERT INTO xmai_projecttaskpriority VALUES ('4', 'high', '1', '248');

-- ----------------------------
-- Table structure for `xmai_projecttaskpriority_seq`
-- ----------------------------
DROP TABLE IF EXISTS `xmai_projecttaskpriority_seq`;
CREATE TABLE `xmai_projecttaskpriority_seq` (
  `id` int(11) NOT NULL
) ENGINE=MyISAM DEFAULT CHARSET=utf8;

-- ----------------------------
-- Records of xmai_projecttaskpriority_seq
-- ----------------------------
INSERT INTO xmai_projecttaskpriority_seq VALUES ('4');

-- ----------------------------
-- Table structure for `xmai_projecttaskprogress`
-- ----------------------------
DROP TABLE IF EXISTS `xmai_projecttaskprogress`;
CREATE TABLE `xmai_projecttaskprogress` (
  `projecttaskprogressid` int(11) NOT NULL auto_increment,
  `projecttaskprogress` varchar(200) NOT NULL,
  `presence` int(1) NOT NULL default '1',
  `picklist_valueid` int(11) NOT NULL default '0',
  PRIMARY KEY  (`projecttaskprogressid`)
) ENGINE=InnoDB AUTO_INCREMENT=12 DEFAULT CHARSET=utf8;

-- ----------------------------
-- Records of xmai_projecttaskprogress
-- ----------------------------
INSERT INTO xmai_projecttaskprogress VALUES ('1', '--none--', '1', '249');
INSERT INTO xmai_projecttaskprogress VALUES ('2', '10%', '1', '250');
INSERT INTO xmai_projecttaskprogress VALUES ('3', '20%', '1', '251');
INSERT INTO xmai_projecttaskprogress VALUES ('4', '30%', '1', '252');
INSERT INTO xmai_projecttaskprogress VALUES ('5', '40%', '1', '253');
INSERT INTO xmai_projecttaskprogress VALUES ('6', '50%', '1', '254');
INSERT INTO xmai_projecttaskprogress VALUES ('7', '60%', '1', '255');
INSERT INTO xmai_projecttaskprogress VALUES ('8', '70%', '1', '256');
INSERT INTO xmai_projecttaskprogress VALUES ('9', '80%', '1', '257');
INSERT INTO xmai_projecttaskprogress VALUES ('10', '90%', '1', '258');
INSERT INTO xmai_projecttaskprogress VALUES ('11', '100%', '1', '259');

-- ----------------------------
-- Table structure for `xmai_projecttaskprogress_seq`
-- ----------------------------
DROP TABLE IF EXISTS `xmai_projecttaskprogress_seq`;
CREATE TABLE `xmai_projecttaskprogress_seq` (
  `id` int(11) NOT NULL
) ENGINE=MyISAM DEFAULT CHARSET=utf8;

-- ----------------------------
-- Records of xmai_projecttaskprogress_seq
-- ----------------------------
INSERT INTO xmai_projecttaskprogress_seq VALUES ('11');

-- ----------------------------
-- Table structure for `xmai_projecttasktype`
-- ----------------------------
DROP TABLE IF EXISTS `xmai_projecttasktype`;
CREATE TABLE `xmai_projecttasktype` (
  `projecttasktypeid` int(11) NOT NULL auto_increment,
  `projecttasktype` varchar(200) NOT NULL,
  `presence` int(1) NOT NULL default '1',
  `picklist_valueid` int(11) NOT NULL default '0',
  PRIMARY KEY  (`projecttasktypeid`)
) ENGINE=InnoDB AUTO_INCREMENT=5 DEFAULT CHARSET=utf8;

-- ----------------------------
-- Records of xmai_projecttasktype
-- ----------------------------
INSERT INTO xmai_projecttasktype VALUES ('1', '--none--', '1', '241');
INSERT INTO xmai_projecttasktype VALUES ('2', 'administrative', '1', '242');
INSERT INTO xmai_projecttasktype VALUES ('3', 'operative', '1', '243');
INSERT INTO xmai_projecttasktype VALUES ('4', 'other', '1', '244');

-- ----------------------------
-- Table structure for `xmai_projecttasktype_seq`
-- ----------------------------
DROP TABLE IF EXISTS `xmai_projecttasktype_seq`;
CREATE TABLE `xmai_projecttasktype_seq` (
  `id` int(11) NOT NULL
) ENGINE=MyISAM DEFAULT CHARSET=utf8;

-- ----------------------------
-- Records of xmai_projecttasktype_seq
-- ----------------------------
INSERT INTO xmai_projecttasktype_seq VALUES ('4');

-- ----------------------------
-- Table structure for `xmai_projecttype`
-- ----------------------------
DROP TABLE IF EXISTS `xmai_projecttype`;
CREATE TABLE `xmai_projecttype` (
  `projecttypeid` int(11) NOT NULL auto_increment,
  `projecttype` varchar(200) NOT NULL,
  `presence` int(1) NOT NULL default '1',
  `picklist_valueid` int(11) NOT NULL default '0',
  PRIMARY KEY  (`projecttypeid`)
) ENGINE=InnoDB AUTO_INCREMENT=5 DEFAULT CHARSET=utf8;

-- ----------------------------
-- Records of xmai_projecttype
-- ----------------------------
INSERT INTO xmai_projecttype VALUES ('1', '--none--', '1', '269');
INSERT INTO xmai_projecttype VALUES ('2', 'administrative', '1', '270');
INSERT INTO xmai_projecttype VALUES ('3', 'operative', '1', '271');
INSERT INTO xmai_projecttype VALUES ('4', 'other', '1', '272');

-- ----------------------------
-- Table structure for `xmai_projecttype_seq`
-- ----------------------------
DROP TABLE IF EXISTS `xmai_projecttype_seq`;
CREATE TABLE `xmai_projecttype_seq` (
  `id` int(11) NOT NULL
) ENGINE=MyISAM DEFAULT CHARSET=utf8;

-- ----------------------------
-- Records of xmai_projecttype_seq
-- ----------------------------
INSERT INTO xmai_projecttype_seq VALUES ('4');

-- ----------------------------
-- Table structure for `xmai_purchaseorder`
-- ----------------------------
DROP TABLE IF EXISTS `xmai_purchaseorder`;
CREATE TABLE `xmai_purchaseorder` (
  `purchaseorderid` int(19) NOT NULL default '0',
  `subject` varchar(100) default NULL,
  `quoteid` int(19) default NULL,
  `vendorid` int(19) default NULL,
  `requisition_no` varchar(100) default NULL,
  `purchaseorder_no` varchar(100) default NULL,
  `tracking_no` varchar(100) default NULL,
  `contactid` int(19) default NULL,
  `duedate` date default NULL,
  `carrier` varchar(200) default NULL,
  `type` varchar(100) default NULL,
  `adjustment` decimal(25,3) default NULL,
  `salescommission` decimal(25,3) default NULL,
  `exciseduty` decimal(25,3) default NULL,
  `total` decimal(25,3) default NULL,
  `subtotal` decimal(25,3) default NULL,
  `taxtype` varchar(25) default NULL,
  `discount_percent` decimal(25,3) default NULL,
  `discount_amount` decimal(25,3) default NULL,
  `s_h_amount` decimal(25,3) default NULL,
  `terms_conditions` text,
  `postatus` varchar(200) default NULL,
  `currency_id` int(19) NOT NULL default '1',
  `conversion_rate` decimal(10,3) NOT NULL default '1.000',
  PRIMARY KEY  (`purchaseorderid`),
  KEY `purchaseorder_vendorid_idx` (`vendorid`),
  KEY `purchaseorder_quoteid_idx` (`quoteid`),
  KEY `purchaseorder_contactid_idx` (`contactid`),
  CONSTRAINT `fk_4_xmai_purchaseorder` FOREIGN KEY (`vendorid`) REFERENCES `xmai_vendor` (`vendorid`) ON DELETE CASCADE
) ENGINE=InnoDB DEFAULT CHARSET=utf8;

-- ----------------------------
-- Records of xmai_purchaseorder
-- ----------------------------
INSERT INTO xmai_purchaseorder VALUES ('84', 'PO_xmai', null, '42', '', 'PO1', 'po1425', '22', '2007-04-21', 'FedEx', null, '100.000', '0.000', '0.000', '2050.000', '2000.000', 'individual', '0.000', '100.000', '50.000', '', 'Created', '1', '1.000');
INSERT INTO xmai_purchaseorder VALUES ('85', 'PO_zoho', null, '42', '', 'PO2', 'po2587', '23', '2007-05-29', 'UPS', null, '100.000', '0.000', '0.000', '2050.000', '2000.000', 'individual', '0.000', '100.000', '50.000', '', 'Delivered', '1', '1.000');
INSERT INTO xmai_purchaseorder VALUES ('86', 'PO_xmai5usrp', null, '46', '', 'PO3', 'po7974', '23', '2007-07-11', 'USPS', null, '100.000', '0.000', '0.000', '2050.000', '2000.000', 'individual', '0.000', '100.000', '50.000', '', 'Approved', '1', '1.000');
INSERT INTO xmai_purchaseorder VALUES ('87', 'PO_vt100usrpk', null, '47', '', 'PO4', 'po7979', '29', '2007-04-09', 'DHL', null, '100.000', '0.000', '0.000', '2050.000', '2000.000', 'individual', '0.000', '100.000', '50.000', '', 'Cancelled', '1', '1.000');
INSERT INTO xmai_purchaseorder VALUES ('88', 'PO_vendtl', null, '48', '', 'PO5', 'po6411', '22', '2006-08-18', 'BlueDart', null, '100.000', '0.000', '0.000', '2050.000', '2000.000', 'individual', '0.000', '100.000', '50.000', '', 'Received Shipment', '1', '1.000');

-- ----------------------------
-- Table structure for `xmai_purchaseordercf`
-- ----------------------------
DROP TABLE IF EXISTS `xmai_purchaseordercf`;
CREATE TABLE `xmai_purchaseordercf` (
  `purchaseorderid` int(19) NOT NULL default '0',
  PRIMARY KEY  (`purchaseorderid`),
  CONSTRAINT `fk_1_xmai_purchaseordercf` FOREIGN KEY (`purchaseorderid`) REFERENCES `xmai_purchaseorder` (`purchaseorderid`) ON DELETE CASCADE
) ENGINE=InnoDB DEFAULT CHARSET=utf8;

-- ----------------------------
-- Records of xmai_purchaseordercf
-- ----------------------------
INSERT INTO xmai_purchaseordercf VALUES ('84');
INSERT INTO xmai_purchaseordercf VALUES ('85');
INSERT INTO xmai_purchaseordercf VALUES ('86');
INSERT INTO xmai_purchaseordercf VALUES ('87');
INSERT INTO xmai_purchaseordercf VALUES ('88');

-- ----------------------------
-- Table structure for `xmai_quickview`
-- ----------------------------
DROP TABLE IF EXISTS `xmai_quickview`;
CREATE TABLE `xmai_quickview` (
  `fieldid` int(19) NOT NULL,
  `related_fieldid` int(19) NOT NULL,
  `sequence` int(19) NOT NULL,
  `currentview` int(19) NOT NULL,
  KEY `fk_1_xmai_quickview` (`fieldid`),
  CONSTRAINT `fk_1_xmai_quickview` FOREIGN KEY (`fieldid`) REFERENCES `xmai_field` (`fieldid`) ON DELETE CASCADE
) ENGINE=InnoDB DEFAULT CHARSET=utf8;

-- ----------------------------
-- Records of xmai_quickview
-- ----------------------------

-- ----------------------------
-- Table structure for `xmai_quotes`
-- ----------------------------
DROP TABLE IF EXISTS `xmai_quotes`;
CREATE TABLE `xmai_quotes` (
  `quoteid` int(19) NOT NULL default '0',
  `subject` varchar(100) default NULL,
  `potentialid` int(19) default NULL,
  `quotestage` varchar(200) default NULL,
  `validtill` date default NULL,
  `contactid` int(19) default NULL,
  `quote_no` varchar(100) default NULL,
  `subtotal` decimal(25,3) default NULL,
  `carrier` varchar(200) default NULL,
  `shipping` varchar(100) default NULL,
  `inventorymanager` int(19) default NULL,
  `type` varchar(100) default NULL,
  `adjustment` decimal(25,3) default NULL,
  `total` decimal(25,3) default NULL,
  `taxtype` varchar(25) default NULL,
  `discount_percent` decimal(25,3) default NULL,
  `discount_amount` decimal(25,3) default NULL,
  `s_h_amount` decimal(25,3) default NULL,
  `accountid` int(19) default NULL,
  `terms_conditions` text,
  `currency_id` int(19) NOT NULL default '1',
  `conversion_rate` decimal(10,3) NOT NULL default '1.000',
  PRIMARY KEY  (`quoteid`),
  KEY `quote_quotestage_idx` (`quotestage`),
  KEY `quotes_potentialid_idx` (`potentialid`),
  KEY `quotes_contactid_idx` (`contactid`),
  CONSTRAINT `fk_3_xmai_quotes` FOREIGN KEY (`potentialid`) REFERENCES `xmai_potential` (`potentialid`) ON DELETE CASCADE
) ENGINE=InnoDB DEFAULT CHARSET=utf8;

-- ----------------------------
-- Records of xmai_quotes
-- ----------------------------
INSERT INTO xmai_quotes VALUES ('74', 'Prod_Quote', '9', 'Created', '2007-09-21', '29', 'QUO1', '110.000', 'FedEx', '', '0', null, '10.000', '160.000', 'individual', '0.000', '10.000', '50.000', '16', '', '1', '1.000');
INSERT INTO xmai_quotes VALUES ('75', 'Cont_Quote', '9', 'Accepted', '2007-10-29', '26', 'QUO2', '110.000', 'UPS', '', '0', null, '10.000', '160.000', 'individual', '0.000', '10.000', '50.000', '16', '', '1', '1.000');
INSERT INTO xmai_quotes VALUES ('76', 'SO_Quote', '21', 'Delivered', '2007-12-11', '22', 'QUO3', '110.000', 'USPS', '', '0', null, '10.000', '160.000', 'individual', '0.000', '10.000', '50.000', '14', '', '1', '1.000');
INSERT INTO xmai_quotes VALUES ('77', 'PO_Quote', '3', 'Accepted', '2007-03-29', '24', 'QUO4', '110.000', 'DHL', '', '0', null, '10.000', '160.000', 'individual', '0.000', '10.000', '50.000', '16', '', '1', '1.000');
INSERT INTO xmai_quotes VALUES ('78', 'Vendor_Quote', '21', 'Accepted', '2007-06-18', '25', 'QUO5', '110.000', 'BlueDart', '', '0', null, '10.000', '160.000', 'individual', '0.000', '10.000', '50.000', '4', '', '1', '1.000');

-- ----------------------------
-- Table structure for `xmai_quotesbillads`
-- ----------------------------
DROP TABLE IF EXISTS `xmai_quotesbillads`;
CREATE TABLE `xmai_quotesbillads` (
  `quotebilladdressid` int(19) NOT NULL default '0',
  `bill_city` varchar(30) default NULL,
  `bill_code` varchar(30) default NULL,
  `bill_country` varchar(30) default NULL,
  `bill_state` varchar(30) default NULL,
  `bill_street` varchar(250) default NULL,
  `bill_pobox` varchar(30) default NULL,
  PRIMARY KEY  (`quotebilladdressid`),
  CONSTRAINT `fk_1_xmai_quotesbillads` FOREIGN KEY (`quotebilladdressid`) REFERENCES `xmai_quotes` (`quoteid`) ON DELETE CASCADE
) ENGINE=InnoDB DEFAULT CHARSET=utf8;

-- ----------------------------
-- Records of xmai_quotesbillads
-- ----------------------------
INSERT INTO xmai_quotesbillads VALUES ('74', 'San Mateo', '88865', 'USA', 'CA', '123 Anywhere Street', '');
INSERT INTO xmai_quotesbillads VALUES ('75', 'San Mateo', '28756', 'USA', 'CA', '999 Baker Way', '');
INSERT INTO xmai_quotesbillads VALUES ('76', 'Sunnyvale', '23916', 'USA', 'CA', '123 Anywhere Street', '');
INSERT INTO xmai_quotesbillads VALUES ('77', 'Sunnyvale', '84553', 'USA', 'CA', '345 Sugar Blvd.', '');
INSERT INTO xmai_quotesbillads VALUES ('78', 'San Jose', '18723', 'USA', 'CA', '345 Sugar Blvd.', '');

-- ----------------------------
-- Table structure for `xmai_quotescf`
-- ----------------------------
DROP TABLE IF EXISTS `xmai_quotescf`;
CREATE TABLE `xmai_quotescf` (
  `quoteid` int(19) NOT NULL default '0',
  PRIMARY KEY  (`quoteid`),
  CONSTRAINT `fk_1_xmai_quotescf` FOREIGN KEY (`quoteid`) REFERENCES `xmai_quotes` (`quoteid`) ON DELETE CASCADE
) ENGINE=InnoDB DEFAULT CHARSET=utf8;

-- ----------------------------
-- Records of xmai_quotescf
-- ----------------------------
INSERT INTO xmai_quotescf VALUES ('74');
INSERT INTO xmai_quotescf VALUES ('75');
INSERT INTO xmai_quotescf VALUES ('76');
INSERT INTO xmai_quotescf VALUES ('77');
INSERT INTO xmai_quotescf VALUES ('78');

-- ----------------------------
-- Table structure for `xmai_quotesshipads`
-- ----------------------------
DROP TABLE IF EXISTS `xmai_quotesshipads`;
CREATE TABLE `xmai_quotesshipads` (
  `quoteshipaddressid` int(19) NOT NULL default '0',
  `ship_city` varchar(30) default NULL,
  `ship_code` varchar(30) default NULL,
  `ship_country` varchar(30) default NULL,
  `ship_state` varchar(30) default NULL,
  `ship_street` varchar(250) default NULL,
  `ship_pobox` varchar(30) default NULL,
  PRIMARY KEY  (`quoteshipaddressid`),
  CONSTRAINT `fk_1_xmai_quotesshipads` FOREIGN KEY (`quoteshipaddressid`) REFERENCES `xmai_quotes` (`quoteid`) ON DELETE CASCADE
) ENGINE=InnoDB DEFAULT CHARSET=utf8;

-- ----------------------------
-- Records of xmai_quotesshipads
-- ----------------------------
INSERT INTO xmai_quotesshipads VALUES ('74', 'San Jose', '94732', 'USA', 'CA', '999 Baker Way', '');
INSERT INTO xmai_quotesshipads VALUES ('75', 'San Jose', '94732', 'USA', 'CA', '999 Baker Way', '');
INSERT INTO xmai_quotesshipads VALUES ('76', 'San Jose', '94732', 'USA', 'CA', '999 Baker Way', '');
INSERT INTO xmai_quotesshipads VALUES ('77', 'San Jose', '94732', 'USA', 'CA', '999 Baker Way', '');
INSERT INTO xmai_quotesshipads VALUES ('78', 'San Jose', '94732', 'USA', 'CA', '999 Baker Way', '');

-- ----------------------------
-- Table structure for `xmai_quotestage`
-- ----------------------------
DROP TABLE IF EXISTS `xmai_quotestage`;
CREATE TABLE `xmai_quotestage` (
  `quotestageid` int(19) NOT NULL auto_increment,
  `quotestage` varchar(200) NOT NULL,
  `presence` int(1) NOT NULL default '1',
  `picklist_valueid` int(19) NOT NULL default '0',
  PRIMARY KEY  (`quotestageid`),
  UNIQUE KEY `quotestage_quotestage_idx` (`quotestage`)
) ENGINE=InnoDB AUTO_INCREMENT=6 DEFAULT CHARSET=utf8;

-- ----------------------------
-- Records of xmai_quotestage
-- ----------------------------
INSERT INTO xmai_quotestage VALUES ('1', 'Created', '0', '139');
INSERT INTO xmai_quotestage VALUES ('2', 'Delivered', '0', '140');
INSERT INTO xmai_quotestage VALUES ('3', 'Reviewed', '0', '141');
INSERT INTO xmai_quotestage VALUES ('4', 'Accepted', '0', '142');
INSERT INTO xmai_quotestage VALUES ('5', 'Rejected', '0', '143');

-- ----------------------------
-- Table structure for `xmai_quotestagehistory`
-- ----------------------------
DROP TABLE IF EXISTS `xmai_quotestagehistory`;
CREATE TABLE `xmai_quotestagehistory` (
  `historyid` int(19) NOT NULL auto_increment,
  `quoteid` int(19) NOT NULL,
  `accountname` varchar(100) default NULL,
  `total` decimal(10,0) default NULL,
  `quotestage` varchar(200) default NULL,
  `lastmodified` datetime default NULL,
  PRIMARY KEY  (`historyid`),
  KEY `quotestagehistory_quoteid_idx` (`quoteid`),
  CONSTRAINT `fk_1_xmai_quotestagehistory` FOREIGN KEY (`quoteid`) REFERENCES `xmai_quotes` (`quoteid`) ON DELETE CASCADE
) ENGINE=InnoDB DEFAULT CHARSET=utf8;

-- ----------------------------
-- Records of xmai_quotestagehistory
-- ----------------------------

-- ----------------------------
-- Table structure for `xmai_quotestage_seq`
-- ----------------------------
DROP TABLE IF EXISTS `xmai_quotestage_seq`;
CREATE TABLE `xmai_quotestage_seq` (
  `id` int(11) NOT NULL
) ENGINE=MyISAM DEFAULT CHARSET=utf8;

-- ----------------------------
-- Records of xmai_quotestage_seq
-- ----------------------------
INSERT INTO xmai_quotestage_seq VALUES ('5');

-- ----------------------------
-- Table structure for `xmai_rating`
-- ----------------------------
DROP TABLE IF EXISTS `xmai_rating`;
CREATE TABLE `xmai_rating` (
  `rating_id` int(19) NOT NULL auto_increment,
  `rating` varchar(200) default NULL,
  `presence` int(1) NOT NULL default '1',
  `picklist_valueid` int(19) NOT NULL default '0',
  PRIMARY KEY  (`rating_id`)
) ENGINE=InnoDB AUTO_INCREMENT=7 DEFAULT CHARSET=utf8;

-- ----------------------------
-- Records of xmai_rating
-- ----------------------------
INSERT INTO xmai_rating VALUES ('1', '--None--', '1', '144');
INSERT INTO xmai_rating VALUES ('2', 'Acquired', '1', '145');
INSERT INTO xmai_rating VALUES ('3', 'Active', '1', '146');
INSERT INTO xmai_rating VALUES ('4', 'Market Failed', '1', '147');
INSERT INTO xmai_rating VALUES ('5', 'Project Cancelled', '1', '148');
INSERT INTO xmai_rating VALUES ('6', 'Shutdown', '1', '149');

-- ----------------------------
-- Table structure for `xmai_rating_seq`
-- ----------------------------
DROP TABLE IF EXISTS `xmai_rating_seq`;
CREATE TABLE `xmai_rating_seq` (
  `id` int(11) NOT NULL
) ENGINE=MyISAM DEFAULT CHARSET=utf8;

-- ----------------------------
-- Records of xmai_rating_seq
-- ----------------------------
INSERT INTO xmai_rating_seq VALUES ('6');

-- ----------------------------
-- Table structure for `xmai_recurringevents`
-- ----------------------------
DROP TABLE IF EXISTS `xmai_recurringevents`;
CREATE TABLE `xmai_recurringevents` (
  `recurringid` int(19) NOT NULL auto_increment,
  `activityid` int(19) NOT NULL,
  `recurringdate` date default NULL,
  `recurringtype` varchar(30) default NULL,
  `recurringfreq` int(19) default NULL,
  `recurringinfo` varchar(50) default NULL,
  PRIMARY KEY  (`recurringid`),
  KEY `fk_1_xmai_recurringevents` (`activityid`),
  CONSTRAINT `fk_1_xmai_recurringevents` FOREIGN KEY (`activityid`) REFERENCES `xmai_activity` (`activityid`) ON DELETE CASCADE
) ENGINE=InnoDB AUTO_INCREMENT=3 DEFAULT CHARSET=utf8;

-- ----------------------------
-- Records of xmai_recurringevents
-- ----------------------------
INSERT INTO xmai_recurringevents VALUES ('1', '120', '2006-03-09', 'Daily', '1', 'Daily');
INSERT INTO xmai_recurringevents VALUES ('2', '121', '2006-04-05', 'Weekly', '1', 'Weekly::3');

-- ----------------------------
-- Table structure for `xmai_recurringtype`
-- ----------------------------
DROP TABLE IF EXISTS `xmai_recurringtype`;
CREATE TABLE `xmai_recurringtype` (
  `recurringeventid` int(19) NOT NULL auto_increment,
  `recurringtype` varchar(200) NOT NULL,
  `sortorderid` int(19) NOT NULL default '0',
  `presence` int(1) NOT NULL default '1',
  PRIMARY KEY  (`recurringeventid`),
  UNIQUE KEY `recurringtype_status_idx` (`recurringtype`)
) ENGINE=InnoDB AUTO_INCREMENT=6 DEFAULT CHARSET=utf8;

-- ----------------------------
-- Records of xmai_recurringtype
-- ----------------------------
INSERT INTO xmai_recurringtype VALUES ('1', '--None--', '0', '1');
INSERT INTO xmai_recurringtype VALUES ('2', 'Daily', '1', '1');
INSERT INTO xmai_recurringtype VALUES ('3', 'Weekly', '2', '1');
INSERT INTO xmai_recurringtype VALUES ('4', 'Monthly', '3', '1');
INSERT INTO xmai_recurringtype VALUES ('5', 'Yearly', '4', '1');

-- ----------------------------
-- Table structure for `xmai_recurringtype_seq`
-- ----------------------------
DROP TABLE IF EXISTS `xmai_recurringtype_seq`;
CREATE TABLE `xmai_recurringtype_seq` (
  `id` int(11) NOT NULL
) ENGINE=MyISAM DEFAULT CHARSET=utf8;

-- ----------------------------
-- Records of xmai_recurringtype_seq
-- ----------------------------
INSERT INTO xmai_recurringtype_seq VALUES ('5');

-- ----------------------------
-- Table structure for `xmai_recurring_frequency`
-- ----------------------------
DROP TABLE IF EXISTS `xmai_recurring_frequency`;
CREATE TABLE `xmai_recurring_frequency` (
  `recurring_frequency_id` int(11) default NULL,
  `recurring_frequency` varchar(200) default NULL,
  `sortorderid` int(11) default NULL,
  `presence` int(11) default NULL
) ENGINE=InnoDB DEFAULT CHARSET=utf8;

-- ----------------------------
-- Records of xmai_recurring_frequency
-- ----------------------------
INSERT INTO xmai_recurring_frequency VALUES ('1', '--None--', '0', '1');
INSERT INTO xmai_recurring_frequency VALUES ('2', 'Daily', '1', '1');
INSERT INTO xmai_recurring_frequency VALUES ('3', 'Weekly', '2', '1');
INSERT INTO xmai_recurring_frequency VALUES ('4', 'Monthly', '3', '1');
INSERT INTO xmai_recurring_frequency VALUES ('5', 'Quarterly', '4', '1');
INSERT INTO xmai_recurring_frequency VALUES ('6', 'Yearly', '5', '1');

-- ----------------------------
-- Table structure for `xmai_recurring_frequency_seq`
-- ----------------------------
DROP TABLE IF EXISTS `xmai_recurring_frequency_seq`;
CREATE TABLE `xmai_recurring_frequency_seq` (
  `id` int(11) NOT NULL
) ENGINE=MyISAM DEFAULT CHARSET=utf8;

-- ----------------------------
-- Records of xmai_recurring_frequency_seq
-- ----------------------------
INSERT INTO xmai_recurring_frequency_seq VALUES ('6');

-- ----------------------------
-- Table structure for `xmai_relatedlists`
-- ----------------------------
DROP TABLE IF EXISTS `xmai_relatedlists`;
CREATE TABLE `xmai_relatedlists` (
  `relation_id` int(19) NOT NULL,
  `tabid` int(10) default NULL,
  `related_tabid` int(10) default NULL,
  `name` varchar(100) default NULL,
  `sequence` int(10) default NULL,
  `label` varchar(100) default NULL,
  `presence` int(10) NOT NULL default '0',
  `actions` varchar(50) NOT NULL default '',
  PRIMARY KEY  (`relation_id`),
  KEY `relatedlists_relation_id_idx` (`relation_id`)
) ENGINE=InnoDB DEFAULT CHARSET=utf8;

-- ----------------------------
-- Records of xmai_relatedlists
-- ----------------------------
INSERT INTO xmai_relatedlists VALUES ('1', '6', '4', 'get_contacts', '1', 'Contacts', '0', 'add');
INSERT INTO xmai_relatedlists VALUES ('2', '6', '2', 'get_opportunities', '2', 'Potentials', '0', 'add');
INSERT INTO xmai_relatedlists VALUES ('3', '6', '20', 'get_quotes', '3', 'Quotes', '0', 'add');
INSERT INTO xmai_relatedlists VALUES ('4', '6', '22', 'get_salesorder', '4', 'Sales Order', '0', 'add');
INSERT INTO xmai_relatedlists VALUES ('5', '6', '23', 'get_invoices', '5', 'Invoice', '0', 'add');
INSERT INTO xmai_relatedlists VALUES ('6', '6', '9', 'get_activities', '6', 'Activities', '0', 'add');
INSERT INTO xmai_relatedlists VALUES ('7', '6', '10', 'get_emails', '7', 'Emails', '0', 'add');
INSERT INTO xmai_relatedlists VALUES ('8', '6', '9', 'get_history', '8', 'Activity History', '0', 'add');
INSERT INTO xmai_relatedlists VALUES ('9', '6', '8', 'get_attachments', '9', 'Documents', '0', 'add,select');
INSERT INTO xmai_relatedlists VALUES ('10', '6', '13', 'get_tickets', '10', 'HelpDesk', '0', 'add');
INSERT INTO xmai_relatedlists VALUES ('11', '6', '14', 'get_products', '11', 'Products', '0', 'select');
INSERT INTO xmai_relatedlists VALUES ('12', '7', '9', 'get_activities', '1', 'Activities', '0', 'add');
INSERT INTO xmai_relatedlists VALUES ('13', '7', '10', 'get_emails', '2', 'Emails', '0', 'add');
INSERT INTO xmai_relatedlists VALUES ('14', '7', '9', 'get_history', '3', 'Activity History', '0', 'add');
INSERT INTO xmai_relatedlists VALUES ('15', '7', '8', 'get_attachments', '4', 'Documents', '0', 'add,select');
INSERT INTO xmai_relatedlists VALUES ('16', '7', '14', 'get_products', '5', 'Products', '0', 'select');
INSERT INTO xmai_relatedlists VALUES ('17', '7', '26', 'get_campaigns', '6', 'Campaigns', '0', 'select');
INSERT INTO xmai_relatedlists VALUES ('18', '4', '2', 'get_opportunities', '1', 'Potentials', '0', 'add');
INSERT INTO xmai_relatedlists VALUES ('19', '4', '9', 'get_activities', '2', 'Activities', '0', 'add');
INSERT INTO xmai_relatedlists VALUES ('20', '4', '10', 'get_emails', '3', 'Emails', '0', 'add');
INSERT INTO xmai_relatedlists VALUES ('21', '4', '13', 'get_tickets', '4', 'HelpDesk', '0', 'add');
INSERT INTO xmai_relatedlists VALUES ('22', '4', '20', 'get_quotes', '5', 'Quotes', '0', 'add');
INSERT INTO xmai_relatedlists VALUES ('23', '4', '21', 'get_purchase_orders', '6', 'Purchase Order', '0', 'add');
INSERT INTO xmai_relatedlists VALUES ('24', '4', '22', 'get_salesorder', '7', 'Sales Order', '0', 'add');
INSERT INTO xmai_relatedlists VALUES ('25', '4', '14', 'get_products', '8', 'Products', '0', 'select');
INSERT INTO xmai_relatedlists VALUES ('26', '4', '9', 'get_history', '9', 'Activity History', '0', 'add');
INSERT INTO xmai_relatedlists VALUES ('27', '4', '8', 'get_attachments', '10', 'Documents', '0', 'add,select');
INSERT INTO xmai_relatedlists VALUES ('28', '4', '26', 'get_campaigns', '11', 'Campaigns', '0', 'select');
INSERT INTO xmai_relatedlists VALUES ('29', '4', '23', 'get_invoices', '12', 'Invoice', '0', 'add');
INSERT INTO xmai_relatedlists VALUES ('30', '2', '9', 'get_activities', '1', 'Activities', '0', 'add');
INSERT INTO xmai_relatedlists VALUES ('31', '2', '4', 'get_contacts', '2', 'Contacts', '0', 'select');
INSERT INTO xmai_relatedlists VALUES ('32', '2', '14', 'get_products', '3', 'Products', '0', 'select');
INSERT INTO xmai_relatedlists VALUES ('33', '2', '0', 'get_stage_history', '4', 'Sales Stage History', '0', '');
INSERT INTO xmai_relatedlists VALUES ('34', '2', '8', 'get_attachments', '5', 'Documents', '0', 'add,select');
INSERT INTO xmai_relatedlists VALUES ('35', '2', '20', 'get_Quotes', '6', 'Quotes', '0', 'add');
INSERT INTO xmai_relatedlists VALUES ('36', '2', '22', 'get_salesorder', '7', 'Sales Order', '0', 'add');
INSERT INTO xmai_relatedlists VALUES ('37', '2', '9', 'get_history', '8', 'Activity History', '0', '');
INSERT INTO xmai_relatedlists VALUES ('38', '14', '13', 'get_tickets', '1', 'HelpDesk', '0', 'add');
INSERT INTO xmai_relatedlists VALUES ('39', '14', '8', 'get_attachments', '3', 'Documents', '0', 'add,select');
INSERT INTO xmai_relatedlists VALUES ('40', '14', '20', 'get_quotes', '4', 'Quotes', '0', 'add');
INSERT INTO xmai_relatedlists VALUES ('41', '14', '21', 'get_purchase_orders', '5', 'Purchase Order', '0', 'add');
INSERT INTO xmai_relatedlists VALUES ('42', '14', '22', 'get_salesorder', '6', 'Sales Order', '0', 'add');
INSERT INTO xmai_relatedlists VALUES ('43', '14', '23', 'get_invoices', '7', 'Invoice', '0', 'add');
INSERT INTO xmai_relatedlists VALUES ('44', '14', '19', 'get_product_pricebooks', '8', 'PriceBooks', '0', 'add');
INSERT INTO xmai_relatedlists VALUES ('45', '14', '7', 'get_leads', '9', 'Leads', '0', 'select');
INSERT INTO xmai_relatedlists VALUES ('46', '14', '6', 'get_accounts', '10', 'Accounts', '0', 'select');
INSERT INTO xmai_relatedlists VALUES ('47', '14', '4', 'get_contacts', '11', 'Contacts', '0', 'select');
INSERT INTO xmai_relatedlists VALUES ('48', '14', '2', 'get_opportunities', '12', 'Potentials', '0', 'select');
INSERT INTO xmai_relatedlists VALUES ('49', '14', '14', 'get_products', '13', 'Product Bundles', '0', 'add,select');
INSERT INTO xmai_relatedlists VALUES ('50', '14', '14', 'get_parent_products', '14', 'Parent Product', '0', '');
INSERT INTO xmai_relatedlists VALUES ('51', '10', '4', 'get_contacts', '1', 'Contacts', '0', 'select,bulkmail');
INSERT INTO xmai_relatedlists VALUES ('52', '10', '0', 'get_users', '2', 'Users', '0', '');
INSERT INTO xmai_relatedlists VALUES ('53', '10', '8', 'get_attachments', '3', 'Documents', '0', 'add,select');
INSERT INTO xmai_relatedlists VALUES ('54', '13', '9', 'get_activities', '1', 'Activities', '0', 'add,select');
INSERT INTO xmai_relatedlists VALUES ('55', '13', '8', 'get_attachments', '2', 'Documents', '0', 'add,select');
INSERT INTO xmai_relatedlists VALUES ('56', '13', '0', 'get_ticket_history', '3', 'Ticket History', '0', '');
INSERT INTO xmai_relatedlists VALUES ('57', '13', '9', 'get_history', '4', 'Activity History', '0', '');
INSERT INTO xmai_relatedlists VALUES ('58', '19', '14', 'get_pricebook_products', '2', 'Products', '0', 'select');
INSERT INTO xmai_relatedlists VALUES ('59', '18', '14', 'get_products', '1', 'Products', '0', 'add,select');
INSERT INTO xmai_relatedlists VALUES ('60', '18', '21', 'get_purchase_orders', '2', 'Purchase Order', '0', 'add');
INSERT INTO xmai_relatedlists VALUES ('61', '18', '4', 'get_contacts', '3', 'Contacts', '0', 'select');
INSERT INTO xmai_relatedlists VALUES ('62', '18', '10', 'get_emails', '4', 'Emails', '0', 'add');
INSERT INTO xmai_relatedlists VALUES ('63', '20', '22', 'get_salesorder', '1', 'Sales Order', '0', '');
INSERT INTO xmai_relatedlists VALUES ('64', '20', '9', 'get_activities', '2', 'Activities', '0', 'add');
INSERT INTO xmai_relatedlists VALUES ('65', '20', '8', 'get_attachments', '3', 'Documents', '0', 'add,select');
INSERT INTO xmai_relatedlists VALUES ('66', '20', '9', 'get_history', '4', 'Activity History', '0', '');
INSERT INTO xmai_relatedlists VALUES ('67', '20', '0', 'get_quotestagehistory', '5', 'Quote Stage History', '0', '');
INSERT INTO xmai_relatedlists VALUES ('68', '21', '9', 'get_activities', '1', 'Activities', '0', 'add');
INSERT INTO xmai_relatedlists VALUES ('69', '21', '8', 'get_attachments', '2', 'Documents', '0', 'add,select');
INSERT INTO xmai_relatedlists VALUES ('70', '21', '9', 'get_history', '3', 'Activity History', '0', '');
INSERT INTO xmai_relatedlists VALUES ('71', '21', '0', 'get_postatushistory', '4', 'PurchaseOrder Status History', '0', '');
INSERT INTO xmai_relatedlists VALUES ('72', '22', '9', 'get_activities', '1', 'Activities', '0', 'add');
INSERT INTO xmai_relatedlists VALUES ('73', '22', '8', 'get_attachments', '2', 'Documents', '0', 'add,select');
INSERT INTO xmai_relatedlists VALUES ('74', '22', '23', 'get_invoices', '3', 'Invoice', '0', '');
INSERT INTO xmai_relatedlists VALUES ('75', '22', '9', 'get_history', '4', 'Activity History', '0', '');
INSERT INTO xmai_relatedlists VALUES ('76', '22', '0', 'get_sostatushistory', '5', 'SalesOrder Status History', '0', '');
INSERT INTO xmai_relatedlists VALUES ('77', '23', '9', 'get_activities', '1', 'Activities', '0', 'add');
INSERT INTO xmai_relatedlists VALUES ('78', '23', '8', 'get_attachments', '2', 'Documents', '0', 'add,select');
INSERT INTO xmai_relatedlists VALUES ('79', '23', '9', 'get_history', '3', 'Activity History', '0', '');
INSERT INTO xmai_relatedlists VALUES ('80', '23', '0', 'get_invoicestatushistory', '4', 'Invoice Status History', '0', '');
INSERT INTO xmai_relatedlists VALUES ('81', '9', '0', 'get_users', '1', 'Users', '0', '');
INSERT INTO xmai_relatedlists VALUES ('82', '9', '4', 'get_contacts', '2', 'Contacts', '0', '');
INSERT INTO xmai_relatedlists VALUES ('83', '26', '4', 'get_contacts', '1', 'Contacts', '0', 'add,select');
INSERT INTO xmai_relatedlists VALUES ('84', '26', '7', 'get_leads', '2', 'Leads', '0', 'add,select');
INSERT INTO xmai_relatedlists VALUES ('85', '26', '2', 'get_opportunities', '3', 'Potentials', '0', 'add');
INSERT INTO xmai_relatedlists VALUES ('86', '26', '9', 'get_activities', '4', 'Activities', '0', 'add');
INSERT INTO xmai_relatedlists VALUES ('87', '6', '26', 'get_campaigns', '13', 'Campaigns', '0', 'select');
INSERT INTO xmai_relatedlists VALUES ('88', '26', '6', 'get_accounts', '5', 'Accounts', '0', 'add,select');
INSERT INTO xmai_relatedlists VALUES ('89', '15', '8', 'get_attachments', '1', 'Documents', '0', 'add,select');
INSERT INTO xmai_relatedlists VALUES ('90', '37', '13', 'get_related_list', '1', 'Service Requests', '0', 'ADD,SELECT');
INSERT INTO xmai_relatedlists VALUES ('91', '37', '8', 'get_attachments', '2', 'Documents', '0', 'ADD,SELECT');
INSERT INTO xmai_relatedlists VALUES ('92', '6', '37', 'get_dependents_list', '14', 'Service Contracts', '0', 'ADD');
INSERT INTO xmai_relatedlists VALUES ('93', '4', '37', 'get_dependents_list', '13', 'Service Contracts', '0', 'ADD');
INSERT INTO xmai_relatedlists VALUES ('94', '13', '37', 'get_related_list', '5', 'Service Contracts', '0', 'ADD,SELECT');
INSERT INTO xmai_relatedlists VALUES ('95', '38', '13', 'get_related_list', '1', 'HelpDesk', '0', 'ADD,SELECT');
INSERT INTO xmai_relatedlists VALUES ('96', '38', '20', 'get_quotes', '2', 'Quotes', '0', 'ADD');
INSERT INTO xmai_relatedlists VALUES ('97', '38', '21', 'get_purchase_orders', '3', 'Purchase Order', '0', 'ADD');
INSERT INTO xmai_relatedlists VALUES ('98', '38', '22', 'get_salesorder', '4', 'Sales Order', '0', 'ADD');
INSERT INTO xmai_relatedlists VALUES ('99', '38', '23', 'get_invoices', '5', 'Invoice', '0', 'ADD');
INSERT INTO xmai_relatedlists VALUES ('100', '38', '19', 'get_service_pricebooks', '6', 'PriceBooks', '0', 'ADD');
INSERT INTO xmai_relatedlists VALUES ('101', '38', '7', 'get_related_list', '7', 'Leads', '0', 'SELECT');
INSERT INTO xmai_relatedlists VALUES ('102', '38', '6', 'get_related_list', '8', 'Accounts', '0', 'SELECT');
INSERT INTO xmai_relatedlists VALUES ('103', '38', '4', 'get_related_list', '9', 'Contacts', '0', 'SELECT');
INSERT INTO xmai_relatedlists VALUES ('104', '38', '2', 'get_related_list', '10', 'Potentials', '0', 'SELECT');
INSERT INTO xmai_relatedlists VALUES ('105', '38', '8', 'get_attachments', '11', 'Documents', '0', 'ADD,SELECT');
INSERT INTO xmai_relatedlists VALUES ('106', '13', '38', 'get_related_list', '6', 'Services', '0', 'SELECT');
INSERT INTO xmai_relatedlists VALUES ('107', '7', '38', 'get_related_list', '7', 'Services', '0', 'SELECT');
INSERT INTO xmai_relatedlists VALUES ('108', '6', '38', 'get_related_list', '15', 'Services', '0', 'SELECT');
INSERT INTO xmai_relatedlists VALUES ('109', '4', '38', 'get_related_list', '14', 'Services', '0', 'SELECT');
INSERT INTO xmai_relatedlists VALUES ('110', '2', '38', 'get_related_list', '9', 'Services', '0', 'SELECT');
INSERT INTO xmai_relatedlists VALUES ('111', '19', '38', 'get_pricebook_services', '3', 'Services', '0', 'SELECT');
INSERT INTO xmai_relatedlists VALUES ('112', '41', '13', 'get_related_list', '1', 'HelpDesk', '0', 'ADD,SELECT');
INSERT INTO xmai_relatedlists VALUES ('113', '41', '8', 'get_attachments', '2', 'Documents', '0', 'ADD,SELECT');
INSERT INTO xmai_relatedlists VALUES ('114', '6', '41', 'get_dependents_list', '16', 'Assets', '0', 'ADD');
INSERT INTO xmai_relatedlists VALUES ('115', '14', '41', 'get_dependents_list', '15', 'Assets', '0', 'ADD');
INSERT INTO xmai_relatedlists VALUES ('116', '23', '41', 'get_dependents_list', '5', 'Assets', '0', 'ADD');
INSERT INTO xmai_relatedlists VALUES ('117', '47', '8', 'get_attachments', '1', 'Documents', '0', 'ADD,SELECT');
INSERT INTO xmai_relatedlists VALUES ('118', '48', '47', 'get_dependents_list', '1', 'Project Tasks', '0', 'ADD,SELECT');
INSERT INTO xmai_relatedlists VALUES ('119', '48', '46', 'get_dependents_list', '2', 'Project Milestones', '0', 'ADD,SELECT');
INSERT INTO xmai_relatedlists VALUES ('120', '48', '8', 'get_attachments', '3', 'Documents', '0', 'ADD,SELECT');
INSERT INTO xmai_relatedlists VALUES ('121', '48', '13', 'get_related_list', '4', 'Trouble Tickets', '0', 'ADD,SELECT');
INSERT INTO xmai_relatedlists VALUES ('122', '48', '0', 'get_gantt_chart', '5', 'Charts', '0', '');
INSERT INTO xmai_relatedlists VALUES ('123', '6', '48', 'get_dependents_list', '17', 'Projects', '0', 'ADD,SELECT');
INSERT INTO xmai_relatedlists VALUES ('124', '4', '48', 'get_dependents_list', '15', 'Projects', '0', 'ADD,SELECT');
INSERT INTO xmai_relatedlists VALUES ('125', '13', '48', 'get_related_list', '7', 'Projects', '0', 'SELECT');
INSERT INTO xmai_relatedlists VALUES ('126', '50', '6', 'get_related_list', '1', 'Accounts', '0', ' ');
INSERT INTO xmai_relatedlists VALUES ('127', '50', '4', 'get_related_list', '2', 'Contacts', '0', ' ');
INSERT INTO xmai_relatedlists VALUES ('128', '50', '7', 'get_related_list', '3', 'Leads', '0', ' ');

-- ----------------------------
-- Table structure for `xmai_relatedlists_rb`
-- ----------------------------
DROP TABLE IF EXISTS `xmai_relatedlists_rb`;
CREATE TABLE `xmai_relatedlists_rb` (
  `entityid` int(19) default NULL,
  `action` varchar(50) default NULL,
  `rel_table` varchar(200) default NULL,
  `rel_column` varchar(200) default NULL,
  `ref_column` varchar(200) default NULL,
  `related_crm_ids` text
) ENGINE=InnoDB DEFAULT CHARSET=utf8;

-- ----------------------------
-- Records of xmai_relatedlists_rb
-- ----------------------------

-- ----------------------------
-- Table structure for `xmai_relatedlists_seq`
-- ----------------------------
DROP TABLE IF EXISTS `xmai_relatedlists_seq`;
CREATE TABLE `xmai_relatedlists_seq` (
  `id` int(11) NOT NULL
) ENGINE=MyISAM DEFAULT CHARSET=utf8;

-- ----------------------------
-- Records of xmai_relatedlists_seq
-- ----------------------------
INSERT INTO xmai_relatedlists_seq VALUES ('128');

-- ----------------------------
-- Table structure for `xmai_relcriteria`
-- ----------------------------
DROP TABLE IF EXISTS `xmai_relcriteria`;
CREATE TABLE `xmai_relcriteria` (
  `queryid` int(19) NOT NULL,
  `columnindex` int(11) NOT NULL,
  `columnname` varchar(250) default '',
  `comparator` varchar(10) default '',
  `value` varchar(200) default '',
  `groupid` int(11) default '1',
  `column_condition` varchar(256) default 'and',
  PRIMARY KEY  (`queryid`,`columnindex`),
  KEY `relcriteria_queryid_idx` (`queryid`),
  CONSTRAINT `fk_1_xmai_relcriteria` FOREIGN KEY (`queryid`) REFERENCES `xmai_selectquery` (`queryid`) ON DELETE CASCADE
) ENGINE=InnoDB DEFAULT CHARSET=utf8;

-- ----------------------------
-- Records of xmai_relcriteria
-- ----------------------------
INSERT INTO xmai_relcriteria VALUES ('1', '0', 'xmai_contactdetails:accountid:Contacts_Account_Name:account_id:V', 'n', '', '1', 'and');
INSERT INTO xmai_relcriteria VALUES ('2', '0', 'xmai_contactdetails:accountid:Contacts_Account_Name:account_id:V', 'e', '', '1', 'and');
INSERT INTO xmai_relcriteria VALUES ('3', '0', 'xmai_potential:potentialname:Potentials_Potential_Name:potentialname:V', 'n', '', '1', 'and');
INSERT INTO xmai_relcriteria VALUES ('7', '0', 'xmai_potential:sales_stage:Potentials_Sales_Stage:sales_stage:V', 'e', 'Closed Won', '1', 'and');
INSERT INTO xmai_relcriteria VALUES ('12', '0', 'xmai_troubletickets:status:HelpDesk_Status:ticketstatus:V', 'n', 'Closed', '1', 'and');
INSERT INTO xmai_relcriteria VALUES ('15', '0', 'xmai_quotes:quotestage:Quotes_Quote_Stage:quotestage:V', 'n', 'Accepted', '1', 'and');
INSERT INTO xmai_relcriteria VALUES ('15', '1', 'xmai_quotes:quotestage:Quotes_Quote_Stage:quotestage:V', 'n', 'Rejected', '1', 'and');

-- ----------------------------
-- Table structure for `xmai_relcriteria_grouping`
-- ----------------------------
DROP TABLE IF EXISTS `xmai_relcriteria_grouping`;
CREATE TABLE `xmai_relcriteria_grouping` (
  `groupid` int(11) NOT NULL,
  `queryid` int(19) NOT NULL,
  `group_condition` varchar(256) default NULL,
  `condition_expression` text,
  PRIMARY KEY  (`groupid`,`queryid`)
) ENGINE=InnoDB DEFAULT CHARSET=utf8;

-- ----------------------------
-- Records of xmai_relcriteria_grouping
-- ----------------------------
INSERT INTO xmai_relcriteria_grouping VALUES ('1', '1', '', '0');
INSERT INTO xmai_relcriteria_grouping VALUES ('1', '2', '', '0');
INSERT INTO xmai_relcriteria_grouping VALUES ('1', '3', '', '0');
INSERT INTO xmai_relcriteria_grouping VALUES ('1', '7', '', '0');
INSERT INTO xmai_relcriteria_grouping VALUES ('1', '12', '', '0');
INSERT INTO xmai_relcriteria_grouping VALUES ('1', '15', '', '0 and 1');

-- ----------------------------
-- Table structure for `xmai_reminder_interval`
-- ----------------------------
DROP TABLE IF EXISTS `xmai_reminder_interval`;
CREATE TABLE `xmai_reminder_interval` (
  `reminder_intervalid` int(19) NOT NULL auto_increment,
  `reminder_interval` varchar(200) NOT NULL,
  `sortorderid` int(19) NOT NULL,
  `presence` int(1) NOT NULL,
  PRIMARY KEY  (`reminder_intervalid`)
) ENGINE=InnoDB AUTO_INCREMENT=9 DEFAULT CHARSET=utf8;

-- ----------------------------
-- Records of xmai_reminder_interval
-- ----------------------------
INSERT INTO xmai_reminder_interval VALUES ('1', 'None', '0', '1');
INSERT INTO xmai_reminder_interval VALUES ('2', '1 Minute', '1', '1');
INSERT INTO xmai_reminder_interval VALUES ('3', '5 Minutes', '2', '1');
INSERT INTO xmai_reminder_interval VALUES ('4', '15 Minutes', '3', '1');
INSERT INTO xmai_reminder_interval VALUES ('5', '30 Minutes', '4', '1');
INSERT INTO xmai_reminder_interval VALUES ('6', '45 Minutes', '5', '1');
INSERT INTO xmai_reminder_interval VALUES ('7', '1 Hour', '6', '1');
INSERT INTO xmai_reminder_interval VALUES ('8', '1 Day', '7', '1');

-- ----------------------------
-- Table structure for `xmai_reminder_interval_seq`
-- ----------------------------
DROP TABLE IF EXISTS `xmai_reminder_interval_seq`;
CREATE TABLE `xmai_reminder_interval_seq` (
  `id` int(11) NOT NULL
) ENGINE=MyISAM DEFAULT CHARSET=utf8;

-- ----------------------------
-- Records of xmai_reminder_interval_seq
-- ----------------------------
INSERT INTO xmai_reminder_interval_seq VALUES ('8');

-- ----------------------------
-- Table structure for `xmai_report`
-- ----------------------------
DROP TABLE IF EXISTS `xmai_report`;
CREATE TABLE `xmai_report` (
  `reportid` int(19) NOT NULL,
  `folderid` int(19) NOT NULL,
  `reportname` varchar(100) default '',
  `description` varchar(250) default '',
  `reporttype` varchar(50) default '',
  `queryid` int(19) NOT NULL default '0',
  `state` varchar(50) default 'SAVED',
  `customizable` int(1) default '1',
  `category` int(11) default '1',
  `owner` int(11) default '1',
  `sharingtype` varchar(200) default 'Private',
  PRIMARY KEY  (`reportid`),
  KEY `report_queryid_idx` (`queryid`),
  KEY `report_folderid_idx` (`folderid`),
  CONSTRAINT `fk_2_xmai_report` FOREIGN KEY (`queryid`) REFERENCES `xmai_selectquery` (`queryid`) ON DELETE CASCADE
) ENGINE=InnoDB DEFAULT CHARSET=utf8;

-- ----------------------------
-- Records of xmai_report
-- ----------------------------
INSERT INTO xmai_report VALUES ('1', '1', 'Contacts by Accounts', 'Contacts related to Accounts', 'tabular', '1', 'SAVED', '1', '1', '1', 'Public');
INSERT INTO xmai_report VALUES ('2', '1', 'Contacts without Accounts', 'Contacts not related to Accounts', 'tabular', '2', 'SAVED', '1', '1', '1', 'Public');
INSERT INTO xmai_report VALUES ('3', '1', 'Contacts by Potentials', 'Contacts related to Potentials', 'tabular', '3', 'SAVED', '1', '1', '1', 'Public');
INSERT INTO xmai_report VALUES ('4', '2', 'Lead by Source', 'Lead by Source', 'summary', '4', 'SAVED', '1', '1', '1', 'Public');
INSERT INTO xmai_report VALUES ('5', '2', 'Lead Status Report', 'Lead Status Report', 'summary', '5', 'SAVED', '1', '1', '1', 'Public');
INSERT INTO xmai_report VALUES ('6', '3', 'Potential Pipeline', 'Potential Pipeline', 'summary', '6', 'SAVED', '1', '1', '1', 'Public');
INSERT INTO xmai_report VALUES ('7', '3', 'Closed Potentials', 'Potential that have Won', 'tabular', '7', 'SAVED', '1', '1', '1', 'Public');
INSERT INTO xmai_report VALUES ('8', '4', 'Last Month Activities', 'Last Month Activities', 'tabular', '8', 'SAVED', '1', '1', '1', 'Public');
INSERT INTO xmai_report VALUES ('9', '4', 'This Month Activities', 'This Month Activities', 'tabular', '9', 'SAVED', '1', '1', '1', 'Public');
INSERT INTO xmai_report VALUES ('10', '5', 'Tickets by Products', 'Tickets related to Products', 'tabular', '10', 'SAVED', '1', '1', '1', 'Public');
INSERT INTO xmai_report VALUES ('11', '5', 'Tickets by Priority', 'Tickets by Priority', 'summary', '11', 'SAVED', '1', '1', '1', 'Public');
INSERT INTO xmai_report VALUES ('12', '5', 'Open Tickets', 'Tickets that are Open', 'tabular', '12', 'SAVED', '1', '1', '1', 'Public');
INSERT INTO xmai_report VALUES ('13', '6', 'Product Details', 'Product Detailed Report', 'tabular', '13', 'SAVED', '1', '1', '1', 'Public');
INSERT INTO xmai_report VALUES ('14', '6', 'Products by Contacts', 'Products related to Contacts', 'tabular', '14', 'SAVED', '1', '1', '1', 'Public');
INSERT INTO xmai_report VALUES ('15', '7', 'Open Quotes', 'Quotes that are Open', 'tabular', '15', 'SAVED', '1', '1', '1', 'Public');
INSERT INTO xmai_report VALUES ('16', '7', 'Quotes Detailed Report', 'Quotes Detailed Report', 'tabular', '16', 'SAVED', '1', '1', '1', 'Public');
INSERT INTO xmai_report VALUES ('17', '8', 'PurchaseOrder by Contacts', 'PurchaseOrder related to Contacts', 'tabular', '17', 'SAVED', '1', '1', '1', 'Public');
INSERT INTO xmai_report VALUES ('18', '8', 'PurchaseOrder Detailed Report', 'PurchaseOrder Detailed Report', 'tabular', '18', 'SAVED', '1', '1', '1', 'Public');
INSERT INTO xmai_report VALUES ('19', '9', 'Invoice Detailed Report', 'Invoice Detailed Report', 'tabular', '19', 'SAVED', '1', '1', '1', 'Public');
INSERT INTO xmai_report VALUES ('20', '10', 'SalesOrder Detailed Report', 'SalesOrder Detailed Report', 'tabular', '20', 'SAVED', '1', '1', '1', 'Public');
INSERT INTO xmai_report VALUES ('21', '11', 'Campaign Expectations and Actuals', 'Campaign Expectations and Actuals', 'tabular', '21', 'SAVED', '1', '1', '1', 'Public');

-- ----------------------------
-- Table structure for `xmai_reportdatefilter`
-- ----------------------------
DROP TABLE IF EXISTS `xmai_reportdatefilter`;
CREATE TABLE `xmai_reportdatefilter` (
  `datefilterid` int(19) NOT NULL,
  `datecolumnname` varchar(250) default '',
  `datefilter` varchar(250) default '',
  `startdate` date default NULL,
  `enddate` date default NULL,
  PRIMARY KEY  (`datefilterid`),
  KEY `reportdatefilter_datefilterid_idx` (`datefilterid`),
  CONSTRAINT `fk_1_xmai_reportdatefilter` FOREIGN KEY (`datefilterid`) REFERENCES `xmai_report` (`reportid`) ON DELETE CASCADE
) ENGINE=InnoDB DEFAULT CHARSET=utf8;

-- ----------------------------
-- Records of xmai_reportdatefilter
-- ----------------------------
INSERT INTO xmai_reportdatefilter VALUES ('8', 'xmai_crmentity:modifiedtime:modifiedtime:Calendar_Modified_Time', 'lastmonth', '2005-05-01', '2005-05-31');
INSERT INTO xmai_reportdatefilter VALUES ('9', 'xmai_crmentity:modifiedtime:modifiedtime:Calendar_Modified_Time', 'thismonth', '2005-06-01', '2005-06-30');

-- ----------------------------
-- Table structure for `xmai_reportfilters`
-- ----------------------------
DROP TABLE IF EXISTS `xmai_reportfilters`;
CREATE TABLE `xmai_reportfilters` (
  `filterid` int(19) NOT NULL,
  `name` varchar(200) NOT NULL
) ENGINE=InnoDB DEFAULT CHARSET=utf8;

-- ----------------------------
-- Records of xmai_reportfilters
-- ----------------------------
INSERT INTO xmai_reportfilters VALUES ('1', 'Private');
INSERT INTO xmai_reportfilters VALUES ('2', 'Public');
INSERT INTO xmai_reportfilters VALUES ('3', 'Shared');

-- ----------------------------
-- Table structure for `xmai_reportfolder`
-- ----------------------------
DROP TABLE IF EXISTS `xmai_reportfolder`;
CREATE TABLE `xmai_reportfolder` (
  `folderid` int(19) NOT NULL auto_increment,
  `foldername` varchar(100) NOT NULL default '',
  `description` varchar(250) default '',
  `state` varchar(50) default 'SAVED',
  PRIMARY KEY  (`folderid`)
) ENGINE=InnoDB AUTO_INCREMENT=12 DEFAULT CHARSET=utf8;

-- ----------------------------
-- Records of xmai_reportfolder
-- ----------------------------
INSERT INTO xmai_reportfolder VALUES ('1', 'Account and Contact Reports', 'Account and Contact Reports', 'SAVED');
INSERT INTO xmai_reportfolder VALUES ('2', 'Lead Reports', 'Lead Reports', 'SAVED');
INSERT INTO xmai_reportfolder VALUES ('3', 'Potential Reports', 'Potential Reports', 'SAVED');
INSERT INTO xmai_reportfolder VALUES ('4', 'Activity Reports', 'Activity Reports', 'SAVED');
INSERT INTO xmai_reportfolder VALUES ('5', 'HelpDesk Reports', 'HelpDesk Reports', 'SAVED');
INSERT INTO xmai_reportfolder VALUES ('6', 'Product Reports', 'Product Reports', 'SAVED');
INSERT INTO xmai_reportfolder VALUES ('7', 'Quote Reports', 'Quote Reports', 'SAVED');
INSERT INTO xmai_reportfolder VALUES ('8', 'PurchaseOrder Reports', 'PurchaseOrder Reports', 'SAVED');
INSERT INTO xmai_reportfolder VALUES ('9', 'Invoice Reports', 'Invoice Reports', 'SAVED');
INSERT INTO xmai_reportfolder VALUES ('10', 'SalesOrder Reports', 'SalesOrder Reports', 'SAVED');
INSERT INTO xmai_reportfolder VALUES ('11', 'Campaign Reports', 'Campaign Reports', 'SAVED');

-- ----------------------------
-- Table structure for `xmai_reportgroupbycolumn`
-- ----------------------------
DROP TABLE IF EXISTS `xmai_reportgroupbycolumn`;
CREATE TABLE `xmai_reportgroupbycolumn` (
  `reportid` int(19) default NULL,
  `sortid` int(19) default NULL,
  `sortcolname` varchar(250) default NULL,
  `dategroupbycriteria` varchar(250) default NULL,
  KEY `fk_1_xmai_reportgroupbycolumn` (`reportid`),
  CONSTRAINT `fk_1_xmai_reportgroupbycolumn` FOREIGN KEY (`reportid`) REFERENCES `xmai_report` (`reportid`) ON DELETE CASCADE
) ENGINE=InnoDB DEFAULT CHARSET=utf8;

-- ----------------------------
-- Records of xmai_reportgroupbycolumn
-- ----------------------------

-- ----------------------------
-- Table structure for `xmai_reportmodules`
-- ----------------------------
DROP TABLE IF EXISTS `xmai_reportmodules`;
CREATE TABLE `xmai_reportmodules` (
  `reportmodulesid` int(19) NOT NULL,
  `primarymodule` varchar(50) NOT NULL default '',
  `secondarymodules` varchar(250) default '',
  PRIMARY KEY  (`reportmodulesid`),
  CONSTRAINT `fk_1_xmai_reportmodules` FOREIGN KEY (`reportmodulesid`) REFERENCES `xmai_report` (`reportid`) ON DELETE CASCADE
) ENGINE=InnoDB DEFAULT CHARSET=utf8;

-- ----------------------------
-- Records of xmai_reportmodules
-- ----------------------------
INSERT INTO xmai_reportmodules VALUES ('1', 'Contacts', 'Accounts');
INSERT INTO xmai_reportmodules VALUES ('2', 'Contacts', 'Accounts');
INSERT INTO xmai_reportmodules VALUES ('3', 'Contacts', 'Potentials');
INSERT INTO xmai_reportmodules VALUES ('4', 'Leads', '');
INSERT INTO xmai_reportmodules VALUES ('5', 'Leads', '');
INSERT INTO xmai_reportmodules VALUES ('6', 'Potentials', '');
INSERT INTO xmai_reportmodules VALUES ('7', 'Potentials', '');
INSERT INTO xmai_reportmodules VALUES ('8', 'Calendar', '');
INSERT INTO xmai_reportmodules VALUES ('9', 'Calendar', '');
INSERT INTO xmai_reportmodules VALUES ('10', 'HelpDesk', 'Products');
INSERT INTO xmai_reportmodules VALUES ('11', 'HelpDesk', '');
INSERT INTO xmai_reportmodules VALUES ('12', 'HelpDesk', '');
INSERT INTO xmai_reportmodules VALUES ('13', 'Products', '');
INSERT INTO xmai_reportmodules VALUES ('14', 'Products', 'Contacts');
INSERT INTO xmai_reportmodules VALUES ('15', 'Quotes', '');
INSERT INTO xmai_reportmodules VALUES ('16', 'Quotes', '');
INSERT INTO xmai_reportmodules VALUES ('17', 'PurchaseOrder', 'Contacts');
INSERT INTO xmai_reportmodules VALUES ('18', 'PurchaseOrder', '');
INSERT INTO xmai_reportmodules VALUES ('19', 'Invoice', '');
INSERT INTO xmai_reportmodules VALUES ('20', 'SalesOrder', '');
INSERT INTO xmai_reportmodules VALUES ('21', 'Campaigns', '');

-- ----------------------------
-- Table structure for `xmai_reportsharing`
-- ----------------------------
DROP TABLE IF EXISTS `xmai_reportsharing`;
CREATE TABLE `xmai_reportsharing` (
  `reportid` int(19) NOT NULL,
  `shareid` int(19) NOT NULL,
  `setype` varchar(200) NOT NULL
) ENGINE=InnoDB DEFAULT CHARSET=utf8;

-- ----------------------------
-- Records of xmai_reportsharing
-- ----------------------------

-- ----------------------------
-- Table structure for `xmai_reportsortcol`
-- ----------------------------
DROP TABLE IF EXISTS `xmai_reportsortcol`;
CREATE TABLE `xmai_reportsortcol` (
  `sortcolid` int(19) NOT NULL,
  `reportid` int(19) NOT NULL,
  `columnname` varchar(250) default '',
  `sortorder` varchar(250) default 'Asc',
  PRIMARY KEY  (`sortcolid`,`reportid`),
  KEY `fk_1_xmai_reportsortcol` (`reportid`),
  CONSTRAINT `fk_1_xmai_reportsortcol` FOREIGN KEY (`reportid`) REFERENCES `xmai_report` (`reportid`) ON DELETE CASCADE
) ENGINE=InnoDB DEFAULT CHARSET=utf8;

-- ----------------------------
-- Records of xmai_reportsortcol
-- ----------------------------
INSERT INTO xmai_reportsortcol VALUES ('1', '4', 'xmai_leaddetails:leadsource:Leads_Lead_Source:leadsource:V', 'Ascending');
INSERT INTO xmai_reportsortcol VALUES ('1', '5', 'xmai_leaddetails:leadstatus:Leads_Lead_Status:leadstatus:V', 'Ascending');
INSERT INTO xmai_reportsortcol VALUES ('1', '6', 'xmai_potential:sales_stage:Potentials_Sales_Stage:sales_stage:V', 'Ascending');
INSERT INTO xmai_reportsortcol VALUES ('1', '11', 'xmai_troubletickets:priority:HelpDesk_Priority:ticketpriorities:V', 'Ascending');

-- ----------------------------
-- Table structure for `xmai_reportsummary`
-- ----------------------------
DROP TABLE IF EXISTS `xmai_reportsummary`;
CREATE TABLE `xmai_reportsummary` (
  `reportsummaryid` int(19) NOT NULL,
  `summarytype` int(19) NOT NULL,
  `columnname` varchar(250) NOT NULL default '',
  PRIMARY KEY  (`reportsummaryid`,`summarytype`,`columnname`),
  KEY `reportsummary_reportsummaryid_idx` (`reportsummaryid`),
  CONSTRAINT `fk_1_xmai_reportsummary` FOREIGN KEY (`reportsummaryid`) REFERENCES `xmai_report` (`reportid`) ON DELETE CASCADE
) ENGINE=InnoDB DEFAULT CHARSET=utf8;

-- ----------------------------
-- Records of xmai_reportsummary
-- ----------------------------

-- ----------------------------
-- Table structure for `xmai_revenuetype`
-- ----------------------------
DROP TABLE IF EXISTS `xmai_revenuetype`;
CREATE TABLE `xmai_revenuetype` (
  `revenuetypeid` int(19) NOT NULL auto_increment,
  `revenuetype` varchar(200) NOT NULL,
  `sortorderid` int(19) NOT NULL default '0',
  `presence` int(1) NOT NULL default '1',
  PRIMARY KEY  (`revenuetypeid`),
  UNIQUE KEY `revenuetype_revenuetype_idx` (`revenuetype`)
) ENGINE=InnoDB DEFAULT CHARSET=utf8;

-- ----------------------------
-- Records of xmai_revenuetype
-- ----------------------------

-- ----------------------------
-- Table structure for `xmai_role`
-- ----------------------------
DROP TABLE IF EXISTS `xmai_role`;
CREATE TABLE `xmai_role` (
  `roleid` varchar(255) NOT NULL,
  `rolename` varchar(200) default NULL,
  `parentrole` varchar(255) default NULL,
  `depth` int(19) default NULL,
  PRIMARY KEY  (`roleid`)
) ENGINE=InnoDB DEFAULT CHARSET=utf8;

-- ----------------------------
-- Records of xmai_role
-- ----------------------------
INSERT INTO xmai_role VALUES ('H1', 'Organisation', 'H1', '0');
INSERT INTO xmai_role VALUES ('H2', 'CEO', 'H1::H2', '1');
INSERT INTO xmai_role VALUES ('H3', 'Vice President', 'H1::H2::H3', '2');
INSERT INTO xmai_role VALUES ('H4', 'Sales Manager', 'H1::H2::H3::H4', '3');
INSERT INTO xmai_role VALUES ('H5', 'Sales Man', 'H1::H2::H3::H4::H5', '4');

-- ----------------------------
-- Table structure for `xmai_role2picklist`
-- ----------------------------
DROP TABLE IF EXISTS `xmai_role2picklist`;
CREATE TABLE `xmai_role2picklist` (
  `roleid` varchar(255) NOT NULL,
  `picklistvalueid` int(11) NOT NULL,
  `picklistid` int(11) NOT NULL,
  `sortid` int(11) default NULL,
  PRIMARY KEY  (`roleid`,`picklistvalueid`,`picklistid`),
  KEY `role2picklist_roleid_picklistid_idx` (`roleid`,`picklistid`,`picklistvalueid`),
  KEY `fk_2_xmai_role2picklist` (`picklistid`),
  CONSTRAINT `fk_1_xmai_role2picklist` FOREIGN KEY (`roleid`) REFERENCES `xmai_role` (`roleid`) ON DELETE CASCADE,
  CONSTRAINT `fk_2_xmai_role2picklist` FOREIGN KEY (`picklistid`) REFERENCES `xmai_picklist` (`picklistid`) ON DELETE CASCADE
) ENGINE=InnoDB DEFAULT CHARSET=utf8;

-- ----------------------------
-- Records of xmai_role2picklist
-- ----------------------------
INSERT INTO xmai_role2picklist VALUES ('H1', '1', '1', '0');
INSERT INTO xmai_role2picklist VALUES ('H1', '2', '1', '1');
INSERT INTO xmai_role2picklist VALUES ('H1', '3', '1', '2');
INSERT INTO xmai_role2picklist VALUES ('H1', '4', '1', '3');
INSERT INTO xmai_role2picklist VALUES ('H1', '5', '1', '4');
INSERT INTO xmai_role2picklist VALUES ('H1', '6', '1', '5');
INSERT INTO xmai_role2picklist VALUES ('H1', '7', '1', '6');
INSERT INTO xmai_role2picklist VALUES ('H1', '8', '1', '7');
INSERT INTO xmai_role2picklist VALUES ('H1', '9', '1', '8');
INSERT INTO xmai_role2picklist VALUES ('H1', '10', '1', '9');
INSERT INTO xmai_role2picklist VALUES ('H1', '11', '1', '10');
INSERT INTO xmai_role2picklist VALUES ('H1', '12', '2', '0');
INSERT INTO xmai_role2picklist VALUES ('H1', '13', '2', '1');
INSERT INTO xmai_role2picklist VALUES ('H1', '14', '3', '0');
INSERT INTO xmai_role2picklist VALUES ('H1', '15', '3', '1');
INSERT INTO xmai_role2picklist VALUES ('H1', '16', '3', '2');
INSERT INTO xmai_role2picklist VALUES ('H1', '17', '3', '3');
INSERT INTO xmai_role2picklist VALUES ('H1', '18', '3', '4');
INSERT INTO xmai_role2picklist VALUES ('H1', '19', '3', '5');
INSERT INTO xmai_role2picklist VALUES ('H1', '20', '4', '0');
INSERT INTO xmai_role2picklist VALUES ('H1', '21', '4', '1');
INSERT INTO xmai_role2picklist VALUES ('H1', '22', '4', '2');
INSERT INTO xmai_role2picklist VALUES ('H1', '23', '4', '3');
INSERT INTO xmai_role2picklist VALUES ('H1', '24', '4', '4');
INSERT INTO xmai_role2picklist VALUES ('H1', '25', '4', '5');
INSERT INTO xmai_role2picklist VALUES ('H1', '26', '4', '6');
INSERT INTO xmai_role2picklist VALUES ('H1', '27', '4', '7');
INSERT INTO xmai_role2picklist VALUES ('H1', '28', '4', '8');
INSERT INTO xmai_role2picklist VALUES ('H1', '29', '4', '9');
INSERT INTO xmai_role2picklist VALUES ('H1', '30', '4', '10');
INSERT INTO xmai_role2picklist VALUES ('H1', '31', '4', '11');
INSERT INTO xmai_role2picklist VALUES ('H1', '32', '4', '12');
INSERT INTO xmai_role2picklist VALUES ('H1', '33', '5', '0');
INSERT INTO xmai_role2picklist VALUES ('H1', '34', '5', '1');
INSERT INTO xmai_role2picklist VALUES ('H1', '35', '5', '2');
INSERT INTO xmai_role2picklist VALUES ('H1', '36', '5', '3');
INSERT INTO xmai_role2picklist VALUES ('H1', '37', '5', '4');
INSERT INTO xmai_role2picklist VALUES ('H1', '38', '6', '0');
INSERT INTO xmai_role2picklist VALUES ('H1', '39', '6', '1');
INSERT INTO xmai_role2picklist VALUES ('H1', '40', '6', '2');
INSERT INTO xmai_role2picklist VALUES ('H1', '41', '7', '0');
INSERT INTO xmai_role2picklist VALUES ('H1', '42', '7', '1');
INSERT INTO xmai_role2picklist VALUES ('H1', '43', '7', '2');
INSERT INTO xmai_role2picklist VALUES ('H1', '44', '7', '3');
INSERT INTO xmai_role2picklist VALUES ('H1', '45', '7', '4');
INSERT INTO xmai_role2picklist VALUES ('H1', '46', '8', '0');
INSERT INTO xmai_role2picklist VALUES ('H1', '47', '9', '0');
INSERT INTO xmai_role2picklist VALUES ('H1', '48', '9', '1');
INSERT INTO xmai_role2picklist VALUES ('H1', '49', '9', '2');
INSERT INTO xmai_role2picklist VALUES ('H1', '50', '9', '3');
INSERT INTO xmai_role2picklist VALUES ('H1', '51', '10', '0');
INSERT INTO xmai_role2picklist VALUES ('H1', '52', '10', '1');
INSERT INTO xmai_role2picklist VALUES ('H1', '53', '10', '2');
INSERT INTO xmai_role2picklist VALUES ('H1', '54', '10', '3');
INSERT INTO xmai_role2picklist VALUES ('H1', '55', '10', '4');
INSERT INTO xmai_role2picklist VALUES ('H1', '56', '10', '5');
INSERT INTO xmai_role2picklist VALUES ('H1', '57', '10', '6');
INSERT INTO xmai_role2picklist VALUES ('H1', '58', '10', '7');
INSERT INTO xmai_role2picklist VALUES ('H1', '59', '10', '8');
INSERT INTO xmai_role2picklist VALUES ('H1', '60', '11', '0');
INSERT INTO xmai_role2picklist VALUES ('H1', '61', '11', '1');
INSERT INTO xmai_role2picklist VALUES ('H1', '62', '11', '2');
INSERT INTO xmai_role2picklist VALUES ('H1', '63', '11', '3');
INSERT INTO xmai_role2picklist VALUES ('H1', '64', '11', '4');
INSERT INTO xmai_role2picklist VALUES ('H1', '65', '11', '5');
INSERT INTO xmai_role2picklist VALUES ('H1', '66', '11', '6');
INSERT INTO xmai_role2picklist VALUES ('H1', '67', '11', '7');
INSERT INTO xmai_role2picklist VALUES ('H1', '68', '11', '8');
INSERT INTO xmai_role2picklist VALUES ('H1', '69', '11', '9');
INSERT INTO xmai_role2picklist VALUES ('H1', '70', '11', '10');
INSERT INTO xmai_role2picklist VALUES ('H1', '71', '11', '11');
INSERT INTO xmai_role2picklist VALUES ('H1', '72', '11', '12');
INSERT INTO xmai_role2picklist VALUES ('H1', '73', '11', '13');
INSERT INTO xmai_role2picklist VALUES ('H1', '74', '11', '14');
INSERT INTO xmai_role2picklist VALUES ('H1', '75', '11', '15');
INSERT INTO xmai_role2picklist VALUES ('H1', '76', '11', '16');
INSERT INTO xmai_role2picklist VALUES ('H1', '77', '11', '17');
INSERT INTO xmai_role2picklist VALUES ('H1', '78', '11', '18');
INSERT INTO xmai_role2picklist VALUES ('H1', '79', '11', '19');
INSERT INTO xmai_role2picklist VALUES ('H1', '80', '11', '20');
INSERT INTO xmai_role2picklist VALUES ('H1', '81', '11', '21');
INSERT INTO xmai_role2picklist VALUES ('H1', '82', '11', '22');
INSERT INTO xmai_role2picklist VALUES ('H1', '83', '11', '23');
INSERT INTO xmai_role2picklist VALUES ('H1', '84', '11', '24');
INSERT INTO xmai_role2picklist VALUES ('H1', '85', '11', '25');
INSERT INTO xmai_role2picklist VALUES ('H1', '86', '11', '26');
INSERT INTO xmai_role2picklist VALUES ('H1', '87', '11', '27');
INSERT INTO xmai_role2picklist VALUES ('H1', '88', '11', '28');
INSERT INTO xmai_role2picklist VALUES ('H1', '89', '11', '29');
INSERT INTO xmai_role2picklist VALUES ('H1', '90', '11', '30');
INSERT INTO xmai_role2picklist VALUES ('H1', '91', '11', '31');
INSERT INTO xmai_role2picklist VALUES ('H1', '92', '12', '0');
INSERT INTO xmai_role2picklist VALUES ('H1', '93', '12', '1');
INSERT INTO xmai_role2picklist VALUES ('H1', '94', '12', '2');
INSERT INTO xmai_role2picklist VALUES ('H1', '95', '12', '3');
INSERT INTO xmai_role2picklist VALUES ('H1', '96', '12', '4');
INSERT INTO xmai_role2picklist VALUES ('H1', '97', '12', '5');
INSERT INTO xmai_role2picklist VALUES ('H1', '98', '13', '0');
INSERT INTO xmai_role2picklist VALUES ('H1', '99', '13', '1');
INSERT INTO xmai_role2picklist VALUES ('H1', '100', '13', '2');
INSERT INTO xmai_role2picklist VALUES ('H1', '101', '13', '3');
INSERT INTO xmai_role2picklist VALUES ('H1', '102', '13', '4');
INSERT INTO xmai_role2picklist VALUES ('H1', '103', '13', '5');
INSERT INTO xmai_role2picklist VALUES ('H1', '104', '13', '6');
INSERT INTO xmai_role2picklist VALUES ('H1', '105', '13', '7');
INSERT INTO xmai_role2picklist VALUES ('H1', '106', '13', '8');
INSERT INTO xmai_role2picklist VALUES ('H1', '107', '13', '9');
INSERT INTO xmai_role2picklist VALUES ('H1', '108', '13', '10');
INSERT INTO xmai_role2picklist VALUES ('H1', '109', '13', '11');
INSERT INTO xmai_role2picklist VALUES ('H1', '110', '13', '12');
INSERT INTO xmai_role2picklist VALUES ('H1', '111', '14', '0');
INSERT INTO xmai_role2picklist VALUES ('H1', '112', '14', '1');
INSERT INTO xmai_role2picklist VALUES ('H1', '113', '14', '2');
INSERT INTO xmai_role2picklist VALUES ('H1', '114', '14', '3');
INSERT INTO xmai_role2picklist VALUES ('H1', '115', '14', '4');
INSERT INTO xmai_role2picklist VALUES ('H1', '116', '14', '5');
INSERT INTO xmai_role2picklist VALUES ('H1', '117', '14', '6');
INSERT INTO xmai_role2picklist VALUES ('H1', '118', '14', '7');
INSERT INTO xmai_role2picklist VALUES ('H1', '119', '14', '8');
INSERT INTO xmai_role2picklist VALUES ('H1', '120', '14', '9');
INSERT INTO xmai_role2picklist VALUES ('H1', '121', '14', '10');
INSERT INTO xmai_role2picklist VALUES ('H1', '122', '14', '11');
INSERT INTO xmai_role2picklist VALUES ('H1', '123', '15', '0');
INSERT INTO xmai_role2picklist VALUES ('H1', '124', '15', '1');
INSERT INTO xmai_role2picklist VALUES ('H1', '125', '15', '2');
INSERT INTO xmai_role2picklist VALUES ('H1', '126', '15', '3');
INSERT INTO xmai_role2picklist VALUES ('H1', '127', '16', '0');
INSERT INTO xmai_role2picklist VALUES ('H1', '128', '16', '1');
INSERT INTO xmai_role2picklist VALUES ('H1', '129', '16', '2');
INSERT INTO xmai_role2picklist VALUES ('H1', '130', '17', '0');
INSERT INTO xmai_role2picklist VALUES ('H1', '131', '17', '1');
INSERT INTO xmai_role2picklist VALUES ('H1', '132', '17', '2');
INSERT INTO xmai_role2picklist VALUES ('H1', '133', '17', '3');
INSERT INTO xmai_role2picklist VALUES ('H1', '134', '17', '4');
INSERT INTO xmai_role2picklist VALUES ('H1', '135', '18', '0');
INSERT INTO xmai_role2picklist VALUES ('H1', '136', '18', '1');
INSERT INTO xmai_role2picklist VALUES ('H1', '137', '18', '2');
INSERT INTO xmai_role2picklist VALUES ('H1', '138', '18', '3');
INSERT INTO xmai_role2picklist VALUES ('H1', '139', '19', '0');
INSERT INTO xmai_role2picklist VALUES ('H1', '140', '19', '1');
INSERT INTO xmai_role2picklist VALUES ('H1', '141', '19', '2');
INSERT INTO xmai_role2picklist VALUES ('H1', '142', '19', '3');
INSERT INTO xmai_role2picklist VALUES ('H1', '143', '19', '4');
INSERT INTO xmai_role2picklist VALUES ('H1', '144', '20', '0');
INSERT INTO xmai_role2picklist VALUES ('H1', '145', '20', '1');
INSERT INTO xmai_role2picklist VALUES ('H1', '146', '20', '2');
INSERT INTO xmai_role2picklist VALUES ('H1', '147', '20', '3');
INSERT INTO xmai_role2picklist VALUES ('H1', '148', '20', '4');
INSERT INTO xmai_role2picklist VALUES ('H1', '149', '20', '5');
INSERT INTO xmai_role2picklist VALUES ('H1', '150', '21', '0');
INSERT INTO xmai_role2picklist VALUES ('H1', '151', '21', '1');
INSERT INTO xmai_role2picklist VALUES ('H1', '152', '21', '2');
INSERT INTO xmai_role2picklist VALUES ('H1', '153', '21', '3');
INSERT INTO xmai_role2picklist VALUES ('H1', '154', '21', '4');
INSERT INTO xmai_role2picklist VALUES ('H1', '155', '21', '5');
INSERT INTO xmai_role2picklist VALUES ('H1', '156', '21', '6');
INSERT INTO xmai_role2picklist VALUES ('H1', '157', '21', '7');
INSERT INTO xmai_role2picklist VALUES ('H1', '158', '21', '8');
INSERT INTO xmai_role2picklist VALUES ('H1', '159', '21', '9');
INSERT INTO xmai_role2picklist VALUES ('H1', '160', '22', '0');
INSERT INTO xmai_role2picklist VALUES ('H1', '161', '22', '1');
INSERT INTO xmai_role2picklist VALUES ('H1', '162', '22', '2');
INSERT INTO xmai_role2picklist VALUES ('H1', '163', '22', '3');
INSERT INTO xmai_role2picklist VALUES ('H1', '164', '22', '4');
INSERT INTO xmai_role2picklist VALUES ('H1', '165', '22', '5');
INSERT INTO xmai_role2picklist VALUES ('H1', '166', '23', '0');
INSERT INTO xmai_role2picklist VALUES ('H1', '167', '23', '1');
INSERT INTO xmai_role2picklist VALUES ('H1', '168', '23', '2');
INSERT INTO xmai_role2picklist VALUES ('H1', '169', '23', '3');
INSERT INTO xmai_role2picklist VALUES ('H1', '170', '24', '0');
INSERT INTO xmai_role2picklist VALUES ('H1', '171', '24', '1');
INSERT INTO xmai_role2picklist VALUES ('H1', '172', '24', '2');
INSERT INTO xmai_role2picklist VALUES ('H1', '173', '25', '0');
INSERT INTO xmai_role2picklist VALUES ('H1', '174', '25', '1');
INSERT INTO xmai_role2picklist VALUES ('H1', '175', '25', '2');
INSERT INTO xmai_role2picklist VALUES ('H1', '176', '25', '3');
INSERT INTO xmai_role2picklist VALUES ('H1', '177', '25', '4');
INSERT INTO xmai_role2picklist VALUES ('H1', '178', '25', '5');
INSERT INTO xmai_role2picklist VALUES ('H1', '179', '26', '0');
INSERT INTO xmai_role2picklist VALUES ('H1', '180', '26', '1');
INSERT INTO xmai_role2picklist VALUES ('H1', '181', '26', '2');
INSERT INTO xmai_role2picklist VALUES ('H1', '182', '27', '0');
INSERT INTO xmai_role2picklist VALUES ('H1', '183', '27', '1');
INSERT INTO xmai_role2picklist VALUES ('H1', '184', '27', '2');
INSERT INTO xmai_role2picklist VALUES ('H1', '185', '27', '3');
INSERT INTO xmai_role2picklist VALUES ('H1', '186', '28', '0');
INSERT INTO xmai_role2picklist VALUES ('H1', '187', '28', '1');
INSERT INTO xmai_role2picklist VALUES ('H1', '188', '28', '2');
INSERT INTO xmai_role2picklist VALUES ('H1', '189', '28', '3');
INSERT INTO xmai_role2picklist VALUES ('H1', '190', '29', '0');
INSERT INTO xmai_role2picklist VALUES ('H1', '191', '29', '1');
INSERT INTO xmai_role2picklist VALUES ('H1', '192', '29', '2');
INSERT INTO xmai_role2picklist VALUES ('H1', '193', '29', '3');
INSERT INTO xmai_role2picklist VALUES ('H1', '194', '30', '0');
INSERT INTO xmai_role2picklist VALUES ('H1', '195', '30', '1');
INSERT INTO xmai_role2picklist VALUES ('H1', '196', '30', '2');
INSERT INTO xmai_role2picklist VALUES ('H1', '197', '30', '3');
INSERT INTO xmai_role2picklist VALUES ('H1', '198', '30', '4');
INSERT INTO xmai_role2picklist VALUES ('H1', '199', '30', '5');
INSERT INTO xmai_role2picklist VALUES ('H1', '200', '30', '6');
INSERT INTO xmai_role2picklist VALUES ('H1', '201', '30', '7');
INSERT INTO xmai_role2picklist VALUES ('H1', '202', '30', '8');
INSERT INTO xmai_role2picklist VALUES ('H1', '203', '30', '9');
INSERT INTO xmai_role2picklist VALUES ('H1', '204', '30', '10');
INSERT INTO xmai_role2picklist VALUES ('H1', '205', '30', '11');
INSERT INTO xmai_role2picklist VALUES ('H1', '206', '30', '12');
INSERT INTO xmai_role2picklist VALUES ('H1', '207', '30', '13');
INSERT INTO xmai_role2picklist VALUES ('H1', '208', '30', '14');
INSERT INTO xmai_role2picklist VALUES ('H1', '209', '30', '15');
INSERT INTO xmai_role2picklist VALUES ('H1', '210', '31', '1');
INSERT INTO xmai_role2picklist VALUES ('H1', '211', '31', '2');
INSERT INTO xmai_role2picklist VALUES ('H1', '212', '31', '3');
INSERT INTO xmai_role2picklist VALUES ('H1', '213', '31', '4');
INSERT INTO xmai_role2picklist VALUES ('H1', '214', '32', '1');
INSERT INTO xmai_role2picklist VALUES ('H1', '215', '32', '2');
INSERT INTO xmai_role2picklist VALUES ('H1', '216', '32', '3');
INSERT INTO xmai_role2picklist VALUES ('H1', '217', '32', '4');
INSERT INTO xmai_role2picklist VALUES ('H1', '218', '32', '5');
INSERT INTO xmai_role2picklist VALUES ('H1', '219', '32', '6');
INSERT INTO xmai_role2picklist VALUES ('H1', '220', '33', '1');
INSERT INTO xmai_role2picklist VALUES ('H1', '221', '33', '2');
INSERT INTO xmai_role2picklist VALUES ('H1', '222', '33', '3');
INSERT INTO xmai_role2picklist VALUES ('H1', '223', '34', '1');
INSERT INTO xmai_role2picklist VALUES ('H1', '224', '34', '2');
INSERT INTO xmai_role2picklist VALUES ('H1', '225', '34', '3');
INSERT INTO xmai_role2picklist VALUES ('H1', '226', '35', '1');
INSERT INTO xmai_role2picklist VALUES ('H1', '227', '35', '2');
INSERT INTO xmai_role2picklist VALUES ('H1', '228', '35', '3');
INSERT INTO xmai_role2picklist VALUES ('H1', '229', '36', '1');
INSERT INTO xmai_role2picklist VALUES ('H1', '230', '36', '2');
INSERT INTO xmai_role2picklist VALUES ('H1', '231', '36', '3');
INSERT INTO xmai_role2picklist VALUES ('H1', '232', '36', '4');
INSERT INTO xmai_role2picklist VALUES ('H1', '233', '36', '5');
INSERT INTO xmai_role2picklist VALUES ('H1', '234', '36', '6');
INSERT INTO xmai_role2picklist VALUES ('H1', '235', '37', '1');
INSERT INTO xmai_role2picklist VALUES ('H1', '236', '37', '2');
INSERT INTO xmai_role2picklist VALUES ('H1', '237', '38', '1');
INSERT INTO xmai_role2picklist VALUES ('H1', '238', '38', '2');
INSERT INTO xmai_role2picklist VALUES ('H1', '239', '38', '3');
INSERT INTO xmai_role2picklist VALUES ('H1', '240', '38', '4');
INSERT INTO xmai_role2picklist VALUES ('H1', '241', '39', '1');
INSERT INTO xmai_role2picklist VALUES ('H1', '242', '39', '2');
INSERT INTO xmai_role2picklist VALUES ('H1', '243', '39', '3');
INSERT INTO xmai_role2picklist VALUES ('H1', '244', '39', '4');
INSERT INTO xmai_role2picklist VALUES ('H1', '245', '40', '1');
INSERT INTO xmai_role2picklist VALUES ('H1', '246', '40', '2');
INSERT INTO xmai_role2picklist VALUES ('H1', '247', '40', '3');
INSERT INTO xmai_role2picklist VALUES ('H1', '248', '40', '4');
INSERT INTO xmai_role2picklist VALUES ('H1', '249', '41', '1');
INSERT INTO xmai_role2picklist VALUES ('H1', '250', '41', '2');
INSERT INTO xmai_role2picklist VALUES ('H1', '251', '41', '3');
INSERT INTO xmai_role2picklist VALUES ('H1', '252', '41', '4');
INSERT INTO xmai_role2picklist VALUES ('H1', '253', '41', '5');
INSERT INTO xmai_role2picklist VALUES ('H1', '254', '41', '6');
INSERT INTO xmai_role2picklist VALUES ('H1', '255', '41', '7');
INSERT INTO xmai_role2picklist VALUES ('H1', '256', '41', '8');
INSERT INTO xmai_role2picklist VALUES ('H1', '257', '41', '9');
INSERT INTO xmai_role2picklist VALUES ('H1', '258', '41', '10');
INSERT INTO xmai_role2picklist VALUES ('H1', '259', '41', '11');
INSERT INTO xmai_role2picklist VALUES ('H1', '260', '42', '1');
INSERT INTO xmai_role2picklist VALUES ('H1', '261', '42', '2');
INSERT INTO xmai_role2picklist VALUES ('H1', '262', '42', '3');
INSERT INTO xmai_role2picklist VALUES ('H1', '263', '42', '4');
INSERT INTO xmai_role2picklist VALUES ('H1', '264', '42', '5');
INSERT INTO xmai_role2picklist VALUES ('H1', '265', '42', '6');
INSERT INTO xmai_role2picklist VALUES ('H1', '266', '42', '7');
INSERT INTO xmai_role2picklist VALUES ('H1', '267', '42', '8');
INSERT INTO xmai_role2picklist VALUES ('H1', '268', '42', '9');
INSERT INTO xmai_role2picklist VALUES ('H1', '269', '43', '1');
INSERT INTO xmai_role2picklist VALUES ('H1', '270', '43', '2');
INSERT INTO xmai_role2picklist VALUES ('H1', '271', '43', '3');
INSERT INTO xmai_role2picklist VALUES ('H1', '272', '43', '4');
INSERT INTO xmai_role2picklist VALUES ('H1', '273', '44', '1');
INSERT INTO xmai_role2picklist VALUES ('H1', '274', '44', '2');
INSERT INTO xmai_role2picklist VALUES ('H1', '275', '44', '3');
INSERT INTO xmai_role2picklist VALUES ('H1', '276', '44', '4');
INSERT INTO xmai_role2picklist VALUES ('H1', '277', '45', '1');
INSERT INTO xmai_role2picklist VALUES ('H1', '278', '45', '2');
INSERT INTO xmai_role2picklist VALUES ('H1', '279', '45', '3');
INSERT INTO xmai_role2picklist VALUES ('H1', '280', '45', '4');
INSERT INTO xmai_role2picklist VALUES ('H1', '281', '45', '5');
INSERT INTO xmai_role2picklist VALUES ('H1', '282', '45', '6');
INSERT INTO xmai_role2picklist VALUES ('H1', '283', '45', '7');
INSERT INTO xmai_role2picklist VALUES ('H1', '284', '45', '8');
INSERT INTO xmai_role2picklist VALUES ('H1', '285', '45', '9');
INSERT INTO xmai_role2picklist VALUES ('H1', '286', '45', '10');
INSERT INTO xmai_role2picklist VALUES ('H1', '287', '45', '11');
INSERT INTO xmai_role2picklist VALUES ('H2', '1', '1', '0');
INSERT INTO xmai_role2picklist VALUES ('H2', '2', '1', '1');
INSERT INTO xmai_role2picklist VALUES ('H2', '3', '1', '2');
INSERT INTO xmai_role2picklist VALUES ('H2', '4', '1', '3');
INSERT INTO xmai_role2picklist VALUES ('H2', '5', '1', '4');
INSERT INTO xmai_role2picklist VALUES ('H2', '6', '1', '5');
INSERT INTO xmai_role2picklist VALUES ('H2', '7', '1', '6');
INSERT INTO xmai_role2picklist VALUES ('H2', '8', '1', '7');
INSERT INTO xmai_role2picklist VALUES ('H2', '9', '1', '8');
INSERT INTO xmai_role2picklist VALUES ('H2', '10', '1', '9');
INSERT INTO xmai_role2picklist VALUES ('H2', '11', '1', '10');
INSERT INTO xmai_role2picklist VALUES ('H2', '12', '2', '0');
INSERT INTO xmai_role2picklist VALUES ('H2', '13', '2', '1');
INSERT INTO xmai_role2picklist VALUES ('H2', '14', '3', '0');
INSERT INTO xmai_role2picklist VALUES ('H2', '15', '3', '1');
INSERT INTO xmai_role2picklist VALUES ('H2', '16', '3', '2');
INSERT INTO xmai_role2picklist VALUES ('H2', '17', '3', '3');
INSERT INTO xmai_role2picklist VALUES ('H2', '18', '3', '4');
INSERT INTO xmai_role2picklist VALUES ('H2', '19', '3', '5');
INSERT INTO xmai_role2picklist VALUES ('H2', '20', '4', '0');
INSERT INTO xmai_role2picklist VALUES ('H2', '21', '4', '1');
INSERT INTO xmai_role2picklist VALUES ('H2', '22', '4', '2');
INSERT INTO xmai_role2picklist VALUES ('H2', '23', '4', '3');
INSERT INTO xmai_role2picklist VALUES ('H2', '24', '4', '4');
INSERT INTO xmai_role2picklist VALUES ('H2', '25', '4', '5');
INSERT INTO xmai_role2picklist VALUES ('H2', '26', '4', '6');
INSERT INTO xmai_role2picklist VALUES ('H2', '27', '4', '7');
INSERT INTO xmai_role2picklist VALUES ('H2', '28', '4', '8');
INSERT INTO xmai_role2picklist VALUES ('H2', '29', '4', '9');
INSERT INTO xmai_role2picklist VALUES ('H2', '30', '4', '10');
INSERT INTO xmai_role2picklist VALUES ('H2', '31', '4', '11');
INSERT INTO xmai_role2picklist VALUES ('H2', '32', '4', '12');
INSERT INTO xmai_role2picklist VALUES ('H2', '33', '5', '0');
INSERT INTO xmai_role2picklist VALUES ('H2', '34', '5', '1');
INSERT INTO xmai_role2picklist VALUES ('H2', '35', '5', '2');
INSERT INTO xmai_role2picklist VALUES ('H2', '36', '5', '3');
INSERT INTO xmai_role2picklist VALUES ('H2', '37', '5', '4');
INSERT INTO xmai_role2picklist VALUES ('H2', '38', '6', '0');
INSERT INTO xmai_role2picklist VALUES ('H2', '39', '6', '1');
INSERT INTO xmai_role2picklist VALUES ('H2', '40', '6', '2');
INSERT INTO xmai_role2picklist VALUES ('H2', '41', '7', '0');
INSERT INTO xmai_role2picklist VALUES ('H2', '42', '7', '1');
INSERT INTO xmai_role2picklist VALUES ('H2', '43', '7', '2');
INSERT INTO xmai_role2picklist VALUES ('H2', '44', '7', '3');
INSERT INTO xmai_role2picklist VALUES ('H2', '45', '7', '4');
INSERT INTO xmai_role2picklist VALUES ('H2', '46', '8', '0');
INSERT INTO xmai_role2picklist VALUES ('H2', '47', '9', '0');
INSERT INTO xmai_role2picklist VALUES ('H2', '48', '9', '1');
INSERT INTO xmai_role2picklist VALUES ('H2', '49', '9', '2');
INSERT INTO xmai_role2picklist VALUES ('H2', '50', '9', '3');
INSERT INTO xmai_role2picklist VALUES ('H2', '51', '10', '0');
INSERT INTO xmai_role2picklist VALUES ('H2', '52', '10', '1');
INSERT INTO xmai_role2picklist VALUES ('H2', '53', '10', '2');
INSERT INTO xmai_role2picklist VALUES ('H2', '54', '10', '3');
INSERT INTO xmai_role2picklist VALUES ('H2', '55', '10', '4');
INSERT INTO xmai_role2picklist VALUES ('H2', '56', '10', '5');
INSERT INTO xmai_role2picklist VALUES ('H2', '57', '10', '6');
INSERT INTO xmai_role2picklist VALUES ('H2', '58', '10', '7');
INSERT INTO xmai_role2picklist VALUES ('H2', '59', '10', '8');
INSERT INTO xmai_role2picklist VALUES ('H2', '60', '11', '0');
INSERT INTO xmai_role2picklist VALUES ('H2', '61', '11', '1');
INSERT INTO xmai_role2picklist VALUES ('H2', '62', '11', '2');
INSERT INTO xmai_role2picklist VALUES ('H2', '63', '11', '3');
INSERT INTO xmai_role2picklist VALUES ('H2', '64', '11', '4');
INSERT INTO xmai_role2picklist VALUES ('H2', '65', '11', '5');
INSERT INTO xmai_role2picklist VALUES ('H2', '66', '11', '6');
INSERT INTO xmai_role2picklist VALUES ('H2', '67', '11', '7');
INSERT INTO xmai_role2picklist VALUES ('H2', '68', '11', '8');
INSERT INTO xmai_role2picklist VALUES ('H2', '69', '11', '9');
INSERT INTO xmai_role2picklist VALUES ('H2', '70', '11', '10');
INSERT INTO xmai_role2picklist VALUES ('H2', '71', '11', '11');
INSERT INTO xmai_role2picklist VALUES ('H2', '72', '11', '12');
INSERT INTO xmai_role2picklist VALUES ('H2', '73', '11', '13');
INSERT INTO xmai_role2picklist VALUES ('H2', '74', '11', '14');
INSERT INTO xmai_role2picklist VALUES ('H2', '75', '11', '15');
INSERT INTO xmai_role2picklist VALUES ('H2', '76', '11', '16');
INSERT INTO xmai_role2picklist VALUES ('H2', '77', '11', '17');
INSERT INTO xmai_role2picklist VALUES ('H2', '78', '11', '18');
INSERT INTO xmai_role2picklist VALUES ('H2', '79', '11', '19');
INSERT INTO xmai_role2picklist VALUES ('H2', '80', '11', '20');
INSERT INTO xmai_role2picklist VALUES ('H2', '81', '11', '21');
INSERT INTO xmai_role2picklist VALUES ('H2', '82', '11', '22');
INSERT INTO xmai_role2picklist VALUES ('H2', '83', '11', '23');
INSERT INTO xmai_role2picklist VALUES ('H2', '84', '11', '24');
INSERT INTO xmai_role2picklist VALUES ('H2', '85', '11', '25');
INSERT INTO xmai_role2picklist VALUES ('H2', '86', '11', '26');
INSERT INTO xmai_role2picklist VALUES ('H2', '87', '11', '27');
INSERT INTO xmai_role2picklist VALUES ('H2', '88', '11', '28');
INSERT INTO xmai_role2picklist VALUES ('H2', '89', '11', '29');
INSERT INTO xmai_role2picklist VALUES ('H2', '90', '11', '30');
INSERT INTO xmai_role2picklist VALUES ('H2', '91', '11', '31');
INSERT INTO xmai_role2picklist VALUES ('H2', '92', '12', '0');
INSERT INTO xmai_role2picklist VALUES ('H2', '93', '12', '1');
INSERT INTO xmai_role2picklist VALUES ('H2', '94', '12', '2');
INSERT INTO xmai_role2picklist VALUES ('H2', '95', '12', '3');
INSERT INTO xmai_role2picklist VALUES ('H2', '96', '12', '4');
INSERT INTO xmai_role2picklist VALUES ('H2', '97', '12', '5');
INSERT INTO xmai_role2picklist VALUES ('H2', '98', '13', '0');
INSERT INTO xmai_role2picklist VALUES ('H2', '99', '13', '1');
INSERT INTO xmai_role2picklist VALUES ('H2', '100', '13', '2');
INSERT INTO xmai_role2picklist VALUES ('H2', '101', '13', '3');
INSERT INTO xmai_role2picklist VALUES ('H2', '102', '13', '4');
INSERT INTO xmai_role2picklist VALUES ('H2', '103', '13', '5');
INSERT INTO xmai_role2picklist VALUES ('H2', '104', '13', '6');
INSERT INTO xmai_role2picklist VALUES ('H2', '105', '13', '7');
INSERT INTO xmai_role2picklist VALUES ('H2', '106', '13', '8');
INSERT INTO xmai_role2picklist VALUES ('H2', '107', '13', '9');
INSERT INTO xmai_role2picklist VALUES ('H2', '108', '13', '10');
INSERT INTO xmai_role2picklist VALUES ('H2', '109', '13', '11');
INSERT INTO xmai_role2picklist VALUES ('H2', '110', '13', '12');
INSERT INTO xmai_role2picklist VALUES ('H2', '111', '14', '0');
INSERT INTO xmai_role2picklist VALUES ('H2', '112', '14', '1');
INSERT INTO xmai_role2picklist VALUES ('H2', '113', '14', '2');
INSERT INTO xmai_role2picklist VALUES ('H2', '114', '14', '3');
INSERT INTO xmai_role2picklist VALUES ('H2', '115', '14', '4');
INSERT INTO xmai_role2picklist VALUES ('H2', '116', '14', '5');
INSERT INTO xmai_role2picklist VALUES ('H2', '117', '14', '6');
INSERT INTO xmai_role2picklist VALUES ('H2', '118', '14', '7');
INSERT INTO xmai_role2picklist VALUES ('H2', '119', '14', '8');
INSERT INTO xmai_role2picklist VALUES ('H2', '120', '14', '9');
INSERT INTO xmai_role2picklist VALUES ('H2', '121', '14', '10');
INSERT INTO xmai_role2picklist VALUES ('H2', '122', '14', '11');
INSERT INTO xmai_role2picklist VALUES ('H2', '123', '15', '0');
INSERT INTO xmai_role2picklist VALUES ('H2', '124', '15', '1');
INSERT INTO xmai_role2picklist VALUES ('H2', '125', '15', '2');
INSERT INTO xmai_role2picklist VALUES ('H2', '126', '15', '3');
INSERT INTO xmai_role2picklist VALUES ('H2', '127', '16', '0');
INSERT INTO xmai_role2picklist VALUES ('H2', '128', '16', '1');
INSERT INTO xmai_role2picklist VALUES ('H2', '129', '16', '2');
INSERT INTO xmai_role2picklist VALUES ('H2', '130', '17', '0');
INSERT INTO xmai_role2picklist VALUES ('H2', '131', '17', '1');
INSERT INTO xmai_role2picklist VALUES ('H2', '132', '17', '2');
INSERT INTO xmai_role2picklist VALUES ('H2', '133', '17', '3');
INSERT INTO xmai_role2picklist VALUES ('H2', '134', '17', '4');
INSERT INTO xmai_role2picklist VALUES ('H2', '135', '18', '0');
INSERT INTO xmai_role2picklist VALUES ('H2', '136', '18', '1');
INSERT INTO xmai_role2picklist VALUES ('H2', '137', '18', '2');
INSERT INTO xmai_role2picklist VALUES ('H2', '138', '18', '3');
INSERT INTO xmai_role2picklist VALUES ('H2', '139', '19', '0');
INSERT INTO xmai_role2picklist VALUES ('H2', '140', '19', '1');
INSERT INTO xmai_role2picklist VALUES ('H2', '141', '19', '2');
INSERT INTO xmai_role2picklist VALUES ('H2', '142', '19', '3');
INSERT INTO xmai_role2picklist VALUES ('H2', '143', '19', '4');
INSERT INTO xmai_role2picklist VALUES ('H2', '144', '20', '0');
INSERT INTO xmai_role2picklist VALUES ('H2', '145', '20', '1');
INSERT INTO xmai_role2picklist VALUES ('H2', '146', '20', '2');
INSERT INTO xmai_role2picklist VALUES ('H2', '147', '20', '3');
INSERT INTO xmai_role2picklist VALUES ('H2', '148', '20', '4');
INSERT INTO xmai_role2picklist VALUES ('H2', '149', '20', '5');
INSERT INTO xmai_role2picklist VALUES ('H2', '150', '21', '0');
INSERT INTO xmai_role2picklist VALUES ('H2', '151', '21', '1');
INSERT INTO xmai_role2picklist VALUES ('H2', '152', '21', '2');
INSERT INTO xmai_role2picklist VALUES ('H2', '153', '21', '3');
INSERT INTO xmai_role2picklist VALUES ('H2', '154', '21', '4');
INSERT INTO xmai_role2picklist VALUES ('H2', '155', '21', '5');
INSERT INTO xmai_role2picklist VALUES ('H2', '156', '21', '6');
INSERT INTO xmai_role2picklist VALUES ('H2', '157', '21', '7');
INSERT INTO xmai_role2picklist VALUES ('H2', '158', '21', '8');
INSERT INTO xmai_role2picklist VALUES ('H2', '159', '21', '9');
INSERT INTO xmai_role2picklist VALUES ('H2', '160', '22', '0');
INSERT INTO xmai_role2picklist VALUES ('H2', '161', '22', '1');
INSERT INTO xmai_role2picklist VALUES ('H2', '162', '22', '2');
INSERT INTO xmai_role2picklist VALUES ('H2', '163', '22', '3');
INSERT INTO xmai_role2picklist VALUES ('H2', '164', '22', '4');
INSERT INTO xmai_role2picklist VALUES ('H2', '165', '22', '5');
INSERT INTO xmai_role2picklist VALUES ('H2', '166', '23', '0');
INSERT INTO xmai_role2picklist VALUES ('H2', '167', '23', '1');
INSERT INTO xmai_role2picklist VALUES ('H2', '168', '23', '2');
INSERT INTO xmai_role2picklist VALUES ('H2', '169', '23', '3');
INSERT INTO xmai_role2picklist VALUES ('H2', '170', '24', '0');
INSERT INTO xmai_role2picklist VALUES ('H2', '171', '24', '1');
INSERT INTO xmai_role2picklist VALUES ('H2', '172', '24', '2');
INSERT INTO xmai_role2picklist VALUES ('H2', '173', '25', '0');
INSERT INTO xmai_role2picklist VALUES ('H2', '174', '25', '1');
INSERT INTO xmai_role2picklist VALUES ('H2', '175', '25', '2');
INSERT INTO xmai_role2picklist VALUES ('H2', '176', '25', '3');
INSERT INTO xmai_role2picklist VALUES ('H2', '177', '25', '4');
INSERT INTO xmai_role2picklist VALUES ('H2', '178', '25', '5');
INSERT INTO xmai_role2picklist VALUES ('H2', '179', '26', '0');
INSERT INTO xmai_role2picklist VALUES ('H2', '180', '26', '1');
INSERT INTO xmai_role2picklist VALUES ('H2', '181', '26', '2');
INSERT INTO xmai_role2picklist VALUES ('H2', '182', '27', '0');
INSERT INTO xmai_role2picklist VALUES ('H2', '183', '27', '1');
INSERT INTO xmai_role2picklist VALUES ('H2', '184', '27', '2');
INSERT INTO xmai_role2picklist VALUES ('H2', '185', '27', '3');
INSERT INTO xmai_role2picklist VALUES ('H2', '186', '28', '0');
INSERT INTO xmai_role2picklist VALUES ('H2', '187', '28', '1');
INSERT INTO xmai_role2picklist VALUES ('H2', '188', '28', '2');
INSERT INTO xmai_role2picklist VALUES ('H2', '189', '28', '3');
INSERT INTO xmai_role2picklist VALUES ('H2', '190', '29', '0');
INSERT INTO xmai_role2picklist VALUES ('H2', '191', '29', '1');
INSERT INTO xmai_role2picklist VALUES ('H2', '192', '29', '2');
INSERT INTO xmai_role2picklist VALUES ('H2', '193', '29', '3');
INSERT INTO xmai_role2picklist VALUES ('H2', '194', '30', '0');
INSERT INTO xmai_role2picklist VALUES ('H2', '195', '30', '1');
INSERT INTO xmai_role2picklist VALUES ('H2', '196', '30', '2');
INSERT INTO xmai_role2picklist VALUES ('H2', '197', '30', '3');
INSERT INTO xmai_role2picklist VALUES ('H2', '198', '30', '4');
INSERT INTO xmai_role2picklist VALUES ('H2', '199', '30', '5');
INSERT INTO xmai_role2picklist VALUES ('H2', '200', '30', '6');
INSERT INTO xmai_role2picklist VALUES ('H2', '201', '30', '7');
INSERT INTO xmai_role2picklist VALUES ('H2', '202', '30', '8');
INSERT INTO xmai_role2picklist VALUES ('H2', '203', '30', '9');
INSERT INTO xmai_role2picklist VALUES ('H2', '204', '30', '10');
INSERT INTO xmai_role2picklist VALUES ('H2', '205', '30', '11');
INSERT INTO xmai_role2picklist VALUES ('H2', '206', '30', '12');
INSERT INTO xmai_role2picklist VALUES ('H2', '207', '30', '13');
INSERT INTO xmai_role2picklist VALUES ('H2', '208', '30', '14');
INSERT INTO xmai_role2picklist VALUES ('H2', '209', '30', '15');
INSERT INTO xmai_role2picklist VALUES ('H2', '210', '31', '1');
INSERT INTO xmai_role2picklist VALUES ('H2', '211', '31', '2');
INSERT INTO xmai_role2picklist VALUES ('H2', '212', '31', '3');
INSERT INTO xmai_role2picklist VALUES ('H2', '213', '31', '4');
INSERT INTO xmai_role2picklist VALUES ('H2', '214', '32', '1');
INSERT INTO xmai_role2picklist VALUES ('H2', '215', '32', '2');
INSERT INTO xmai_role2picklist VALUES ('H2', '216', '32', '3');
INSERT INTO xmai_role2picklist VALUES ('H2', '217', '32', '4');
INSERT INTO xmai_role2picklist VALUES ('H2', '218', '32', '5');
INSERT INTO xmai_role2picklist VALUES ('H2', '219', '32', '6');
INSERT INTO xmai_role2picklist VALUES ('H2', '220', '33', '1');
INSERT INTO xmai_role2picklist VALUES ('H2', '221', '33', '2');
INSERT INTO xmai_role2picklist VALUES ('H2', '222', '33', '3');
INSERT INTO xmai_role2picklist VALUES ('H2', '223', '34', '1');
INSERT INTO xmai_role2picklist VALUES ('H2', '224', '34', '2');
INSERT INTO xmai_role2picklist VALUES ('H2', '225', '34', '3');
INSERT INTO xmai_role2picklist VALUES ('H2', '226', '35', '1');
INSERT INTO xmai_role2picklist VALUES ('H2', '227', '35', '2');
INSERT INTO xmai_role2picklist VALUES ('H2', '228', '35', '3');
INSERT INTO xmai_role2picklist VALUES ('H2', '229', '36', '1');
INSERT INTO xmai_role2picklist VALUES ('H2', '230', '36', '2');
INSERT INTO xmai_role2picklist VALUES ('H2', '231', '36', '3');
INSERT INTO xmai_role2picklist VALUES ('H2', '232', '36', '4');
INSERT INTO xmai_role2picklist VALUES ('H2', '233', '36', '5');
INSERT INTO xmai_role2picklist VALUES ('H2', '234', '36', '6');
INSERT INTO xmai_role2picklist VALUES ('H2', '235', '37', '1');
INSERT INTO xmai_role2picklist VALUES ('H2', '236', '37', '2');
INSERT INTO xmai_role2picklist VALUES ('H2', '237', '38', '1');
INSERT INTO xmai_role2picklist VALUES ('H2', '238', '38', '2');
INSERT INTO xmai_role2picklist VALUES ('H2', '239', '38', '3');
INSERT INTO xmai_role2picklist VALUES ('H2', '240', '38', '4');
INSERT INTO xmai_role2picklist VALUES ('H2', '241', '39', '1');
INSERT INTO xmai_role2picklist VALUES ('H2', '242', '39', '2');
INSERT INTO xmai_role2picklist VALUES ('H2', '243', '39', '3');
INSERT INTO xmai_role2picklist VALUES ('H2', '244', '39', '4');
INSERT INTO xmai_role2picklist VALUES ('H2', '245', '40', '1');
INSERT INTO xmai_role2picklist VALUES ('H2', '246', '40', '2');
INSERT INTO xmai_role2picklist VALUES ('H2', '247', '40', '3');
INSERT INTO xmai_role2picklist VALUES ('H2', '248', '40', '4');
INSERT INTO xmai_role2picklist VALUES ('H2', '249', '41', '1');
INSERT INTO xmai_role2picklist VALUES ('H2', '250', '41', '2');
INSERT INTO xmai_role2picklist VALUES ('H2', '251', '41', '3');
INSERT INTO xmai_role2picklist VALUES ('H2', '252', '41', '4');
INSERT INTO xmai_role2picklist VALUES ('H2', '253', '41', '5');
INSERT INTO xmai_role2picklist VALUES ('H2', '254', '41', '6');
INSERT INTO xmai_role2picklist VALUES ('H2', '255', '41', '7');
INSERT INTO xmai_role2picklist VALUES ('H2', '256', '41', '8');
INSERT INTO xmai_role2picklist VALUES ('H2', '257', '41', '9');
INSERT INTO xmai_role2picklist VALUES ('H2', '258', '41', '10');
INSERT INTO xmai_role2picklist VALUES ('H2', '259', '41', '11');
INSERT INTO xmai_role2picklist VALUES ('H2', '260', '42', '1');
INSERT INTO xmai_role2picklist VALUES ('H2', '261', '42', '2');
INSERT INTO xmai_role2picklist VALUES ('H2', '262', '42', '3');
INSERT INTO xmai_role2picklist VALUES ('H2', '263', '42', '4');
INSERT INTO xmai_role2picklist VALUES ('H2', '264', '42', '5');
INSERT INTO xmai_role2picklist VALUES ('H2', '265', '42', '6');
INSERT INTO xmai_role2picklist VALUES ('H2', '266', '42', '7');
INSERT INTO xmai_role2picklist VALUES ('H2', '267', '42', '8');
INSERT INTO xmai_role2picklist VALUES ('H2', '268', '42', '9');
INSERT INTO xmai_role2picklist VALUES ('H2', '269', '43', '1');
INSERT INTO xmai_role2picklist VALUES ('H2', '270', '43', '2');
INSERT INTO xmai_role2picklist VALUES ('H2', '271', '43', '3');
INSERT INTO xmai_role2picklist VALUES ('H2', '272', '43', '4');
INSERT INTO xmai_role2picklist VALUES ('H2', '273', '44', '1');
INSERT INTO xmai_role2picklist VALUES ('H2', '274', '44', '2');
INSERT INTO xmai_role2picklist VALUES ('H2', '275', '44', '3');
INSERT INTO xmai_role2picklist VALUES ('H2', '276', '44', '4');
INSERT INTO xmai_role2picklist VALUES ('H2', '277', '45', '1');
INSERT INTO xmai_role2picklist VALUES ('H2', '278', '45', '2');
INSERT INTO xmai_role2picklist VALUES ('H2', '279', '45', '3');
INSERT INTO xmai_role2picklist VALUES ('H2', '280', '45', '4');
INSERT INTO xmai_role2picklist VALUES ('H2', '281', '45', '5');
INSERT INTO xmai_role2picklist VALUES ('H2', '282', '45', '6');
INSERT INTO xmai_role2picklist VALUES ('H2', '283', '45', '7');
INSERT INTO xmai_role2picklist VALUES ('H2', '284', '45', '8');
INSERT INTO xmai_role2picklist VALUES ('H2', '285', '45', '9');
INSERT INTO xmai_role2picklist VALUES ('H2', '286', '45', '10');
INSERT INTO xmai_role2picklist VALUES ('H2', '287', '45', '11');
INSERT INTO xmai_role2picklist VALUES ('H3', '1', '1', '0');
INSERT INTO xmai_role2picklist VALUES ('H3', '2', '1', '1');
INSERT INTO xmai_role2picklist VALUES ('H3', '3', '1', '2');
INSERT INTO xmai_role2picklist VALUES ('H3', '4', '1', '3');
INSERT INTO xmai_role2picklist VALUES ('H3', '5', '1', '4');
INSERT INTO xmai_role2picklist VALUES ('H3', '6', '1', '5');
INSERT INTO xmai_role2picklist VALUES ('H3', '7', '1', '6');
INSERT INTO xmai_role2picklist VALUES ('H3', '8', '1', '7');
INSERT INTO xmai_role2picklist VALUES ('H3', '9', '1', '8');
INSERT INTO xmai_role2picklist VALUES ('H3', '10', '1', '9');
INSERT INTO xmai_role2picklist VALUES ('H3', '11', '1', '10');
INSERT INTO xmai_role2picklist VALUES ('H3', '12', '2', '0');
INSERT INTO xmai_role2picklist VALUES ('H3', '13', '2', '1');
INSERT INTO xmai_role2picklist VALUES ('H3', '14', '3', '0');
INSERT INTO xmai_role2picklist VALUES ('H3', '15', '3', '1');
INSERT INTO xmai_role2picklist VALUES ('H3', '16', '3', '2');
INSERT INTO xmai_role2picklist VALUES ('H3', '17', '3', '3');
INSERT INTO xmai_role2picklist VALUES ('H3', '18', '3', '4');
INSERT INTO xmai_role2picklist VALUES ('H3', '19', '3', '5');
INSERT INTO xmai_role2picklist VALUES ('H3', '20', '4', '0');
INSERT INTO xmai_role2picklist VALUES ('H3', '21', '4', '1');
INSERT INTO xmai_role2picklist VALUES ('H3', '22', '4', '2');
INSERT INTO xmai_role2picklist VALUES ('H3', '23', '4', '3');
INSERT INTO xmai_role2picklist VALUES ('H3', '24', '4', '4');
INSERT INTO xmai_role2picklist VALUES ('H3', '25', '4', '5');
INSERT INTO xmai_role2picklist VALUES ('H3', '26', '4', '6');
INSERT INTO xmai_role2picklist VALUES ('H3', '27', '4', '7');
INSERT INTO xmai_role2picklist VALUES ('H3', '28', '4', '8');
INSERT INTO xmai_role2picklist VALUES ('H3', '29', '4', '9');
INSERT INTO xmai_role2picklist VALUES ('H3', '30', '4', '10');
INSERT INTO xmai_role2picklist VALUES ('H3', '31', '4', '11');
INSERT INTO xmai_role2picklist VALUES ('H3', '32', '4', '12');
INSERT INTO xmai_role2picklist VALUES ('H3', '33', '5', '0');
INSERT INTO xmai_role2picklist VALUES ('H3', '34', '5', '1');
INSERT INTO xmai_role2picklist VALUES ('H3', '35', '5', '2');
INSERT INTO xmai_role2picklist VALUES ('H3', '36', '5', '3');
INSERT INTO xmai_role2picklist VALUES ('H3', '37', '5', '4');
INSERT INTO xmai_role2picklist VALUES ('H3', '38', '6', '0');
INSERT INTO xmai_role2picklist VALUES ('H3', '39', '6', '1');
INSERT INTO xmai_role2picklist VALUES ('H3', '40', '6', '2');
INSERT INTO xmai_role2picklist VALUES ('H3', '41', '7', '0');
INSERT INTO xmai_role2picklist VALUES ('H3', '42', '7', '1');
INSERT INTO xmai_role2picklist VALUES ('H3', '43', '7', '2');
INSERT INTO xmai_role2picklist VALUES ('H3', '44', '7', '3');
INSERT INTO xmai_role2picklist VALUES ('H3', '45', '7', '4');
INSERT INTO xmai_role2picklist VALUES ('H3', '46', '8', '0');
INSERT INTO xmai_role2picklist VALUES ('H3', '47', '9', '0');
INSERT INTO xmai_role2picklist VALUES ('H3', '48', '9', '1');
INSERT INTO xmai_role2picklist VALUES ('H3', '49', '9', '2');
INSERT INTO xmai_role2picklist VALUES ('H3', '50', '9', '3');
INSERT INTO xmai_role2picklist VALUES ('H3', '51', '10', '0');
INSERT INTO xmai_role2picklist VALUES ('H3', '52', '10', '1');
INSERT INTO xmai_role2picklist VALUES ('H3', '53', '10', '2');
INSERT INTO xmai_role2picklist VALUES ('H3', '54', '10', '3');
INSERT INTO xmai_role2picklist VALUES ('H3', '55', '10', '4');
INSERT INTO xmai_role2picklist VALUES ('H3', '56', '10', '5');
INSERT INTO xmai_role2picklist VALUES ('H3', '57', '10', '6');
INSERT INTO xmai_role2picklist VALUES ('H3', '58', '10', '7');
INSERT INTO xmai_role2picklist VALUES ('H3', '59', '10', '8');
INSERT INTO xmai_role2picklist VALUES ('H3', '60', '11', '0');
INSERT INTO xmai_role2picklist VALUES ('H3', '61', '11', '1');
INSERT INTO xmai_role2picklist VALUES ('H3', '62', '11', '2');
INSERT INTO xmai_role2picklist VALUES ('H3', '63', '11', '3');
INSERT INTO xmai_role2picklist VALUES ('H3', '64', '11', '4');
INSERT INTO xmai_role2picklist VALUES ('H3', '65', '11', '5');
INSERT INTO xmai_role2picklist VALUES ('H3', '66', '11', '6');
INSERT INTO xmai_role2picklist VALUES ('H3', '67', '11', '7');
INSERT INTO xmai_role2picklist VALUES ('H3', '68', '11', '8');
INSERT INTO xmai_role2picklist VALUES ('H3', '69', '11', '9');
INSERT INTO xmai_role2picklist VALUES ('H3', '70', '11', '10');
INSERT INTO xmai_role2picklist VALUES ('H3', '71', '11', '11');
INSERT INTO xmai_role2picklist VALUES ('H3', '72', '11', '12');
INSERT INTO xmai_role2picklist VALUES ('H3', '73', '11', '13');
INSERT INTO xmai_role2picklist VALUES ('H3', '74', '11', '14');
INSERT INTO xmai_role2picklist VALUES ('H3', '75', '11', '15');
INSERT INTO xmai_role2picklist VALUES ('H3', '76', '11', '16');
INSERT INTO xmai_role2picklist VALUES ('H3', '77', '11', '17');
INSERT INTO xmai_role2picklist VALUES ('H3', '78', '11', '18');
INSERT INTO xmai_role2picklist VALUES ('H3', '79', '11', '19');
INSERT INTO xmai_role2picklist VALUES ('H3', '80', '11', '20');
INSERT INTO xmai_role2picklist VALUES ('H3', '81', '11', '21');
INSERT INTO xmai_role2picklist VALUES ('H3', '82', '11', '22');
INSERT INTO xmai_role2picklist VALUES ('H3', '83', '11', '23');
INSERT INTO xmai_role2picklist VALUES ('H3', '84', '11', '24');
INSERT INTO xmai_role2picklist VALUES ('H3', '85', '11', '25');
INSERT INTO xmai_role2picklist VALUES ('H3', '86', '11', '26');
INSERT INTO xmai_role2picklist VALUES ('H3', '87', '11', '27');
INSERT INTO xmai_role2picklist VALUES ('H3', '88', '11', '28');
INSERT INTO xmai_role2picklist VALUES ('H3', '89', '11', '29');
INSERT INTO xmai_role2picklist VALUES ('H3', '90', '11', '30');
INSERT INTO xmai_role2picklist VALUES ('H3', '91', '11', '31');
INSERT INTO xmai_role2picklist VALUES ('H3', '92', '12', '0');
INSERT INTO xmai_role2picklist VALUES ('H3', '93', '12', '1');
INSERT INTO xmai_role2picklist VALUES ('H3', '94', '12', '2');
INSERT INTO xmai_role2picklist VALUES ('H3', '95', '12', '3');
INSERT INTO xmai_role2picklist VALUES ('H3', '96', '12', '4');
INSERT INTO xmai_role2picklist VALUES ('H3', '97', '12', '5');
INSERT INTO xmai_role2picklist VALUES ('H3', '98', '13', '0');
INSERT INTO xmai_role2picklist VALUES ('H3', '99', '13', '1');
INSERT INTO xmai_role2picklist VALUES ('H3', '100', '13', '2');
INSERT INTO xmai_role2picklist VALUES ('H3', '101', '13', '3');
INSERT INTO xmai_role2picklist VALUES ('H3', '102', '13', '4');
INSERT INTO xmai_role2picklist VALUES ('H3', '103', '13', '5');
INSERT INTO xmai_role2picklist VALUES ('H3', '104', '13', '6');
INSERT INTO xmai_role2picklist VALUES ('H3', '105', '13', '7');
INSERT INTO xmai_role2picklist VALUES ('H3', '106', '13', '8');
INSERT INTO xmai_role2picklist VALUES ('H3', '107', '13', '9');
INSERT INTO xmai_role2picklist VALUES ('H3', '108', '13', '10');
INSERT INTO xmai_role2picklist VALUES ('H3', '109', '13', '11');
INSERT INTO xmai_role2picklist VALUES ('H3', '110', '13', '12');
INSERT INTO xmai_role2picklist VALUES ('H3', '111', '14', '0');
INSERT INTO xmai_role2picklist VALUES ('H3', '112', '14', '1');
INSERT INTO xmai_role2picklist VALUES ('H3', '113', '14', '2');
INSERT INTO xmai_role2picklist VALUES ('H3', '114', '14', '3');
INSERT INTO xmai_role2picklist VALUES ('H3', '115', '14', '4');
INSERT INTO xmai_role2picklist VALUES ('H3', '116', '14', '5');
INSERT INTO xmai_role2picklist VALUES ('H3', '117', '14', '6');
INSERT INTO xmai_role2picklist VALUES ('H3', '118', '14', '7');
INSERT INTO xmai_role2picklist VALUES ('H3', '119', '14', '8');
INSERT INTO xmai_role2picklist VALUES ('H3', '120', '14', '9');
INSERT INTO xmai_role2picklist VALUES ('H3', '121', '14', '10');
INSERT INTO xmai_role2picklist VALUES ('H3', '122', '14', '11');
INSERT INTO xmai_role2picklist VALUES ('H3', '123', '15', '0');
INSERT INTO xmai_role2picklist VALUES ('H3', '124', '15', '1');
INSERT INTO xmai_role2picklist VALUES ('H3', '125', '15', '2');
INSERT INTO xmai_role2picklist VALUES ('H3', '126', '15', '3');
INSERT INTO xmai_role2picklist VALUES ('H3', '127', '16', '0');
INSERT INTO xmai_role2picklist VALUES ('H3', '128', '16', '1');
INSERT INTO xmai_role2picklist VALUES ('H3', '129', '16', '2');
INSERT INTO xmai_role2picklist VALUES ('H3', '130', '17', '0');
INSERT INTO xmai_role2picklist VALUES ('H3', '131', '17', '1');
INSERT INTO xmai_role2picklist VALUES ('H3', '132', '17', '2');
INSERT INTO xmai_role2picklist VALUES ('H3', '133', '17', '3');
INSERT INTO xmai_role2picklist VALUES ('H3', '134', '17', '4');
INSERT INTO xmai_role2picklist VALUES ('H3', '135', '18', '0');
INSERT INTO xmai_role2picklist VALUES ('H3', '136', '18', '1');
INSERT INTO xmai_role2picklist VALUES ('H3', '137', '18', '2');
INSERT INTO xmai_role2picklist VALUES ('H3', '138', '18', '3');
INSERT INTO xmai_role2picklist VALUES ('H3', '139', '19', '0');
INSERT INTO xmai_role2picklist VALUES ('H3', '140', '19', '1');
INSERT INTO xmai_role2picklist VALUES ('H3', '141', '19', '2');
INSERT INTO xmai_role2picklist VALUES ('H3', '142', '19', '3');
INSERT INTO xmai_role2picklist VALUES ('H3', '143', '19', '4');
INSERT INTO xmai_role2picklist VALUES ('H3', '144', '20', '0');
INSERT INTO xmai_role2picklist VALUES ('H3', '145', '20', '1');
INSERT INTO xmai_role2picklist VALUES ('H3', '146', '20', '2');
INSERT INTO xmai_role2picklist VALUES ('H3', '147', '20', '3');
INSERT INTO xmai_role2picklist VALUES ('H3', '148', '20', '4');
INSERT INTO xmai_role2picklist VALUES ('H3', '149', '20', '5');
INSERT INTO xmai_role2picklist VALUES ('H3', '150', '21', '0');
INSERT INTO xmai_role2picklist VALUES ('H3', '151', '21', '1');
INSERT INTO xmai_role2picklist VALUES ('H3', '152', '21', '2');
INSERT INTO xmai_role2picklist VALUES ('H3', '153', '21', '3');
INSERT INTO xmai_role2picklist VALUES ('H3', '154', '21', '4');
INSERT INTO xmai_role2picklist VALUES ('H3', '155', '21', '5');
INSERT INTO xmai_role2picklist VALUES ('H3', '156', '21', '6');
INSERT INTO xmai_role2picklist VALUES ('H3', '157', '21', '7');
INSERT INTO xmai_role2picklist VALUES ('H3', '158', '21', '8');
INSERT INTO xmai_role2picklist VALUES ('H3', '159', '21', '9');
INSERT INTO xmai_role2picklist VALUES ('H3', '160', '22', '0');
INSERT INTO xmai_role2picklist VALUES ('H3', '161', '22', '1');
INSERT INTO xmai_role2picklist VALUES ('H3', '162', '22', '2');
INSERT INTO xmai_role2picklist VALUES ('H3', '163', '22', '3');
INSERT INTO xmai_role2picklist VALUES ('H3', '164', '22', '4');
INSERT INTO xmai_role2picklist VALUES ('H3', '165', '22', '5');
INSERT INTO xmai_role2picklist VALUES ('H3', '166', '23', '0');
INSERT INTO xmai_role2picklist VALUES ('H3', '167', '23', '1');
INSERT INTO xmai_role2picklist VALUES ('H3', '168', '23', '2');
INSERT INTO xmai_role2picklist VALUES ('H3', '169', '23', '3');
INSERT INTO xmai_role2picklist VALUES ('H3', '170', '24', '0');
INSERT INTO xmai_role2picklist VALUES ('H3', '171', '24', '1');
INSERT INTO xmai_role2picklist VALUES ('H3', '172', '24', '2');
INSERT INTO xmai_role2picklist VALUES ('H3', '173', '25', '0');
INSERT INTO xmai_role2picklist VALUES ('H3', '174', '25', '1');
INSERT INTO xmai_role2picklist VALUES ('H3', '175', '25', '2');
INSERT INTO xmai_role2picklist VALUES ('H3', '176', '25', '3');
INSERT INTO xmai_role2picklist VALUES ('H3', '177', '25', '4');
INSERT INTO xmai_role2picklist VALUES ('H3', '178', '25', '5');
INSERT INTO xmai_role2picklist VALUES ('H3', '179', '26', '0');
INSERT INTO xmai_role2picklist VALUES ('H3', '180', '26', '1');
INSERT INTO xmai_role2picklist VALUES ('H3', '181', '26', '2');
INSERT INTO xmai_role2picklist VALUES ('H3', '182', '27', '0');
INSERT INTO xmai_role2picklist VALUES ('H3', '183', '27', '1');
INSERT INTO xmai_role2picklist VALUES ('H3', '184', '27', '2');
INSERT INTO xmai_role2picklist VALUES ('H3', '185', '27', '3');
INSERT INTO xmai_role2picklist VALUES ('H3', '186', '28', '0');
INSERT INTO xmai_role2picklist VALUES ('H3', '187', '28', '1');
INSERT INTO xmai_role2picklist VALUES ('H3', '188', '28', '2');
INSERT INTO xmai_role2picklist VALUES ('H3', '189', '28', '3');
INSERT INTO xmai_role2picklist VALUES ('H3', '190', '29', '0');
INSERT INTO xmai_role2picklist VALUES ('H3', '191', '29', '1');
INSERT INTO xmai_role2picklist VALUES ('H3', '192', '29', '2');
INSERT INTO xmai_role2picklist VALUES ('H3', '193', '29', '3');
INSERT INTO xmai_role2picklist VALUES ('H3', '194', '30', '0');
INSERT INTO xmai_role2picklist VALUES ('H3', '195', '30', '1');
INSERT INTO xmai_role2picklist VALUES ('H3', '196', '30', '2');
INSERT INTO xmai_role2picklist VALUES ('H3', '197', '30', '3');
INSERT INTO xmai_role2picklist VALUES ('H3', '198', '30', '4');
INSERT INTO xmai_role2picklist VALUES ('H3', '199', '30', '5');
INSERT INTO xmai_role2picklist VALUES ('H3', '200', '30', '6');
INSERT INTO xmai_role2picklist VALUES ('H3', '201', '30', '7');
INSERT INTO xmai_role2picklist VALUES ('H3', '202', '30', '8');
INSERT INTO xmai_role2picklist VALUES ('H3', '203', '30', '9');
INSERT INTO xmai_role2picklist VALUES ('H3', '204', '30', '10');
INSERT INTO xmai_role2picklist VALUES ('H3', '205', '30', '11');
INSERT INTO xmai_role2picklist VALUES ('H3', '206', '30', '12');
INSERT INTO xmai_role2picklist VALUES ('H3', '207', '30', '13');
INSERT INTO xmai_role2picklist VALUES ('H3', '208', '30', '14');
INSERT INTO xmai_role2picklist VALUES ('H3', '209', '30', '15');
INSERT INTO xmai_role2picklist VALUES ('H3', '210', '31', '1');
INSERT INTO xmai_role2picklist VALUES ('H3', '211', '31', '2');
INSERT INTO xmai_role2picklist VALUES ('H3', '212', '31', '3');
INSERT INTO xmai_role2picklist VALUES ('H3', '213', '31', '4');
INSERT INTO xmai_role2picklist VALUES ('H3', '214', '32', '1');
INSERT INTO xmai_role2picklist VALUES ('H3', '215', '32', '2');
INSERT INTO xmai_role2picklist VALUES ('H3', '216', '32', '3');
INSERT INTO xmai_role2picklist VALUES ('H3', '217', '32', '4');
INSERT INTO xmai_role2picklist VALUES ('H3', '218', '32', '5');
INSERT INTO xmai_role2picklist VALUES ('H3', '219', '32', '6');
INSERT INTO xmai_role2picklist VALUES ('H3', '220', '33', '1');
INSERT INTO xmai_role2picklist VALUES ('H3', '221', '33', '2');
INSERT INTO xmai_role2picklist VALUES ('H3', '222', '33', '3');
INSERT INTO xmai_role2picklist VALUES ('H3', '223', '34', '1');
INSERT INTO xmai_role2picklist VALUES ('H3', '224', '34', '2');
INSERT INTO xmai_role2picklist VALUES ('H3', '225', '34', '3');
INSERT INTO xmai_role2picklist VALUES ('H3', '226', '35', '1');
INSERT INTO xmai_role2picklist VALUES ('H3', '227', '35', '2');
INSERT INTO xmai_role2picklist VALUES ('H3', '228', '35', '3');
INSERT INTO xmai_role2picklist VALUES ('H3', '229', '36', '1');
INSERT INTO xmai_role2picklist VALUES ('H3', '230', '36', '2');
INSERT INTO xmai_role2picklist VALUES ('H3', '231', '36', '3');
INSERT INTO xmai_role2picklist VALUES ('H3', '232', '36', '4');
INSERT INTO xmai_role2picklist VALUES ('H3', '233', '36', '5');
INSERT INTO xmai_role2picklist VALUES ('H3', '234', '36', '6');
INSERT INTO xmai_role2picklist VALUES ('H3', '235', '37', '1');
INSERT INTO xmai_role2picklist VALUES ('H3', '236', '37', '2');
INSERT INTO xmai_role2picklist VALUES ('H3', '237', '38', '1');
INSERT INTO xmai_role2picklist VALUES ('H3', '238', '38', '2');
INSERT INTO xmai_role2picklist VALUES ('H3', '239', '38', '3');
INSERT INTO xmai_role2picklist VALUES ('H3', '240', '38', '4');
INSERT INTO xmai_role2picklist VALUES ('H3', '241', '39', '1');
INSERT INTO xmai_role2picklist VALUES ('H3', '242', '39', '2');
INSERT INTO xmai_role2picklist VALUES ('H3', '243', '39', '3');
INSERT INTO xmai_role2picklist VALUES ('H3', '244', '39', '4');
INSERT INTO xmai_role2picklist VALUES ('H3', '245', '40', '1');
INSERT INTO xmai_role2picklist VALUES ('H3', '246', '40', '2');
INSERT INTO xmai_role2picklist VALUES ('H3', '247', '40', '3');
INSERT INTO xmai_role2picklist VALUES ('H3', '248', '40', '4');
INSERT INTO xmai_role2picklist VALUES ('H3', '249', '41', '1');
INSERT INTO xmai_role2picklist VALUES ('H3', '250', '41', '2');
INSERT INTO xmai_role2picklist VALUES ('H3', '251', '41', '3');
INSERT INTO xmai_role2picklist VALUES ('H3', '252', '41', '4');
INSERT INTO xmai_role2picklist VALUES ('H3', '253', '41', '5');
INSERT INTO xmai_role2picklist VALUES ('H3', '254', '41', '6');
INSERT INTO xmai_role2picklist VALUES ('H3', '255', '41', '7');
INSERT INTO xmai_role2picklist VALUES ('H3', '256', '41', '8');
INSERT INTO xmai_role2picklist VALUES ('H3', '257', '41', '9');
INSERT INTO xmai_role2picklist VALUES ('H3', '258', '41', '10');
INSERT INTO xmai_role2picklist VALUES ('H3', '259', '41', '11');
INSERT INTO xmai_role2picklist VALUES ('H3', '260', '42', '1');
INSERT INTO xmai_role2picklist VALUES ('H3', '261', '42', '2');
INSERT INTO xmai_role2picklist VALUES ('H3', '262', '42', '3');
INSERT INTO xmai_role2picklist VALUES ('H3', '263', '42', '4');
INSERT INTO xmai_role2picklist VALUES ('H3', '264', '42', '5');
INSERT INTO xmai_role2picklist VALUES ('H3', '265', '42', '6');
INSERT INTO xmai_role2picklist VALUES ('H3', '266', '42', '7');
INSERT INTO xmai_role2picklist VALUES ('H3', '267', '42', '8');
INSERT INTO xmai_role2picklist VALUES ('H3', '268', '42', '9');
INSERT INTO xmai_role2picklist VALUES ('H3', '269', '43', '1');
INSERT INTO xmai_role2picklist VALUES ('H3', '270', '43', '2');
INSERT INTO xmai_role2picklist VALUES ('H3', '271', '43', '3');
INSERT INTO xmai_role2picklist VALUES ('H3', '272', '43', '4');
INSERT INTO xmai_role2picklist VALUES ('H3', '273', '44', '1');
INSERT INTO xmai_role2picklist VALUES ('H3', '274', '44', '2');
INSERT INTO xmai_role2picklist VALUES ('H3', '275', '44', '3');
INSERT INTO xmai_role2picklist VALUES ('H3', '276', '44', '4');
INSERT INTO xmai_role2picklist VALUES ('H3', '277', '45', '1');
INSERT INTO xmai_role2picklist VALUES ('H3', '278', '45', '2');
INSERT INTO xmai_role2picklist VALUES ('H3', '279', '45', '3');
INSERT INTO xmai_role2picklist VALUES ('H3', '280', '45', '4');
INSERT INTO xmai_role2picklist VALUES ('H3', '281', '45', '5');
INSERT INTO xmai_role2picklist VALUES ('H3', '282', '45', '6');
INSERT INTO xmai_role2picklist VALUES ('H3', '283', '45', '7');
INSERT INTO xmai_role2picklist VALUES ('H3', '284', '45', '8');
INSERT INTO xmai_role2picklist VALUES ('H3', '285', '45', '9');
INSERT INTO xmai_role2picklist VALUES ('H3', '286', '45', '10');
INSERT INTO xmai_role2picklist VALUES ('H3', '287', '45', '11');
INSERT INTO xmai_role2picklist VALUES ('H4', '1', '1', '0');
INSERT INTO xmai_role2picklist VALUES ('H4', '2', '1', '1');
INSERT INTO xmai_role2picklist VALUES ('H4', '3', '1', '2');
INSERT INTO xmai_role2picklist VALUES ('H4', '4', '1', '3');
INSERT INTO xmai_role2picklist VALUES ('H4', '5', '1', '4');
INSERT INTO xmai_role2picklist VALUES ('H4', '6', '1', '5');
INSERT INTO xmai_role2picklist VALUES ('H4', '7', '1', '6');
INSERT INTO xmai_role2picklist VALUES ('H4', '8', '1', '7');
INSERT INTO xmai_role2picklist VALUES ('H4', '9', '1', '8');
INSERT INTO xmai_role2picklist VALUES ('H4', '10', '1', '9');
INSERT INTO xmai_role2picklist VALUES ('H4', '11', '1', '10');
INSERT INTO xmai_role2picklist VALUES ('H4', '12', '2', '0');
INSERT INTO xmai_role2picklist VALUES ('H4', '13', '2', '1');
INSERT INTO xmai_role2picklist VALUES ('H4', '14', '3', '0');
INSERT INTO xmai_role2picklist VALUES ('H4', '15', '3', '1');
INSERT INTO xmai_role2picklist VALUES ('H4', '16', '3', '2');
INSERT INTO xmai_role2picklist VALUES ('H4', '17', '3', '3');
INSERT INTO xmai_role2picklist VALUES ('H4', '18', '3', '4');
INSERT INTO xmai_role2picklist VALUES ('H4', '19', '3', '5');
INSERT INTO xmai_role2picklist VALUES ('H4', '20', '4', '0');
INSERT INTO xmai_role2picklist VALUES ('H4', '21', '4', '1');
INSERT INTO xmai_role2picklist VALUES ('H4', '22', '4', '2');
INSERT INTO xmai_role2picklist VALUES ('H4', '23', '4', '3');
INSERT INTO xmai_role2picklist VALUES ('H4', '24', '4', '4');
INSERT INTO xmai_role2picklist VALUES ('H4', '25', '4', '5');
INSERT INTO xmai_role2picklist VALUES ('H4', '26', '4', '6');
INSERT INTO xmai_role2picklist VALUES ('H4', '27', '4', '7');
INSERT INTO xmai_role2picklist VALUES ('H4', '28', '4', '8');
INSERT INTO xmai_role2picklist VALUES ('H4', '29', '4', '9');
INSERT INTO xmai_role2picklist VALUES ('H4', '30', '4', '10');
INSERT INTO xmai_role2picklist VALUES ('H4', '31', '4', '11');
INSERT INTO xmai_role2picklist VALUES ('H4', '32', '4', '12');
INSERT INTO xmai_role2picklist VALUES ('H4', '33', '5', '0');
INSERT INTO xmai_role2picklist VALUES ('H4', '34', '5', '1');
INSERT INTO xmai_role2picklist VALUES ('H4', '35', '5', '2');
INSERT INTO xmai_role2picklist VALUES ('H4', '36', '5', '3');
INSERT INTO xmai_role2picklist VALUES ('H4', '37', '5', '4');
INSERT INTO xmai_role2picklist VALUES ('H4', '38', '6', '0');
INSERT INTO xmai_role2picklist VALUES ('H4', '39', '6', '1');
INSERT INTO xmai_role2picklist VALUES ('H4', '40', '6', '2');
INSERT INTO xmai_role2picklist VALUES ('H4', '41', '7', '0');
INSERT INTO xmai_role2picklist VALUES ('H4', '42', '7', '1');
INSERT INTO xmai_role2picklist VALUES ('H4', '43', '7', '2');
INSERT INTO xmai_role2picklist VALUES ('H4', '44', '7', '3');
INSERT INTO xmai_role2picklist VALUES ('H4', '45', '7', '4');
INSERT INTO xmai_role2picklist VALUES ('H4', '46', '8', '0');
INSERT INTO xmai_role2picklist VALUES ('H4', '47', '9', '0');
INSERT INTO xmai_role2picklist VALUES ('H4', '48', '9', '1');
INSERT INTO xmai_role2picklist VALUES ('H4', '49', '9', '2');
INSERT INTO xmai_role2picklist VALUES ('H4', '50', '9', '3');
INSERT INTO xmai_role2picklist VALUES ('H4', '51', '10', '0');
INSERT INTO xmai_role2picklist VALUES ('H4', '52', '10', '1');
INSERT INTO xmai_role2picklist VALUES ('H4', '53', '10', '2');
INSERT INTO xmai_role2picklist VALUES ('H4', '54', '10', '3');
INSERT INTO xmai_role2picklist VALUES ('H4', '55', '10', '4');
INSERT INTO xmai_role2picklist VALUES ('H4', '56', '10', '5');
INSERT INTO xmai_role2picklist VALUES ('H4', '57', '10', '6');
INSERT INTO xmai_role2picklist VALUES ('H4', '58', '10', '7');
INSERT INTO xmai_role2picklist VALUES ('H4', '59', '10', '8');
INSERT INTO xmai_role2picklist VALUES ('H4', '60', '11', '0');
INSERT INTO xmai_role2picklist VALUES ('H4', '61', '11', '1');
INSERT INTO xmai_role2picklist VALUES ('H4', '62', '11', '2');
INSERT INTO xmai_role2picklist VALUES ('H4', '63', '11', '3');
INSERT INTO xmai_role2picklist VALUES ('H4', '64', '11', '4');
INSERT INTO xmai_role2picklist VALUES ('H4', '65', '11', '5');
INSERT INTO xmai_role2picklist VALUES ('H4', '66', '11', '6');
INSERT INTO xmai_role2picklist VALUES ('H4', '67', '11', '7');
INSERT INTO xmai_role2picklist VALUES ('H4', '68', '11', '8');
INSERT INTO xmai_role2picklist VALUES ('H4', '69', '11', '9');
INSERT INTO xmai_role2picklist VALUES ('H4', '70', '11', '10');
INSERT INTO xmai_role2picklist VALUES ('H4', '71', '11', '11');
INSERT INTO xmai_role2picklist VALUES ('H4', '72', '11', '12');
INSERT INTO xmai_role2picklist VALUES ('H4', '73', '11', '13');
INSERT INTO xmai_role2picklist VALUES ('H4', '74', '11', '14');
INSERT INTO xmai_role2picklist VALUES ('H4', '75', '11', '15');
INSERT INTO xmai_role2picklist VALUES ('H4', '76', '11', '16');
INSERT INTO xmai_role2picklist VALUES ('H4', '77', '11', '17');
INSERT INTO xmai_role2picklist VALUES ('H4', '78', '11', '18');
INSERT INTO xmai_role2picklist VALUES ('H4', '79', '11', '19');
INSERT INTO xmai_role2picklist VALUES ('H4', '80', '11', '20');
INSERT INTO xmai_role2picklist VALUES ('H4', '81', '11', '21');
INSERT INTO xmai_role2picklist VALUES ('H4', '82', '11', '22');
INSERT INTO xmai_role2picklist VALUES ('H4', '83', '11', '23');
INSERT INTO xmai_role2picklist VALUES ('H4', '84', '11', '24');
INSERT INTO xmai_role2picklist VALUES ('H4', '85', '11', '25');
INSERT INTO xmai_role2picklist VALUES ('H4', '86', '11', '26');
INSERT INTO xmai_role2picklist VALUES ('H4', '87', '11', '27');
INSERT INTO xmai_role2picklist VALUES ('H4', '88', '11', '28');
INSERT INTO xmai_role2picklist VALUES ('H4', '89', '11', '29');
INSERT INTO xmai_role2picklist VALUES ('H4', '90', '11', '30');
INSERT INTO xmai_role2picklist VALUES ('H4', '91', '11', '31');
INSERT INTO xmai_role2picklist VALUES ('H4', '92', '12', '0');
INSERT INTO xmai_role2picklist VALUES ('H4', '93', '12', '1');
INSERT INTO xmai_role2picklist VALUES ('H4', '94', '12', '2');
INSERT INTO xmai_role2picklist VALUES ('H4', '95', '12', '3');
INSERT INTO xmai_role2picklist VALUES ('H4', '96', '12', '4');
INSERT INTO xmai_role2picklist VALUES ('H4', '97', '12', '5');
INSERT INTO xmai_role2picklist VALUES ('H4', '98', '13', '0');
INSERT INTO xmai_role2picklist VALUES ('H4', '99', '13', '1');
INSERT INTO xmai_role2picklist VALUES ('H4', '100', '13', '2');
INSERT INTO xmai_role2picklist VALUES ('H4', '101', '13', '3');
INSERT INTO xmai_role2picklist VALUES ('H4', '102', '13', '4');
INSERT INTO xmai_role2picklist VALUES ('H4', '103', '13', '5');
INSERT INTO xmai_role2picklist VALUES ('H4', '104', '13', '6');
INSERT INTO xmai_role2picklist VALUES ('H4', '105', '13', '7');
INSERT INTO xmai_role2picklist VALUES ('H4', '106', '13', '8');
INSERT INTO xmai_role2picklist VALUES ('H4', '107', '13', '9');
INSERT INTO xmai_role2picklist VALUES ('H4', '108', '13', '10');
INSERT INTO xmai_role2picklist VALUES ('H4', '109', '13', '11');
INSERT INTO xmai_role2picklist VALUES ('H4', '110', '13', '12');
INSERT INTO xmai_role2picklist VALUES ('H4', '111', '14', '0');
INSERT INTO xmai_role2picklist VALUES ('H4', '112', '14', '1');
INSERT INTO xmai_role2picklist VALUES ('H4', '113', '14', '2');
INSERT INTO xmai_role2picklist VALUES ('H4', '114', '14', '3');
INSERT INTO xmai_role2picklist VALUES ('H4', '115', '14', '4');
INSERT INTO xmai_role2picklist VALUES ('H4', '116', '14', '5');
INSERT INTO xmai_role2picklist VALUES ('H4', '117', '14', '6');
INSERT INTO xmai_role2picklist VALUES ('H4', '118', '14', '7');
INSERT INTO xmai_role2picklist VALUES ('H4', '119', '14', '8');
INSERT INTO xmai_role2picklist VALUES ('H4', '120', '14', '9');
INSERT INTO xmai_role2picklist VALUES ('H4', '121', '14', '10');
INSERT INTO xmai_role2picklist VALUES ('H4', '122', '14', '11');
INSERT INTO xmai_role2picklist VALUES ('H4', '123', '15', '0');
INSERT INTO xmai_role2picklist VALUES ('H4', '124', '15', '1');
INSERT INTO xmai_role2picklist VALUES ('H4', '125', '15', '2');
INSERT INTO xmai_role2picklist VALUES ('H4', '126', '15', '3');
INSERT INTO xmai_role2picklist VALUES ('H4', '127', '16', '0');
INSERT INTO xmai_role2picklist VALUES ('H4', '128', '16', '1');
INSERT INTO xmai_role2picklist VALUES ('H4', '129', '16', '2');
INSERT INTO xmai_role2picklist VALUES ('H4', '130', '17', '0');
INSERT INTO xmai_role2picklist VALUES ('H4', '131', '17', '1');
INSERT INTO xmai_role2picklist VALUES ('H4', '132', '17', '2');
INSERT INTO xmai_role2picklist VALUES ('H4', '133', '17', '3');
INSERT INTO xmai_role2picklist VALUES ('H4', '134', '17', '4');
INSERT INTO xmai_role2picklist VALUES ('H4', '135', '18', '0');
INSERT INTO xmai_role2picklist VALUES ('H4', '136', '18', '1');
INSERT INTO xmai_role2picklist VALUES ('H4', '137', '18', '2');
INSERT INTO xmai_role2picklist VALUES ('H4', '138', '18', '3');
INSERT INTO xmai_role2picklist VALUES ('H4', '139', '19', '0');
INSERT INTO xmai_role2picklist VALUES ('H4', '140', '19', '1');
INSERT INTO xmai_role2picklist VALUES ('H4', '141', '19', '2');
INSERT INTO xmai_role2picklist VALUES ('H4', '142', '19', '3');
INSERT INTO xmai_role2picklist VALUES ('H4', '143', '19', '4');
INSERT INTO xmai_role2picklist VALUES ('H4', '144', '20', '0');
INSERT INTO xmai_role2picklist VALUES ('H4', '145', '20', '1');
INSERT INTO xmai_role2picklist VALUES ('H4', '146', '20', '2');
INSERT INTO xmai_role2picklist VALUES ('H4', '147', '20', '3');
INSERT INTO xmai_role2picklist VALUES ('H4', '148', '20', '4');
INSERT INTO xmai_role2picklist VALUES ('H4', '149', '20', '5');
INSERT INTO xmai_role2picklist VALUES ('H4', '150', '21', '0');
INSERT INTO xmai_role2picklist VALUES ('H4', '151', '21', '1');
INSERT INTO xmai_role2picklist VALUES ('H4', '152', '21', '2');
INSERT INTO xmai_role2picklist VALUES ('H4', '153', '21', '3');
INSERT INTO xmai_role2picklist VALUES ('H4', '154', '21', '4');
INSERT INTO xmai_role2picklist VALUES ('H4', '155', '21', '5');
INSERT INTO xmai_role2picklist VALUES ('H4', '156', '21', '6');
INSERT INTO xmai_role2picklist VALUES ('H4', '157', '21', '7');
INSERT INTO xmai_role2picklist VALUES ('H4', '158', '21', '8');
INSERT INTO xmai_role2picklist VALUES ('H4', '159', '21', '9');
INSERT INTO xmai_role2picklist VALUES ('H4', '160', '22', '0');
INSERT INTO xmai_role2picklist VALUES ('H4', '161', '22', '1');
INSERT INTO xmai_role2picklist VALUES ('H4', '162', '22', '2');
INSERT INTO xmai_role2picklist VALUES ('H4', '163', '22', '3');
INSERT INTO xmai_role2picklist VALUES ('H4', '164', '22', '4');
INSERT INTO xmai_role2picklist VALUES ('H4', '165', '22', '5');
INSERT INTO xmai_role2picklist VALUES ('H4', '166', '23', '0');
INSERT INTO xmai_role2picklist VALUES ('H4', '167', '23', '1');
INSERT INTO xmai_role2picklist VALUES ('H4', '168', '23', '2');
INSERT INTO xmai_role2picklist VALUES ('H4', '169', '23', '3');
INSERT INTO xmai_role2picklist VALUES ('H4', '170', '24', '0');
INSERT INTO xmai_role2picklist VALUES ('H4', '171', '24', '1');
INSERT INTO xmai_role2picklist VALUES ('H4', '172', '24', '2');
INSERT INTO xmai_role2picklist VALUES ('H4', '173', '25', '0');
INSERT INTO xmai_role2picklist VALUES ('H4', '174', '25', '1');
INSERT INTO xmai_role2picklist VALUES ('H4', '175', '25', '2');
INSERT INTO xmai_role2picklist VALUES ('H4', '176', '25', '3');
INSERT INTO xmai_role2picklist VALUES ('H4', '177', '25', '4');
INSERT INTO xmai_role2picklist VALUES ('H4', '178', '25', '5');
INSERT INTO xmai_role2picklist VALUES ('H4', '179', '26', '0');
INSERT INTO xmai_role2picklist VALUES ('H4', '180', '26', '1');
INSERT INTO xmai_role2picklist VALUES ('H4', '181', '26', '2');
INSERT INTO xmai_role2picklist VALUES ('H4', '182', '27', '0');
INSERT INTO xmai_role2picklist VALUES ('H4', '183', '27', '1');
INSERT INTO xmai_role2picklist VALUES ('H4', '184', '27', '2');
INSERT INTO xmai_role2picklist VALUES ('H4', '185', '27', '3');
INSERT INTO xmai_role2picklist VALUES ('H4', '186', '28', '0');
INSERT INTO xmai_role2picklist VALUES ('H4', '187', '28', '1');
INSERT INTO xmai_role2picklist VALUES ('H4', '188', '28', '2');
INSERT INTO xmai_role2picklist VALUES ('H4', '189', '28', '3');
INSERT INTO xmai_role2picklist VALUES ('H4', '190', '29', '0');
INSERT INTO xmai_role2picklist VALUES ('H4', '191', '29', '1');
INSERT INTO xmai_role2picklist VALUES ('H4', '192', '29', '2');
INSERT INTO xmai_role2picklist VALUES ('H4', '193', '29', '3');
INSERT INTO xmai_role2picklist VALUES ('H4', '194', '30', '0');
INSERT INTO xmai_role2picklist VALUES ('H4', '195', '30', '1');
INSERT INTO xmai_role2picklist VALUES ('H4', '196', '30', '2');
INSERT INTO xmai_role2picklist VALUES ('H4', '197', '30', '3');
INSERT INTO xmai_role2picklist VALUES ('H4', '198', '30', '4');
INSERT INTO xmai_role2picklist VALUES ('H4', '199', '30', '5');
INSERT INTO xmai_role2picklist VALUES ('H4', '200', '30', '6');
INSERT INTO xmai_role2picklist VALUES ('H4', '201', '30', '7');
INSERT INTO xmai_role2picklist VALUES ('H4', '202', '30', '8');
INSERT INTO xmai_role2picklist VALUES ('H4', '203', '30', '9');
INSERT INTO xmai_role2picklist VALUES ('H4', '204', '30', '10');
INSERT INTO xmai_role2picklist VALUES ('H4', '205', '30', '11');
INSERT INTO xmai_role2picklist VALUES ('H4', '206', '30', '12');
INSERT INTO xmai_role2picklist VALUES ('H4', '207', '30', '13');
INSERT INTO xmai_role2picklist VALUES ('H4', '208', '30', '14');
INSERT INTO xmai_role2picklist VALUES ('H4', '209', '30', '15');
INSERT INTO xmai_role2picklist VALUES ('H4', '210', '31', '1');
INSERT INTO xmai_role2picklist VALUES ('H4', '211', '31', '2');
INSERT INTO xmai_role2picklist VALUES ('H4', '212', '31', '3');
INSERT INTO xmai_role2picklist VALUES ('H4', '213', '31', '4');
INSERT INTO xmai_role2picklist VALUES ('H4', '214', '32', '1');
INSERT INTO xmai_role2picklist VALUES ('H4', '215', '32', '2');
INSERT INTO xmai_role2picklist VALUES ('H4', '216', '32', '3');
INSERT INTO xmai_role2picklist VALUES ('H4', '217', '32', '4');
INSERT INTO xmai_role2picklist VALUES ('H4', '218', '32', '5');
INSERT INTO xmai_role2picklist VALUES ('H4', '219', '32', '6');
INSERT INTO xmai_role2picklist VALUES ('H4', '220', '33', '1');
INSERT INTO xmai_role2picklist VALUES ('H4', '221', '33', '2');
INSERT INTO xmai_role2picklist VALUES ('H4', '222', '33', '3');
INSERT INTO xmai_role2picklist VALUES ('H4', '223', '34', '1');
INSERT INTO xmai_role2picklist VALUES ('H4', '224', '34', '2');
INSERT INTO xmai_role2picklist VALUES ('H4', '225', '34', '3');
INSERT INTO xmai_role2picklist VALUES ('H4', '226', '35', '1');
INSERT INTO xmai_role2picklist VALUES ('H4', '227', '35', '2');
INSERT INTO xmai_role2picklist VALUES ('H4', '228', '35', '3');
INSERT INTO xmai_role2picklist VALUES ('H4', '229', '36', '1');
INSERT INTO xmai_role2picklist VALUES ('H4', '230', '36', '2');
INSERT INTO xmai_role2picklist VALUES ('H4', '231', '36', '3');
INSERT INTO xmai_role2picklist VALUES ('H4', '232', '36', '4');
INSERT INTO xmai_role2picklist VALUES ('H4', '233', '36', '5');
INSERT INTO xmai_role2picklist VALUES ('H4', '234', '36', '6');
INSERT INTO xmai_role2picklist VALUES ('H4', '235', '37', '1');
INSERT INTO xmai_role2picklist VALUES ('H4', '236', '37', '2');
INSERT INTO xmai_role2picklist VALUES ('H4', '237', '38', '1');
INSERT INTO xmai_role2picklist VALUES ('H4', '238', '38', '2');
INSERT INTO xmai_role2picklist VALUES ('H4', '239', '38', '3');
INSERT INTO xmai_role2picklist VALUES ('H4', '240', '38', '4');
INSERT INTO xmai_role2picklist VALUES ('H4', '241', '39', '1');
INSERT INTO xmai_role2picklist VALUES ('H4', '242', '39', '2');
INSERT INTO xmai_role2picklist VALUES ('H4', '243', '39', '3');
INSERT INTO xmai_role2picklist VALUES ('H4', '244', '39', '4');
INSERT INTO xmai_role2picklist VALUES ('H4', '245', '40', '1');
INSERT INTO xmai_role2picklist VALUES ('H4', '246', '40', '2');
INSERT INTO xmai_role2picklist VALUES ('H4', '247', '40', '3');
INSERT INTO xmai_role2picklist VALUES ('H4', '248', '40', '4');
INSERT INTO xmai_role2picklist VALUES ('H4', '249', '41', '1');
INSERT INTO xmai_role2picklist VALUES ('H4', '250', '41', '2');
INSERT INTO xmai_role2picklist VALUES ('H4', '251', '41', '3');
INSERT INTO xmai_role2picklist VALUES ('H4', '252', '41', '4');
INSERT INTO xmai_role2picklist VALUES ('H4', '253', '41', '5');
INSERT INTO xmai_role2picklist VALUES ('H4', '254', '41', '6');
INSERT INTO xmai_role2picklist VALUES ('H4', '255', '41', '7');
INSERT INTO xmai_role2picklist VALUES ('H4', '256', '41', '8');
INSERT INTO xmai_role2picklist VALUES ('H4', '257', '41', '9');
INSERT INTO xmai_role2picklist VALUES ('H4', '258', '41', '10');
INSERT INTO xmai_role2picklist VALUES ('H4', '259', '41', '11');
INSERT INTO xmai_role2picklist VALUES ('H4', '260', '42', '1');
INSERT INTO xmai_role2picklist VALUES ('H4', '261', '42', '2');
INSERT INTO xmai_role2picklist VALUES ('H4', '262', '42', '3');
INSERT INTO xmai_role2picklist VALUES ('H4', '263', '42', '4');
INSERT INTO xmai_role2picklist VALUES ('H4', '264', '42', '5');
INSERT INTO xmai_role2picklist VALUES ('H4', '265', '42', '6');
INSERT INTO xmai_role2picklist VALUES ('H4', '266', '42', '7');
INSERT INTO xmai_role2picklist VALUES ('H4', '267', '42', '8');
INSERT INTO xmai_role2picklist VALUES ('H4', '268', '42', '9');
INSERT INTO xmai_role2picklist VALUES ('H4', '269', '43', '1');
INSERT INTO xmai_role2picklist VALUES ('H4', '270', '43', '2');
INSERT INTO xmai_role2picklist VALUES ('H4', '271', '43', '3');
INSERT INTO xmai_role2picklist VALUES ('H4', '272', '43', '4');
INSERT INTO xmai_role2picklist VALUES ('H4', '273', '44', '1');
INSERT INTO xmai_role2picklist VALUES ('H4', '274', '44', '2');
INSERT INTO xmai_role2picklist VALUES ('H4', '275', '44', '3');
INSERT INTO xmai_role2picklist VALUES ('H4', '276', '44', '4');
INSERT INTO xmai_role2picklist VALUES ('H4', '277', '45', '1');
INSERT INTO xmai_role2picklist VALUES ('H4', '278', '45', '2');
INSERT INTO xmai_role2picklist VALUES ('H4', '279', '45', '3');
INSERT INTO xmai_role2picklist VALUES ('H4', '280', '45', '4');
INSERT INTO xmai_role2picklist VALUES ('H4', '281', '45', '5');
INSERT INTO xmai_role2picklist VALUES ('H4', '282', '45', '6');
INSERT INTO xmai_role2picklist VALUES ('H4', '283', '45', '7');
INSERT INTO xmai_role2picklist VALUES ('H4', '284', '45', '8');
INSERT INTO xmai_role2picklist VALUES ('H4', '285', '45', '9');
INSERT INTO xmai_role2picklist VALUES ('H4', '286', '45', '10');
INSERT INTO xmai_role2picklist VALUES ('H4', '287', '45', '11');
INSERT INTO xmai_role2picklist VALUES ('H5', '1', '1', '0');
INSERT INTO xmai_role2picklist VALUES ('H5', '2', '1', '1');
INSERT INTO xmai_role2picklist VALUES ('H5', '3', '1', '2');
INSERT INTO xmai_role2picklist VALUES ('H5', '4', '1', '3');
INSERT INTO xmai_role2picklist VALUES ('H5', '5', '1', '4');
INSERT INTO xmai_role2picklist VALUES ('H5', '6', '1', '5');
INSERT INTO xmai_role2picklist VALUES ('H5', '7', '1', '6');
INSERT INTO xmai_role2picklist VALUES ('H5', '8', '1', '7');
INSERT INTO xmai_role2picklist VALUES ('H5', '9', '1', '8');
INSERT INTO xmai_role2picklist VALUES ('H5', '10', '1', '9');
INSERT INTO xmai_role2picklist VALUES ('H5', '11', '1', '10');
INSERT INTO xmai_role2picklist VALUES ('H5', '12', '2', '0');
INSERT INTO xmai_role2picklist VALUES ('H5', '13', '2', '1');
INSERT INTO xmai_role2picklist VALUES ('H5', '14', '3', '0');
INSERT INTO xmai_role2picklist VALUES ('H5', '15', '3', '1');
INSERT INTO xmai_role2picklist VALUES ('H5', '16', '3', '2');
INSERT INTO xmai_role2picklist VALUES ('H5', '17', '3', '3');
INSERT INTO xmai_role2picklist VALUES ('H5', '18', '3', '4');
INSERT INTO xmai_role2picklist VALUES ('H5', '19', '3', '5');
INSERT INTO xmai_role2picklist VALUES ('H5', '20', '4', '0');
INSERT INTO xmai_role2picklist VALUES ('H5', '21', '4', '1');
INSERT INTO xmai_role2picklist VALUES ('H5', '22', '4', '2');
INSERT INTO xmai_role2picklist VALUES ('H5', '23', '4', '3');
INSERT INTO xmai_role2picklist VALUES ('H5', '24', '4', '4');
INSERT INTO xmai_role2picklist VALUES ('H5', '25', '4', '5');
INSERT INTO xmai_role2picklist VALUES ('H5', '26', '4', '6');
INSERT INTO xmai_role2picklist VALUES ('H5', '27', '4', '7');
INSERT INTO xmai_role2picklist VALUES ('H5', '28', '4', '8');
INSERT INTO xmai_role2picklist VALUES ('H5', '29', '4', '9');
INSERT INTO xmai_role2picklist VALUES ('H5', '30', '4', '10');
INSERT INTO xmai_role2picklist VALUES ('H5', '31', '4', '11');
INSERT INTO xmai_role2picklist VALUES ('H5', '32', '4', '12');
INSERT INTO xmai_role2picklist VALUES ('H5', '33', '5', '0');
INSERT INTO xmai_role2picklist VALUES ('H5', '34', '5', '1');
INSERT INTO xmai_role2picklist VALUES ('H5', '35', '5', '2');
INSERT INTO xmai_role2picklist VALUES ('H5', '36', '5', '3');
INSERT INTO xmai_role2picklist VALUES ('H5', '37', '5', '4');
INSERT INTO xmai_role2picklist VALUES ('H5', '38', '6', '0');
INSERT INTO xmai_role2picklist VALUES ('H5', '39', '6', '1');
INSERT INTO xmai_role2picklist VALUES ('H5', '40', '6', '2');
INSERT INTO xmai_role2picklist VALUES ('H5', '41', '7', '0');
INSERT INTO xmai_role2picklist VALUES ('H5', '42', '7', '1');
INSERT INTO xmai_role2picklist VALUES ('H5', '43', '7', '2');
INSERT INTO xmai_role2picklist VALUES ('H5', '44', '7', '3');
INSERT INTO xmai_role2picklist VALUES ('H5', '45', '7', '4');
INSERT INTO xmai_role2picklist VALUES ('H5', '46', '8', '0');
INSERT INTO xmai_role2picklist VALUES ('H5', '47', '9', '0');
INSERT INTO xmai_role2picklist VALUES ('H5', '48', '9', '1');
INSERT INTO xmai_role2picklist VALUES ('H5', '49', '9', '2');
INSERT INTO xmai_role2picklist VALUES ('H5', '50', '9', '3');
INSERT INTO xmai_role2picklist VALUES ('H5', '51', '10', '0');
INSERT INTO xmai_role2picklist VALUES ('H5', '52', '10', '1');
INSERT INTO xmai_role2picklist VALUES ('H5', '53', '10', '2');
INSERT INTO xmai_role2picklist VALUES ('H5', '54', '10', '3');
INSERT INTO xmai_role2picklist VALUES ('H5', '55', '10', '4');
INSERT INTO xmai_role2picklist VALUES ('H5', '56', '10', '5');
INSERT INTO xmai_role2picklist VALUES ('H5', '57', '10', '6');
INSERT INTO xmai_role2picklist VALUES ('H5', '58', '10', '7');
INSERT INTO xmai_role2picklist VALUES ('H5', '59', '10', '8');
INSERT INTO xmai_role2picklist VALUES ('H5', '60', '11', '0');
INSERT INTO xmai_role2picklist VALUES ('H5', '61', '11', '1');
INSERT INTO xmai_role2picklist VALUES ('H5', '62', '11', '2');
INSERT INTO xmai_role2picklist VALUES ('H5', '63', '11', '3');
INSERT INTO xmai_role2picklist VALUES ('H5', '64', '11', '4');
INSERT INTO xmai_role2picklist VALUES ('H5', '65', '11', '5');
INSERT INTO xmai_role2picklist VALUES ('H5', '66', '11', '6');
INSERT INTO xmai_role2picklist VALUES ('H5', '67', '11', '7');
INSERT INTO xmai_role2picklist VALUES ('H5', '68', '11', '8');
INSERT INTO xmai_role2picklist VALUES ('H5', '69', '11', '9');
INSERT INTO xmai_role2picklist VALUES ('H5', '70', '11', '10');
INSERT INTO xmai_role2picklist VALUES ('H5', '71', '11', '11');
INSERT INTO xmai_role2picklist VALUES ('H5', '72', '11', '12');
INSERT INTO xmai_role2picklist VALUES ('H5', '73', '11', '13');
INSERT INTO xmai_role2picklist VALUES ('H5', '74', '11', '14');
INSERT INTO xmai_role2picklist VALUES ('H5', '75', '11', '15');
INSERT INTO xmai_role2picklist VALUES ('H5', '76', '11', '16');
INSERT INTO xmai_role2picklist VALUES ('H5', '77', '11', '17');
INSERT INTO xmai_role2picklist VALUES ('H5', '78', '11', '18');
INSERT INTO xmai_role2picklist VALUES ('H5', '79', '11', '19');
INSERT INTO xmai_role2picklist VALUES ('H5', '80', '11', '20');
INSERT INTO xmai_role2picklist VALUES ('H5', '81', '11', '21');
INSERT INTO xmai_role2picklist VALUES ('H5', '82', '11', '22');
INSERT INTO xmai_role2picklist VALUES ('H5', '83', '11', '23');
INSERT INTO xmai_role2picklist VALUES ('H5', '84', '11', '24');
INSERT INTO xmai_role2picklist VALUES ('H5', '85', '11', '25');
INSERT INTO xmai_role2picklist VALUES ('H5', '86', '11', '26');
INSERT INTO xmai_role2picklist VALUES ('H5', '87', '11', '27');
INSERT INTO xmai_role2picklist VALUES ('H5', '88', '11', '28');
INSERT INTO xmai_role2picklist VALUES ('H5', '89', '11', '29');
INSERT INTO xmai_role2picklist VALUES ('H5', '90', '11', '30');
INSERT INTO xmai_role2picklist VALUES ('H5', '91', '11', '31');
INSERT INTO xmai_role2picklist VALUES ('H5', '92', '12', '0');
INSERT INTO xmai_role2picklist VALUES ('H5', '93', '12', '1');
INSERT INTO xmai_role2picklist VALUES ('H5', '94', '12', '2');
INSERT INTO xmai_role2picklist VALUES ('H5', '95', '12', '3');
INSERT INTO xmai_role2picklist VALUES ('H5', '96', '12', '4');
INSERT INTO xmai_role2picklist VALUES ('H5', '97', '12', '5');
INSERT INTO xmai_role2picklist VALUES ('H5', '98', '13', '0');
INSERT INTO xmai_role2picklist VALUES ('H5', '99', '13', '1');
INSERT INTO xmai_role2picklist VALUES ('H5', '100', '13', '2');
INSERT INTO xmai_role2picklist VALUES ('H5', '101', '13', '3');
INSERT INTO xmai_role2picklist VALUES ('H5', '102', '13', '4');
INSERT INTO xmai_role2picklist VALUES ('H5', '103', '13', '5');
INSERT INTO xmai_role2picklist VALUES ('H5', '104', '13', '6');
INSERT INTO xmai_role2picklist VALUES ('H5', '105', '13', '7');
INSERT INTO xmai_role2picklist VALUES ('H5', '106', '13', '8');
INSERT INTO xmai_role2picklist VALUES ('H5', '107', '13', '9');
INSERT INTO xmai_role2picklist VALUES ('H5', '108', '13', '10');
INSERT INTO xmai_role2picklist VALUES ('H5', '109', '13', '11');
INSERT INTO xmai_role2picklist VALUES ('H5', '110', '13', '12');
INSERT INTO xmai_role2picklist VALUES ('H5', '111', '14', '0');
INSERT INTO xmai_role2picklist VALUES ('H5', '112', '14', '1');
INSERT INTO xmai_role2picklist VALUES ('H5', '113', '14', '2');
INSERT INTO xmai_role2picklist VALUES ('H5', '114', '14', '3');
INSERT INTO xmai_role2picklist VALUES ('H5', '115', '14', '4');
INSERT INTO xmai_role2picklist VALUES ('H5', '116', '14', '5');
INSERT INTO xmai_role2picklist VALUES ('H5', '117', '14', '6');
INSERT INTO xmai_role2picklist VALUES ('H5', '118', '14', '7');
INSERT INTO xmai_role2picklist VALUES ('H5', '119', '14', '8');
INSERT INTO xmai_role2picklist VALUES ('H5', '120', '14', '9');
INSERT INTO xmai_role2picklist VALUES ('H5', '121', '14', '10');
INSERT INTO xmai_role2picklist VALUES ('H5', '122', '14', '11');
INSERT INTO xmai_role2picklist VALUES ('H5', '123', '15', '0');
INSERT INTO xmai_role2picklist VALUES ('H5', '124', '15', '1');
INSERT INTO xmai_role2picklist VALUES ('H5', '125', '15', '2');
INSERT INTO xmai_role2picklist VALUES ('H5', '126', '15', '3');
INSERT INTO xmai_role2picklist VALUES ('H5', '127', '16', '0');
INSERT INTO xmai_role2picklist VALUES ('H5', '128', '16', '1');
INSERT INTO xmai_role2picklist VALUES ('H5', '129', '16', '2');
INSERT INTO xmai_role2picklist VALUES ('H5', '130', '17', '0');
INSERT INTO xmai_role2picklist VALUES ('H5', '131', '17', '1');
INSERT INTO xmai_role2picklist VALUES ('H5', '132', '17', '2');
INSERT INTO xmai_role2picklist VALUES ('H5', '133', '17', '3');
INSERT INTO xmai_role2picklist VALUES ('H5', '134', '17', '4');
INSERT INTO xmai_role2picklist VALUES ('H5', '135', '18', '0');
INSERT INTO xmai_role2picklist VALUES ('H5', '136', '18', '1');
INSERT INTO xmai_role2picklist VALUES ('H5', '137', '18', '2');
INSERT INTO xmai_role2picklist VALUES ('H5', '138', '18', '3');
INSERT INTO xmai_role2picklist VALUES ('H5', '139', '19', '0');
INSERT INTO xmai_role2picklist VALUES ('H5', '140', '19', '1');
INSERT INTO xmai_role2picklist VALUES ('H5', '141', '19', '2');
INSERT INTO xmai_role2picklist VALUES ('H5', '142', '19', '3');
INSERT INTO xmai_role2picklist VALUES ('H5', '143', '19', '4');
INSERT INTO xmai_role2picklist VALUES ('H5', '144', '20', '0');
INSERT INTO xmai_role2picklist VALUES ('H5', '145', '20', '1');
INSERT INTO xmai_role2picklist VALUES ('H5', '146', '20', '2');
INSERT INTO xmai_role2picklist VALUES ('H5', '147', '20', '3');
INSERT INTO xmai_role2picklist VALUES ('H5', '148', '20', '4');
INSERT INTO xmai_role2picklist VALUES ('H5', '149', '20', '5');
INSERT INTO xmai_role2picklist VALUES ('H5', '150', '21', '0');
INSERT INTO xmai_role2picklist VALUES ('H5', '151', '21', '1');
INSERT INTO xmai_role2picklist VALUES ('H5', '152', '21', '2');
INSERT INTO xmai_role2picklist VALUES ('H5', '153', '21', '3');
INSERT INTO xmai_role2picklist VALUES ('H5', '154', '21', '4');
INSERT INTO xmai_role2picklist VALUES ('H5', '155', '21', '5');
INSERT INTO xmai_role2picklist VALUES ('H5', '156', '21', '6');
INSERT INTO xmai_role2picklist VALUES ('H5', '157', '21', '7');
INSERT INTO xmai_role2picklist VALUES ('H5', '158', '21', '8');
INSERT INTO xmai_role2picklist VALUES ('H5', '159', '21', '9');
INSERT INTO xmai_role2picklist VALUES ('H5', '160', '22', '0');
INSERT INTO xmai_role2picklist VALUES ('H5', '161', '22', '1');
INSERT INTO xmai_role2picklist VALUES ('H5', '162', '22', '2');
INSERT INTO xmai_role2picklist VALUES ('H5', '163', '22', '3');
INSERT INTO xmai_role2picklist VALUES ('H5', '164', '22', '4');
INSERT INTO xmai_role2picklist VALUES ('H5', '165', '22', '5');
INSERT INTO xmai_role2picklist VALUES ('H5', '166', '23', '0');
INSERT INTO xmai_role2picklist VALUES ('H5', '167', '23', '1');
INSERT INTO xmai_role2picklist VALUES ('H5', '168', '23', '2');
INSERT INTO xmai_role2picklist VALUES ('H5', '169', '23', '3');
INSERT INTO xmai_role2picklist VALUES ('H5', '170', '24', '0');
INSERT INTO xmai_role2picklist VALUES ('H5', '171', '24', '1');
INSERT INTO xmai_role2picklist VALUES ('H5', '172', '24', '2');
INSERT INTO xmai_role2picklist VALUES ('H5', '173', '25', '0');
INSERT INTO xmai_role2picklist VALUES ('H5', '174', '25', '1');
INSERT INTO xmai_role2picklist VALUES ('H5', '175', '25', '2');
INSERT INTO xmai_role2picklist VALUES ('H5', '176', '25', '3');
INSERT INTO xmai_role2picklist VALUES ('H5', '177', '25', '4');
INSERT INTO xmai_role2picklist VALUES ('H5', '178', '25', '5');
INSERT INTO xmai_role2picklist VALUES ('H5', '179', '26', '0');
INSERT INTO xmai_role2picklist VALUES ('H5', '180', '26', '1');
INSERT INTO xmai_role2picklist VALUES ('H5', '181', '26', '2');
INSERT INTO xmai_role2picklist VALUES ('H5', '182', '27', '0');
INSERT INTO xmai_role2picklist VALUES ('H5', '183', '27', '1');
INSERT INTO xmai_role2picklist VALUES ('H5', '184', '27', '2');
INSERT INTO xmai_role2picklist VALUES ('H5', '185', '27', '3');
INSERT INTO xmai_role2picklist VALUES ('H5', '186', '28', '0');
INSERT INTO xmai_role2picklist VALUES ('H5', '187', '28', '1');
INSERT INTO xmai_role2picklist VALUES ('H5', '188', '28', '2');
INSERT INTO xmai_role2picklist VALUES ('H5', '189', '28', '3');
INSERT INTO xmai_role2picklist VALUES ('H5', '190', '29', '0');
INSERT INTO xmai_role2picklist VALUES ('H5', '191', '29', '1');
INSERT INTO xmai_role2picklist VALUES ('H5', '192', '29', '2');
INSERT INTO xmai_role2picklist VALUES ('H5', '193', '29', '3');
INSERT INTO xmai_role2picklist VALUES ('H5', '194', '30', '0');
INSERT INTO xmai_role2picklist VALUES ('H5', '195', '30', '1');
INSERT INTO xmai_role2picklist VALUES ('H5', '196', '30', '2');
INSERT INTO xmai_role2picklist VALUES ('H5', '197', '30', '3');
INSERT INTO xmai_role2picklist VALUES ('H5', '198', '30', '4');
INSERT INTO xmai_role2picklist VALUES ('H5', '199', '30', '5');
INSERT INTO xmai_role2picklist VALUES ('H5', '200', '30', '6');
INSERT INTO xmai_role2picklist VALUES ('H5', '201', '30', '7');
INSERT INTO xmai_role2picklist VALUES ('H5', '202', '30', '8');
INSERT INTO xmai_role2picklist VALUES ('H5', '203', '30', '9');
INSERT INTO xmai_role2picklist VALUES ('H5', '204', '30', '10');
INSERT INTO xmai_role2picklist VALUES ('H5', '205', '30', '11');
INSERT INTO xmai_role2picklist VALUES ('H5', '206', '30', '12');
INSERT INTO xmai_role2picklist VALUES ('H5', '207', '30', '13');
INSERT INTO xmai_role2picklist VALUES ('H5', '208', '30', '14');
INSERT INTO xmai_role2picklist VALUES ('H5', '209', '30', '15');
INSERT INTO xmai_role2picklist VALUES ('H5', '210', '31', '1');
INSERT INTO xmai_role2picklist VALUES ('H5', '211', '31', '2');
INSERT INTO xmai_role2picklist VALUES ('H5', '212', '31', '3');
INSERT INTO xmai_role2picklist VALUES ('H5', '213', '31', '4');
INSERT INTO xmai_role2picklist VALUES ('H5', '214', '32', '1');
INSERT INTO xmai_role2picklist VALUES ('H5', '215', '32', '2');
INSERT INTO xmai_role2picklist VALUES ('H5', '216', '32', '3');
INSERT INTO xmai_role2picklist VALUES ('H5', '217', '32', '4');
INSERT INTO xmai_role2picklist VALUES ('H5', '218', '32', '5');
INSERT INTO xmai_role2picklist VALUES ('H5', '219', '32', '6');
INSERT INTO xmai_role2picklist VALUES ('H5', '220', '33', '1');
INSERT INTO xmai_role2picklist VALUES ('H5', '221', '33', '2');
INSERT INTO xmai_role2picklist VALUES ('H5', '222', '33', '3');
INSERT INTO xmai_role2picklist VALUES ('H5', '223', '34', '1');
INSERT INTO xmai_role2picklist VALUES ('H5', '224', '34', '2');
INSERT INTO xmai_role2picklist VALUES ('H5', '225', '34', '3');
INSERT INTO xmai_role2picklist VALUES ('H5', '226', '35', '1');
INSERT INTO xmai_role2picklist VALUES ('H5', '227', '35', '2');
INSERT INTO xmai_role2picklist VALUES ('H5', '228', '35', '3');
INSERT INTO xmai_role2picklist VALUES ('H5', '229', '36', '1');
INSERT INTO xmai_role2picklist VALUES ('H5', '230', '36', '2');
INSERT INTO xmai_role2picklist VALUES ('H5', '231', '36', '3');
INSERT INTO xmai_role2picklist VALUES ('H5', '232', '36', '4');
INSERT INTO xmai_role2picklist VALUES ('H5', '233', '36', '5');
INSERT INTO xmai_role2picklist VALUES ('H5', '234', '36', '6');
INSERT INTO xmai_role2picklist VALUES ('H5', '235', '37', '1');
INSERT INTO xmai_role2picklist VALUES ('H5', '236', '37', '2');
INSERT INTO xmai_role2picklist VALUES ('H5', '237', '38', '1');
INSERT INTO xmai_role2picklist VALUES ('H5', '238', '38', '2');
INSERT INTO xmai_role2picklist VALUES ('H5', '239', '38', '3');
INSERT INTO xmai_role2picklist VALUES ('H5', '240', '38', '4');
INSERT INTO xmai_role2picklist VALUES ('H5', '241', '39', '1');
INSERT INTO xmai_role2picklist VALUES ('H5', '242', '39', '2');
INSERT INTO xmai_role2picklist VALUES ('H5', '243', '39', '3');
INSERT INTO xmai_role2picklist VALUES ('H5', '244', '39', '4');
INSERT INTO xmai_role2picklist VALUES ('H5', '245', '40', '1');
INSERT INTO xmai_role2picklist VALUES ('H5', '246', '40', '2');
INSERT INTO xmai_role2picklist VALUES ('H5', '247', '40', '3');
INSERT INTO xmai_role2picklist VALUES ('H5', '248', '40', '4');
INSERT INTO xmai_role2picklist VALUES ('H5', '249', '41', '1');
INSERT INTO xmai_role2picklist VALUES ('H5', '250', '41', '2');
INSERT INTO xmai_role2picklist VALUES ('H5', '251', '41', '3');
INSERT INTO xmai_role2picklist VALUES ('H5', '252', '41', '4');
INSERT INTO xmai_role2picklist VALUES ('H5', '253', '41', '5');
INSERT INTO xmai_role2picklist VALUES ('H5', '254', '41', '6');
INSERT INTO xmai_role2picklist VALUES ('H5', '255', '41', '7');
INSERT INTO xmai_role2picklist VALUES ('H5', '256', '41', '8');
INSERT INTO xmai_role2picklist VALUES ('H5', '257', '41', '9');
INSERT INTO xmai_role2picklist VALUES ('H5', '258', '41', '10');
INSERT INTO xmai_role2picklist VALUES ('H5', '259', '41', '11');
INSERT INTO xmai_role2picklist VALUES ('H5', '260', '42', '1');
INSERT INTO xmai_role2picklist VALUES ('H5', '261', '42', '2');
INSERT INTO xmai_role2picklist VALUES ('H5', '262', '42', '3');
INSERT INTO xmai_role2picklist VALUES ('H5', '263', '42', '4');
INSERT INTO xmai_role2picklist VALUES ('H5', '264', '42', '5');
INSERT INTO xmai_role2picklist VALUES ('H5', '265', '42', '6');
INSERT INTO xmai_role2picklist VALUES ('H5', '266', '42', '7');
INSERT INTO xmai_role2picklist VALUES ('H5', '267', '42', '8');
INSERT INTO xmai_role2picklist VALUES ('H5', '268', '42', '9');
INSERT INTO xmai_role2picklist VALUES ('H5', '269', '43', '1');
INSERT INTO xmai_role2picklist VALUES ('H5', '270', '43', '2');
INSERT INTO xmai_role2picklist VALUES ('H5', '271', '43', '3');
INSERT INTO xmai_role2picklist VALUES ('H5', '272', '43', '4');
INSERT INTO xmai_role2picklist VALUES ('H5', '273', '44', '1');
INSERT INTO xmai_role2picklist VALUES ('H5', '274', '44', '2');
INSERT INTO xmai_role2picklist VALUES ('H5', '275', '44', '3');
INSERT INTO xmai_role2picklist VALUES ('H5', '276', '44', '4');
INSERT INTO xmai_role2picklist VALUES ('H5', '277', '45', '1');
INSERT INTO xmai_role2picklist VALUES ('H5', '278', '45', '2');
INSERT INTO xmai_role2picklist VALUES ('H5', '279', '45', '3');
INSERT INTO xmai_role2picklist VALUES ('H5', '280', '45', '4');
INSERT INTO xmai_role2picklist VALUES ('H5', '281', '45', '5');
INSERT INTO xmai_role2picklist VALUES ('H5', '282', '45', '6');
INSERT INTO xmai_role2picklist VALUES ('H5', '283', '45', '7');
INSERT INTO xmai_role2picklist VALUES ('H5', '284', '45', '8');
INSERT INTO xmai_role2picklist VALUES ('H5', '285', '45', '9');
INSERT INTO xmai_role2picklist VALUES ('H5', '286', '45', '10');
INSERT INTO xmai_role2picklist VALUES ('H5', '287', '45', '11');

-- ----------------------------
-- Table structure for `xmai_role2profile`
-- ----------------------------
DROP TABLE IF EXISTS `xmai_role2profile`;
CREATE TABLE `xmai_role2profile` (
  `roleid` varchar(255) NOT NULL,
  `profileid` int(11) NOT NULL,
  PRIMARY KEY  (`roleid`,`profileid`),
  KEY `role2profile_roleid_profileid_idx` (`roleid`,`profileid`)
) ENGINE=InnoDB DEFAULT CHARSET=utf8;

-- ----------------------------
-- Records of xmai_role2profile
-- ----------------------------
INSERT INTO xmai_role2profile VALUES ('H2', '1');
INSERT INTO xmai_role2profile VALUES ('H3', '2');
INSERT INTO xmai_role2profile VALUES ('H4', '2');
INSERT INTO xmai_role2profile VALUES ('H5', '2');

-- ----------------------------
-- Table structure for `xmai_role_seq`
-- ----------------------------
DROP TABLE IF EXISTS `xmai_role_seq`;
CREATE TABLE `xmai_role_seq` (
  `id` int(11) NOT NULL
) ENGINE=MyISAM DEFAULT CHARSET=utf8;

-- ----------------------------
-- Records of xmai_role_seq
-- ----------------------------
INSERT INTO xmai_role_seq VALUES ('5');

-- ----------------------------
-- Table structure for `xmai_rss`
-- ----------------------------
DROP TABLE IF EXISTS `xmai_rss`;
CREATE TABLE `xmai_rss` (
  `rssid` int(19) NOT NULL,
  `rssurl` varchar(200) NOT NULL default '',
  `rsstitle` varchar(200) default NULL,
  `rsstype` int(10) default '0',
  `starred` int(1) default '0',
  PRIMARY KEY  (`rssid`)
) ENGINE=InnoDB DEFAULT CHARSET=utf8;

-- ----------------------------
-- Records of xmai_rss
-- ----------------------------
INSERT INTO xmai_rss VALUES ('1', 'http://forums.xmai.com/rss.php?name=forums&file=rss', 'xmai - Forums', '0', '0');
INSERT INTO xmai_rss VALUES ('2', 'http://trac.xmai.com/cgi-bin/trac.cgi/report/8?format=rss&USER=anonymous', 'xmai development - Active Tickets', '0', '0');

-- ----------------------------
-- Table structure for `xmai_rss_seq`
-- ----------------------------
DROP TABLE IF EXISTS `xmai_rss_seq`;
CREATE TABLE `xmai_rss_seq` (
  `id` int(11) NOT NULL
) ENGINE=MyISAM DEFAULT CHARSET=utf8;

-- ----------------------------
-- Records of xmai_rss_seq
-- ----------------------------
INSERT INTO xmai_rss_seq VALUES ('2');

-- ----------------------------
-- Table structure for `xmai_salesmanactivityrel`
-- ----------------------------
DROP TABLE IF EXISTS `xmai_salesmanactivityrel`;
CREATE TABLE `xmai_salesmanactivityrel` (
  `smid` int(19) NOT NULL default '0',
  `activityid` int(19) NOT NULL default '0',
  PRIMARY KEY  (`smid`,`activityid`),
  KEY `salesmanactivityrel_activityid_idx` (`activityid`),
  KEY `salesmanactivityrel_smid_idx` (`smid`),
  CONSTRAINT `fk_2_xmai_salesmanactivityrel` FOREIGN KEY (`smid`) REFERENCES `xmai_users` (`id`) ON DELETE CASCADE
) ENGINE=InnoDB DEFAULT CHARSET=utf8;

-- ----------------------------
-- Records of xmai_salesmanactivityrel
-- ----------------------------
INSERT INTO xmai_salesmanactivityrel VALUES ('1', '116');
INSERT INTO xmai_salesmanactivityrel VALUES ('1', '117');
INSERT INTO xmai_salesmanactivityrel VALUES ('1', '118');
INSERT INTO xmai_salesmanactivityrel VALUES ('1', '119');
INSERT INTO xmai_salesmanactivityrel VALUES ('1', '120');
INSERT INTO xmai_salesmanactivityrel VALUES ('1', '121');

-- ----------------------------
-- Table structure for `xmai_salesmanattachmentsrel`
-- ----------------------------
DROP TABLE IF EXISTS `xmai_salesmanattachmentsrel`;
CREATE TABLE `xmai_salesmanattachmentsrel` (
  `smid` int(19) NOT NULL default '0',
  `attachmentsid` int(19) NOT NULL default '0',
  PRIMARY KEY  (`smid`,`attachmentsid`),
  KEY `salesmanattachmentsrel_smid_idx` (`smid`),
  KEY `salesmanattachmentsrel_attachmentsid_idx` (`attachmentsid`),
  CONSTRAINT `fk_2_xmai_salesmanattachmentsrel` FOREIGN KEY (`attachmentsid`) REFERENCES `xmai_attachments` (`attachmentsid`) ON DELETE CASCADE
) ENGINE=InnoDB DEFAULT CHARSET=utf8;

-- ----------------------------
-- Records of xmai_salesmanattachmentsrel
-- ----------------------------

-- ----------------------------
-- Table structure for `xmai_salesmanticketrel`
-- ----------------------------
DROP TABLE IF EXISTS `xmai_salesmanticketrel`;
CREATE TABLE `xmai_salesmanticketrel` (
  `smid` int(19) NOT NULL default '0',
  `id` int(19) NOT NULL default '0',
  PRIMARY KEY  (`smid`,`id`),
  KEY `salesmanticketrel_smid_idx` (`smid`),
  KEY `salesmanticketrel_id_idx` (`id`),
  CONSTRAINT `fk_2_xmai_salesmanticketrel` FOREIGN KEY (`smid`) REFERENCES `xmai_users` (`id`) ON DELETE CASCADE
) ENGINE=InnoDB DEFAULT CHARSET=utf8;

-- ----------------------------
-- Records of xmai_salesmanticketrel
-- ----------------------------

-- ----------------------------
-- Table structure for `xmai_salesorder`
-- ----------------------------
DROP TABLE IF EXISTS `xmai_salesorder`;
CREATE TABLE `xmai_salesorder` (
  `salesorderid` int(19) NOT NULL default '0',
  `subject` varchar(100) default NULL,
  `potentialid` int(19) default NULL,
  `customerno` varchar(100) default NULL,
  `salesorder_no` varchar(100) default NULL,
  `quoteid` int(19) default NULL,
  `vendorterms` varchar(100) default NULL,
  `contactid` int(19) default NULL,
  `vendorid` int(19) default NULL,
  `duedate` date default NULL,
  `carrier` varchar(200) default NULL,
  `pending` varchar(200) default NULL,
  `type` varchar(100) default NULL,
  `adjustment` decimal(25,3) default NULL,
  `salescommission` decimal(25,3) default NULL,
  `exciseduty` decimal(25,3) default NULL,
  `total` decimal(25,3) default NULL,
  `subtotal` decimal(25,3) default NULL,
  `taxtype` varchar(25) default NULL,
  `discount_percent` decimal(25,3) default NULL,
  `discount_amount` decimal(25,3) default NULL,
  `s_h_amount` decimal(25,3) default NULL,
  `accountid` int(19) default NULL,
  `terms_conditions` text,
  `purchaseorder` varchar(200) default NULL,
  `sostatus` varchar(200) default NULL,
  `currency_id` int(19) NOT NULL default '1',
  `conversion_rate` decimal(10,3) NOT NULL default '1.000',
  `enable_recurring` int(11) default '0',
  PRIMARY KEY  (`salesorderid`),
  KEY `salesorder_vendorid_idx` (`vendorid`),
  KEY `salesorder_contactid_idx` (`contactid`),
  CONSTRAINT `fk_3_xmai_salesorder` FOREIGN KEY (`vendorid`) REFERENCES `xmai_vendor` (`vendorid`) ON DELETE CASCADE
) ENGINE=InnoDB DEFAULT CHARSET=utf8;

-- ----------------------------
-- Records of xmai_salesorder
-- ----------------------------
INSERT INTO xmai_salesorder VALUES ('79', 'SO_xmai', '0', '', 'SO1', '75', null, '24', null, '2007-04-21', 'FedEx', '', null, '100.000', '0.000', '0.000', '1080.000', '1030.000', 'individual', '0.000', '100.000', '50.000', '4', '', '', 'Approved', '1', '1.000', '0');
INSERT INTO xmai_salesorder VALUES ('80', 'SO_zoho', '0', '', 'SO2', '77', null, '27', null, '2007-05-29', 'UPS', '', null, '100.000', '0.000', '0.000', '1080.000', '1030.000', 'individual', '0.000', '100.000', '50.000', '14', '', '', 'Approved', '1', '1.000', '0');
INSERT INTO xmai_salesorder VALUES ('81', 'SO_xmai5usrp', '0', '', 'SO3', '78', null, '26', null, '2007-08-11', 'USPS', '', null, '100.000', '0.000', '0.000', '1080.000', '1030.000', 'individual', '0.000', '100.000', '50.000', '20', '', '', 'Approved', '1', '1.000', '0');
INSERT INTO xmai_salesorder VALUES ('82', 'SO_vt100usrpk', '0', '', 'SO4', '75', null, '26', null, '2007-09-09', 'DHL', '', null, '100.000', '0.000', '0.000', '1080.000', '1030.000', 'individual', '0.000', '100.000', '50.000', '8', '', '', 'Cancelled', '1', '1.000', '0');
INSERT INTO xmai_salesorder VALUES ('83', 'SO_vendtl', '0', '', 'SO5', '77', null, '24', null, '2007-02-28', 'BlueDart', '', null, '100.000', '0.000', '0.000', '1080.000', '1030.000', 'individual', '0.000', '100.000', '50.000', '4', '', '', 'Approved', '1', '1.000', '0');

-- ----------------------------
-- Table structure for `xmai_salesordercf`
-- ----------------------------
DROP TABLE IF EXISTS `xmai_salesordercf`;
CREATE TABLE `xmai_salesordercf` (
  `salesorderid` int(19) NOT NULL default '0',
  PRIMARY KEY  (`salesorderid`),
  CONSTRAINT `fk_1_xmai_salesordercf` FOREIGN KEY (`salesorderid`) REFERENCES `xmai_salesorder` (`salesorderid`) ON DELETE CASCADE
) ENGINE=InnoDB DEFAULT CHARSET=utf8;

-- ----------------------------
-- Records of xmai_salesordercf
-- ----------------------------
INSERT INTO xmai_salesordercf VALUES ('79');
INSERT INTO xmai_salesordercf VALUES ('80');
INSERT INTO xmai_salesordercf VALUES ('81');
INSERT INTO xmai_salesordercf VALUES ('82');
INSERT INTO xmai_salesordercf VALUES ('83');

-- ----------------------------
-- Table structure for `xmai_sales_stage`
-- ----------------------------
DROP TABLE IF EXISTS `xmai_sales_stage`;
CREATE TABLE `xmai_sales_stage` (
  `sales_stage_id` int(19) NOT NULL auto_increment,
  `sales_stage` varchar(200) default NULL,
  `presence` int(1) NOT NULL default '1',
  `picklist_valueid` int(19) NOT NULL default '0',
  PRIMARY KEY  (`sales_stage_id`)
) ENGINE=InnoDB AUTO_INCREMENT=11 DEFAULT CHARSET=utf8;

-- ----------------------------
-- Records of xmai_sales_stage
-- ----------------------------
INSERT INTO xmai_sales_stage VALUES ('1', 'Prospecting', '1', '150');
INSERT INTO xmai_sales_stage VALUES ('2', 'Qualification', '1', '151');
INSERT INTO xmai_sales_stage VALUES ('3', 'Needs Analysis', '1', '152');
INSERT INTO xmai_sales_stage VALUES ('4', 'Value Proposition', '1', '153');
INSERT INTO xmai_sales_stage VALUES ('5', 'Id. Decision Makers', '1', '154');
INSERT INTO xmai_sales_stage VALUES ('6', 'Perception Analysis', '1', '155');
INSERT INTO xmai_sales_stage VALUES ('7', 'Proposal/Price Quote', '1', '156');
INSERT INTO xmai_sales_stage VALUES ('8', 'Negotiation/Review', '1', '157');
INSERT INTO xmai_sales_stage VALUES ('9', 'Closed Won', '0', '158');
INSERT INTO xmai_sales_stage VALUES ('10', 'Closed Lost', '0', '159');

-- ----------------------------
-- Table structure for `xmai_sales_stage_seq`
-- ----------------------------
DROP TABLE IF EXISTS `xmai_sales_stage_seq`;
CREATE TABLE `xmai_sales_stage_seq` (
  `id` int(11) NOT NULL
) ENGINE=MyISAM DEFAULT CHARSET=utf8;

-- ----------------------------
-- Records of xmai_sales_stage_seq
-- ----------------------------
INSERT INTO xmai_sales_stage_seq VALUES ('10');

-- ----------------------------
-- Table structure for `xmai_salutationtype`
-- ----------------------------
DROP TABLE IF EXISTS `xmai_salutationtype`;
CREATE TABLE `xmai_salutationtype` (
  `salutationid` int(19) NOT NULL auto_increment,
  `salutationtype` varchar(200) NOT NULL,
  `presence` int(1) NOT NULL default '1',
  `picklist_valueid` int(19) NOT NULL default '0',
  PRIMARY KEY  (`salutationid`)
) ENGINE=InnoDB AUTO_INCREMENT=7 DEFAULT CHARSET=utf8;

-- ----------------------------
-- Records of xmai_salutationtype
-- ----------------------------
INSERT INTO xmai_salutationtype VALUES ('1', '--None--', '1', '160');
INSERT INTO xmai_salutationtype VALUES ('2', 'Mr.', '1', '161');
INSERT INTO xmai_salutationtype VALUES ('3', 'Ms.', '1', '162');
INSERT INTO xmai_salutationtype VALUES ('4', 'Mrs.', '1', '163');
INSERT INTO xmai_salutationtype VALUES ('5', 'Dr.', '1', '164');
INSERT INTO xmai_salutationtype VALUES ('6', 'Prof.', '1', '165');

-- ----------------------------
-- Table structure for `xmai_salutationtype_seq`
-- ----------------------------
DROP TABLE IF EXISTS `xmai_salutationtype_seq`;
CREATE TABLE `xmai_salutationtype_seq` (
  `id` int(11) NOT NULL
) ENGINE=MyISAM DEFAULT CHARSET=utf8;

-- ----------------------------
-- Records of xmai_salutationtype_seq
-- ----------------------------
INSERT INTO xmai_salutationtype_seq VALUES ('6');

-- ----------------------------
-- Table structure for `xmai_scheduled_reports`
-- ----------------------------
DROP TABLE IF EXISTS `xmai_scheduled_reports`;
CREATE TABLE `xmai_scheduled_reports` (
  `reportid` int(11) NOT NULL,
  `recipients` text,
  `schedule` text,
  `format` varchar(10) default NULL,
  `next_trigger_time` timestamp NOT NULL default CURRENT_TIMESTAMP on update CURRENT_TIMESTAMP,
  PRIMARY KEY  (`reportid`)
) ENGINE=InnoDB DEFAULT CHARSET=utf8;

-- ----------------------------
-- Records of xmai_scheduled_reports
-- ----------------------------

-- ----------------------------
-- Table structure for `xmai_seactivityrel`
-- ----------------------------
DROP TABLE IF EXISTS `xmai_seactivityrel`;
CREATE TABLE `xmai_seactivityrel` (
  `crmid` int(19) NOT NULL,
  `activityid` int(19) NOT NULL,
  PRIMARY KEY  (`crmid`,`activityid`),
  KEY `seactivityrel_activityid_idx` (`activityid`),
  KEY `seactivityrel_crmid_idx` (`crmid`),
  CONSTRAINT `fk_2_xmai_seactivityrel` FOREIGN KEY (`crmid`) REFERENCES `xmai_crmentity` (`crmid`) ON DELETE CASCADE
) ENGINE=InnoDB DEFAULT CHARSET=utf8;

-- ----------------------------
-- Records of xmai_seactivityrel
-- ----------------------------
INSERT INTO xmai_seactivityrel VALUES ('16', '117');

-- ----------------------------
-- Table structure for `xmai_seactivityrel_seq`
-- ----------------------------
DROP TABLE IF EXISTS `xmai_seactivityrel_seq`;
CREATE TABLE `xmai_seactivityrel_seq` (
  `id` int(11) NOT NULL
) ENGINE=MyISAM DEFAULT CHARSET=utf8;

-- ----------------------------
-- Records of xmai_seactivityrel_seq
-- ----------------------------
INSERT INTO xmai_seactivityrel_seq VALUES ('1');

-- ----------------------------
-- Table structure for `xmai_seattachmentsrel`
-- ----------------------------
DROP TABLE IF EXISTS `xmai_seattachmentsrel`;
CREATE TABLE `xmai_seattachmentsrel` (
  `crmid` int(19) NOT NULL default '0',
  `attachmentsid` int(19) NOT NULL default '0',
  PRIMARY KEY  (`crmid`,`attachmentsid`),
  KEY `seattachmentsrel_attachmentsid_idx` (`attachmentsid`),
  KEY `seattachmentsrel_crmid_idx` (`crmid`),
  KEY `seattachmentsrel_attachmentsid_crmid_idx` (`attachmentsid`,`crmid`),
  CONSTRAINT `fk_2_xmai_seattachmentsrel` FOREIGN KEY (`crmid`) REFERENCES `xmai_crmentity` (`crmid`) ON DELETE CASCADE
) ENGINE=InnoDB DEFAULT CHARSET=utf8;

-- ----------------------------
-- Records of xmai_seattachmentsrel
-- ----------------------------

-- ----------------------------
-- Table structure for `xmai_selectcolumn`
-- ----------------------------
DROP TABLE IF EXISTS `xmai_selectcolumn`;
CREATE TABLE `xmai_selectcolumn` (
  `queryid` int(19) NOT NULL,
  `columnindex` int(11) NOT NULL default '0',
  `columnname` varchar(250) default '',
  PRIMARY KEY  (`queryid`,`columnindex`),
  KEY `selectcolumn_queryid_idx` (`queryid`),
  CONSTRAINT `fk_1_xmai_selectcolumn` FOREIGN KEY (`queryid`) REFERENCES `xmai_selectquery` (`queryid`) ON DELETE CASCADE
) ENGINE=InnoDB DEFAULT CHARSET=utf8;

-- ----------------------------
-- Records of xmai_selectcolumn
-- ----------------------------
INSERT INTO xmai_selectcolumn VALUES ('1', '0', 'xmai_contactdetails:firstname:Contacts_First_Name:firstname:V');
INSERT INTO xmai_selectcolumn VALUES ('1', '1', 'xmai_contactdetails:lastname:Contacts_Last_Name:lastname:V');
INSERT INTO xmai_selectcolumn VALUES ('1', '2', 'xmai_contactsubdetails:leadsource:Contacts_Lead_Source:leadsource:V');
INSERT INTO xmai_selectcolumn VALUES ('1', '3', 'xmai_contactdetails:accountid:Contacts_Account_Name:account_id:V');
INSERT INTO xmai_selectcolumn VALUES ('1', '4', 'xmai_account:industry:Accounts_industry:industry:V');
INSERT INTO xmai_selectcolumn VALUES ('1', '5', 'xmai_contactdetails:email:Contacts_Email:email:E');
INSERT INTO xmai_selectcolumn VALUES ('2', '0', 'xmai_contactdetails:firstname:Contacts_First_Name:firstname:V');
INSERT INTO xmai_selectcolumn VALUES ('2', '1', 'xmai_contactdetails:lastname:Contacts_Last_Name:lastname:V');
INSERT INTO xmai_selectcolumn VALUES ('2', '2', 'xmai_contactsubdetails:leadsource:Contacts_Lead_Source:leadsource:V');
INSERT INTO xmai_selectcolumn VALUES ('2', '3', 'xmai_contactdetails:accountid:Contacts_Account_Name:account_id:V');
INSERT INTO xmai_selectcolumn VALUES ('2', '4', 'xmai_account:industry:Accounts_industry:industry:V');
INSERT INTO xmai_selectcolumn VALUES ('2', '5', 'xmai_contactdetails:email:Contacts_Email:email:E');
INSERT INTO xmai_selectcolumn VALUES ('3', '0', 'xmai_contactdetails:firstname:Contacts_First_Name:firstname:V');
INSERT INTO xmai_selectcolumn VALUES ('3', '1', 'xmai_contactdetails:lastname:Contacts_Last_Name:lastname:V');
INSERT INTO xmai_selectcolumn VALUES ('3', '2', 'xmai_contactdetails:accountid:Contacts_Account_Name:account_id:V');
INSERT INTO xmai_selectcolumn VALUES ('3', '3', 'xmai_contactdetails:email:Contacts_Email:email:E');
INSERT INTO xmai_selectcolumn VALUES ('3', '4', 'xmai_potential:potentialname:Potentials_Potential_Name:potentialname:V');
INSERT INTO xmai_selectcolumn VALUES ('3', '5', 'xmai_potential:sales_stage:Potentials_Sales_Stage:sales_stage:V');
INSERT INTO xmai_selectcolumn VALUES ('4', '0', 'xmai_leaddetails:firstname:Leads_First_Name:firstname:V');
INSERT INTO xmai_selectcolumn VALUES ('4', '1', 'xmai_leaddetails:lastname:Leads_Last_Name:lastname:V');
INSERT INTO xmai_selectcolumn VALUES ('4', '2', 'xmai_leaddetails:company:Leads_Company:company:V');
INSERT INTO xmai_selectcolumn VALUES ('4', '3', 'xmai_leaddetails:email:Leads_Email:email:E');
INSERT INTO xmai_selectcolumn VALUES ('4', '4', 'xmai_leaddetails:leadsource:Leads_Lead_Source:leadsource:V');
INSERT INTO xmai_selectcolumn VALUES ('5', '0', 'xmai_leaddetails:firstname:Leads_First_Name:firstname:V');
INSERT INTO xmai_selectcolumn VALUES ('5', '1', 'xmai_leaddetails:lastname:Leads_Last_Name:lastname:V');
INSERT INTO xmai_selectcolumn VALUES ('5', '2', 'xmai_leaddetails:company:Leads_Company:company:V');
INSERT INTO xmai_selectcolumn VALUES ('5', '3', 'xmai_leaddetails:email:Leads_Email:email:E');
INSERT INTO xmai_selectcolumn VALUES ('5', '4', 'xmai_leaddetails:leadsource:Leads_Lead_Source:leadsource:V');
INSERT INTO xmai_selectcolumn VALUES ('5', '5', 'xmai_leaddetails:leadstatus:Leads_Lead_Status:leadstatus:V');
INSERT INTO xmai_selectcolumn VALUES ('6', '0', 'xmai_potential:potentialname:Potentials_Potential_Name:potentialname:V');
INSERT INTO xmai_selectcolumn VALUES ('6', '1', 'xmai_potential:amount:Potentials_Amount:amount:N');
INSERT INTO xmai_selectcolumn VALUES ('6', '2', 'xmai_potential:potentialtype:Potentials_Type:opportunity_type:V');
INSERT INTO xmai_selectcolumn VALUES ('6', '3', 'xmai_potential:leadsource:Potentials_Lead_Source:leadsource:V');
INSERT INTO xmai_selectcolumn VALUES ('6', '4', 'xmai_potential:sales_stage:Potentials_Sales_Stage:sales_stage:V');
INSERT INTO xmai_selectcolumn VALUES ('7', '0', 'xmai_potential:potentialname:Potentials_Potential_Name:potentialname:V');
INSERT INTO xmai_selectcolumn VALUES ('7', '1', 'xmai_potential:amount:Potentials_Amount:amount:N');
INSERT INTO xmai_selectcolumn VALUES ('7', '2', 'xmai_potential:potentialtype:Potentials_Type:opportunity_type:V');
INSERT INTO xmai_selectcolumn VALUES ('7', '3', 'xmai_potential:leadsource:Potentials_Lead_Source:leadsource:V');
INSERT INTO xmai_selectcolumn VALUES ('7', '4', 'xmai_potential:sales_stage:Potentials_Sales_Stage:sales_stage:V');
INSERT INTO xmai_selectcolumn VALUES ('8', '0', 'xmai_activity:subject:Calendar_Subject:subject:V');
INSERT INTO xmai_selectcolumn VALUES ('8', '1', 'xmai_contactdetailsCalendar:lastname:Calendar_Contact_Name:contact_id:I');
INSERT INTO xmai_selectcolumn VALUES ('8', '2', 'xmai_activity:status:Calendar_Status:taskstatus:V');
INSERT INTO xmai_selectcolumn VALUES ('8', '3', 'xmai_activity:priority:Calendar_Priority:taskpriority:V');
INSERT INTO xmai_selectcolumn VALUES ('8', '4', 'xmai_usersCalendar:user_name:Calendar_Assigned_To:assigned_user_id:V');
INSERT INTO xmai_selectcolumn VALUES ('9', '0', 'xmai_activity:subject:Calendar_Subject:subject:V');
INSERT INTO xmai_selectcolumn VALUES ('9', '1', 'xmai_contactdetailsCalendar:lastname:Calendar_Contact_Name:contact_id:I');
INSERT INTO xmai_selectcolumn VALUES ('9', '2', 'xmai_activity:status:Calendar_Status:taskstatus:V');
INSERT INTO xmai_selectcolumn VALUES ('9', '3', 'xmai_activity:priority:Calendar_Priority:taskpriority:V');
INSERT INTO xmai_selectcolumn VALUES ('9', '4', 'xmai_usersCalendar:user_name:Calendar_Assigned_To:assigned_user_id:V');
INSERT INTO xmai_selectcolumn VALUES ('10', '0', 'xmai_troubletickets:title:HelpDesk_Title:ticket_title:V');
INSERT INTO xmai_selectcolumn VALUES ('10', '1', 'xmai_troubletickets:status:HelpDesk_Status:ticketstatus:V');
INSERT INTO xmai_selectcolumn VALUES ('10', '2', 'xmai_products:productname:Products_Product_Name:productname:V');
INSERT INTO xmai_selectcolumn VALUES ('10', '3', 'xmai_products:discontinued:Products_Product_Active:discontinued:V');
INSERT INTO xmai_selectcolumn VALUES ('10', '4', 'xmai_products:productcategory:Products_Product_Category:productcategory:V');
INSERT INTO xmai_selectcolumn VALUES ('10', '5', 'xmai_products:manufacturer:Products_Manufacturer:manufacturer:V');
INSERT INTO xmai_selectcolumn VALUES ('11', '0', 'xmai_troubletickets:title:HelpDesk_Title:ticket_title:V');
INSERT INTO xmai_selectcolumn VALUES ('11', '1', 'xmai_troubletickets:priority:HelpDesk_Priority:ticketpriorities:V');
INSERT INTO xmai_selectcolumn VALUES ('11', '2', 'xmai_troubletickets:severity:HelpDesk_Severity:ticketseverities:V');
INSERT INTO xmai_selectcolumn VALUES ('11', '3', 'xmai_troubletickets:status:HelpDesk_Status:ticketstatus:V');
INSERT INTO xmai_selectcolumn VALUES ('11', '4', 'xmai_troubletickets:category:HelpDesk_Category:ticketcategories:V');
INSERT INTO xmai_selectcolumn VALUES ('11', '5', 'xmai_usersHelpDesk:user_name:HelpDesk_Assigned_To:assigned_user_id:V');
INSERT INTO xmai_selectcolumn VALUES ('12', '0', 'xmai_troubletickets:title:HelpDesk_Title:ticket_title:V');
INSERT INTO xmai_selectcolumn VALUES ('12', '1', 'xmai_troubletickets:priority:HelpDesk_Priority:ticketpriorities:V');
INSERT INTO xmai_selectcolumn VALUES ('12', '2', 'xmai_troubletickets:severity:HelpDesk_Severity:ticketseverities:V');
INSERT INTO xmai_selectcolumn VALUES ('12', '3', 'xmai_troubletickets:status:HelpDesk_Status:ticketstatus:V');
INSERT INTO xmai_selectcolumn VALUES ('12', '4', 'xmai_troubletickets:category:HelpDesk_Category:ticketcategories:V');
INSERT INTO xmai_selectcolumn VALUES ('12', '5', 'xmai_usersHelpDesk:user_name:HelpDesk_Assigned_To:assigned_user_id:V');
INSERT INTO xmai_selectcolumn VALUES ('13', '0', 'xmai_products:productname:Products_Product_Name:productname:V');
INSERT INTO xmai_selectcolumn VALUES ('13', '1', 'xmai_products:productcode:Products_Product_Code:productcode:V');
INSERT INTO xmai_selectcolumn VALUES ('13', '2', 'xmai_products:discontinued:Products_Product_Active:discontinued:V');
INSERT INTO xmai_selectcolumn VALUES ('13', '3', 'xmai_products:productcategory:Products_Product_Category:productcategory:V');
INSERT INTO xmai_selectcolumn VALUES ('13', '4', 'xmai_products:website:Products_Website:website:V');
INSERT INTO xmai_selectcolumn VALUES ('13', '5', 'xmai_vendorRelProducts:vendorname:Products_Vendor_Name:vendor_id:I');
INSERT INTO xmai_selectcolumn VALUES ('13', '6', 'xmai_products:mfr_part_no:Products_Mfr_PartNo:mfr_part_no:V');
INSERT INTO xmai_selectcolumn VALUES ('14', '0', 'xmai_products:productname:Products_Product_Name:productname:V');
INSERT INTO xmai_selectcolumn VALUES ('14', '1', 'xmai_products:manufacturer:Products_Manufacturer:manufacturer:V');
INSERT INTO xmai_selectcolumn VALUES ('14', '2', 'xmai_products:productcategory:Products_Product_Category:productcategory:V');
INSERT INTO xmai_selectcolumn VALUES ('14', '3', 'xmai_contactdetails:firstname:Contacts_First_Name:firstname:V');
INSERT INTO xmai_selectcolumn VALUES ('14', '4', 'xmai_contactdetails:lastname:Contacts_Last_Name:lastname:V');
INSERT INTO xmai_selectcolumn VALUES ('14', '5', 'xmai_contactsubdetails:leadsource:Contacts_Lead_Source:leadsource:V');
INSERT INTO xmai_selectcolumn VALUES ('15', '0', 'xmai_quotes:subject:Quotes_Subject:subject:V');
INSERT INTO xmai_selectcolumn VALUES ('15', '1', 'xmai_potentialRelQuotes:potentialname:Quotes_Potential_Name:potential_id:I');
INSERT INTO xmai_selectcolumn VALUES ('15', '2', 'xmai_quotes:quotestage:Quotes_Quote_Stage:quotestage:V');
INSERT INTO xmai_selectcolumn VALUES ('15', '3', 'xmai_quotes:contactid:Quotes_Contact_Name:contact_id:V');
INSERT INTO xmai_selectcolumn VALUES ('15', '4', 'xmai_usersRel1:user_name:Quotes_Inventory_Manager:assigned_user_id1:I');
INSERT INTO xmai_selectcolumn VALUES ('15', '5', 'xmai_accountQuotes:accountname:Quotes_Account_Name:account_id:I');
INSERT INTO xmai_selectcolumn VALUES ('16', '0', 'xmai_quotes:subject:Quotes_Subject:subject:V');
INSERT INTO xmai_selectcolumn VALUES ('16', '1', 'xmai_potentialRelQuotes:potentialname:Quotes_Potential_Name:potential_id:I');
INSERT INTO xmai_selectcolumn VALUES ('16', '2', 'xmai_quotes:quotestage:Quotes_Quote_Stage:quotestage:V');
INSERT INTO xmai_selectcolumn VALUES ('16', '3', 'xmai_quotes:contactid:Quotes_Contact_Name:contact_id:V');
INSERT INTO xmai_selectcolumn VALUES ('16', '4', 'xmai_usersRel1:user_name:Quotes_Inventory_Manager:assigned_user_id1:I');
INSERT INTO xmai_selectcolumn VALUES ('16', '5', 'xmai_accountQuotes:accountname:Quotes_Account_Name:account_id:I');
INSERT INTO xmai_selectcolumn VALUES ('16', '6', 'xmai_quotes:carrier:Quotes_Carrier:carrier:V');
INSERT INTO xmai_selectcolumn VALUES ('16', '7', 'xmai_quotes:shipping:Quotes_Shipping:shipping:V');
INSERT INTO xmai_selectcolumn VALUES ('17', '0', 'xmai_purchaseorder:subject:PurchaseOrder_Subject:subject:V');
INSERT INTO xmai_selectcolumn VALUES ('17', '1', 'xmai_vendorRelPurchaseOrder:vendorname:PurchaseOrder_Vendor_Name:vendor_id:I');
INSERT INTO xmai_selectcolumn VALUES ('17', '2', 'xmai_purchaseorder:tracking_no:PurchaseOrder_Tracking_Number:tracking_no:V');
INSERT INTO xmai_selectcolumn VALUES ('17', '3', 'xmai_contactdetails:firstname:Contacts_First_Name:firstname:V');
INSERT INTO xmai_selectcolumn VALUES ('17', '4', 'xmai_contactdetails:lastname:Contacts_Last_Name:lastname:V');
INSERT INTO xmai_selectcolumn VALUES ('17', '5', 'xmai_contactsubdetails:leadsource:Contacts_Lead_Source:leadsource:V');
INSERT INTO xmai_selectcolumn VALUES ('17', '6', 'xmai_contactdetails:email:Contacts_Email:email:E');
INSERT INTO xmai_selectcolumn VALUES ('18', '0', 'xmai_purchaseorder:subject:PurchaseOrder_Subject:subject:V');
INSERT INTO xmai_selectcolumn VALUES ('18', '1', 'xmai_vendorRelPurchaseOrder:vendorname:PurchaseOrder_Vendor_Name:vendor_id:I');
INSERT INTO xmai_selectcolumn VALUES ('18', '2', 'xmai_purchaseorder:requisition_no:PurchaseOrder_Requisition_No:requisition_no:V');
INSERT INTO xmai_selectcolumn VALUES ('18', '3', 'xmai_purchaseorder:tracking_no:PurchaseOrder_Tracking_Number:tracking_no:V');
INSERT INTO xmai_selectcolumn VALUES ('18', '4', 'xmai_contactdetailsPurchaseOrder:lastname:PurchaseOrder_Contact_Name:contact_id:I');
INSERT INTO xmai_selectcolumn VALUES ('18', '5', 'xmai_purchaseorder:carrier:PurchaseOrder_Carrier:carrier:V');
INSERT INTO xmai_selectcolumn VALUES ('18', '6', 'xmai_purchaseorder:salescommission:PurchaseOrder_Sales_Commission:salescommission:N');
INSERT INTO xmai_selectcolumn VALUES ('18', '7', 'xmai_purchaseorder:exciseduty:PurchaseOrder_Excise_Duty:exciseduty:N');
INSERT INTO xmai_selectcolumn VALUES ('18', '8', 'xmai_usersPurchaseOrder:user_name:PurchaseOrder_Assigned_To:assigned_user_id:V');
INSERT INTO xmai_selectcolumn VALUES ('19', '0', 'xmai_invoice:subject:Invoice_Subject:subject:V');
INSERT INTO xmai_selectcolumn VALUES ('19', '1', 'xmai_invoice:salesorderid:Invoice_Sales_Order:salesorder_id:I');
INSERT INTO xmai_selectcolumn VALUES ('19', '2', 'xmai_invoice:customerno:Invoice_Customer_No:customerno:V');
INSERT INTO xmai_selectcolumn VALUES ('19', '3', 'xmai_invoice:exciseduty:Invoice_Excise_Duty:exciseduty:N');
INSERT INTO xmai_selectcolumn VALUES ('19', '4', 'xmai_invoice:salescommission:Invoice_Sales_Commission:salescommission:N');
INSERT INTO xmai_selectcolumn VALUES ('19', '5', 'xmai_accountInvoice:accountname:Invoice_Account_Name:account_id:I');
INSERT INTO xmai_selectcolumn VALUES ('20', '0', 'xmai_salesorder:subject:SalesOrder_Subject:subject:V');
INSERT INTO xmai_selectcolumn VALUES ('20', '1', 'xmai_quotesSalesOrder:subject:SalesOrder_Quote_Name:quote_id:I');
INSERT INTO xmai_selectcolumn VALUES ('20', '2', 'xmai_contactdetailsSalesOrder:lastname:SalesOrder_Contact_Name:contact_id:I');
INSERT INTO xmai_selectcolumn VALUES ('20', '3', 'xmai_salesorder:duedate:SalesOrder_Due_Date:duedate:D');
INSERT INTO xmai_selectcolumn VALUES ('20', '4', 'xmai_salesorder:carrier:SalesOrder_Carrier:carrier:V');
INSERT INTO xmai_selectcolumn VALUES ('20', '5', 'xmai_salesorder:sostatus:SalesOrder_Status:sostatus:V');
INSERT INTO xmai_selectcolumn VALUES ('20', '6', 'xmai_accountSalesOrder:accountname:SalesOrder_Account_Name:account_id:I');
INSERT INTO xmai_selectcolumn VALUES ('20', '7', 'xmai_salesorder:salescommission:SalesOrder_Sales_Commission:salescommission:N');
INSERT INTO xmai_selectcolumn VALUES ('20', '8', 'xmai_salesorder:exciseduty:SalesOrder_Excise_Duty:exciseduty:N');
INSERT INTO xmai_selectcolumn VALUES ('20', '9', 'xmai_usersSalesOrder:user_name:SalesOrder_Assigned_To:assigned_user_id:V');
INSERT INTO xmai_selectcolumn VALUES ('21', '0', 'xmai_campaign:campaignname:Campaigns_Campaign_Name:campaignname:V');
INSERT INTO xmai_selectcolumn VALUES ('21', '1', 'xmai_campaign:campaigntype:Campaigns_Campaign_Type:campaigntype:V');
INSERT INTO xmai_selectcolumn VALUES ('21', '2', 'xmai_campaign:targetaudience:Campaigns_Target_Audience:targetaudience:V');
INSERT INTO xmai_selectcolumn VALUES ('21', '3', 'xmai_campaign:budgetcost:Campaigns_Budget_Cost:budgetcost:I');
INSERT INTO xmai_selectcolumn VALUES ('21', '4', 'xmai_campaign:actualcost:Campaigns_Actual_Cost:actualcost:I');
INSERT INTO xmai_selectcolumn VALUES ('21', '5', 'xmai_campaign:expectedrevenue:Campaigns_Expected_Revenue:expectedrevenue:I');
INSERT INTO xmai_selectcolumn VALUES ('21', '6', 'xmai_campaign:expectedsalescount:Campaigns_Expected_Sales_Count:expectedsalescount:N');
INSERT INTO xmai_selectcolumn VALUES ('21', '7', 'xmai_campaign:actualsalescount:Campaigns_Actual_Sales_Count:actualsalescount:N');
INSERT INTO xmai_selectcolumn VALUES ('21', '8', 'xmai_usersCampaigns:user_name:Campaigns_Assigned_To:assigned_user_id:V');

-- ----------------------------
-- Table structure for `xmai_selectquery`
-- ----------------------------
DROP TABLE IF EXISTS `xmai_selectquery`;
CREATE TABLE `xmai_selectquery` (
  `queryid` int(19) NOT NULL,
  `startindex` int(19) default '0',
  `numofobjects` int(19) default '0',
  PRIMARY KEY  (`queryid`),
  KEY `selectquery_queryid_idx` (`queryid`)
) ENGINE=InnoDB DEFAULT CHARSET=utf8;

-- ----------------------------
-- Records of xmai_selectquery
-- ----------------------------
INSERT INTO xmai_selectquery VALUES ('1', '0', '0');
INSERT INTO xmai_selectquery VALUES ('2', '0', '0');
INSERT INTO xmai_selectquery VALUES ('3', '0', '0');
INSERT INTO xmai_selectquery VALUES ('4', '0', '0');
INSERT INTO xmai_selectquery VALUES ('5', '0', '0');
INSERT INTO xmai_selectquery VALUES ('6', '0', '0');
INSERT INTO xmai_selectquery VALUES ('7', '0', '0');
INSERT INTO xmai_selectquery VALUES ('8', '0', '0');
INSERT INTO xmai_selectquery VALUES ('9', '0', '0');
INSERT INTO xmai_selectquery VALUES ('10', '0', '0');
INSERT INTO xmai_selectquery VALUES ('11', '0', '0');
INSERT INTO xmai_selectquery VALUES ('12', '0', '0');
INSERT INTO xmai_selectquery VALUES ('13', '0', '0');
INSERT INTO xmai_selectquery VALUES ('14', '0', '0');
INSERT INTO xmai_selectquery VALUES ('15', '0', '0');
INSERT INTO xmai_selectquery VALUES ('16', '0', '0');
INSERT INTO xmai_selectquery VALUES ('17', '0', '0');
INSERT INTO xmai_selectquery VALUES ('18', '0', '0');
INSERT INTO xmai_selectquery VALUES ('19', '0', '0');
INSERT INTO xmai_selectquery VALUES ('20', '0', '0');
INSERT INTO xmai_selectquery VALUES ('21', '0', '0');

-- ----------------------------
-- Table structure for `xmai_selectquery_seq`
-- ----------------------------
DROP TABLE IF EXISTS `xmai_selectquery_seq`;
CREATE TABLE `xmai_selectquery_seq` (
  `id` int(11) NOT NULL
) ENGINE=MyISAM DEFAULT CHARSET=utf8;

-- ----------------------------
-- Records of xmai_selectquery_seq
-- ----------------------------
INSERT INTO xmai_selectquery_seq VALUES ('21');

-- ----------------------------
-- Table structure for `xmai_senotesrel`
-- ----------------------------
DROP TABLE IF EXISTS `xmai_senotesrel`;
CREATE TABLE `xmai_senotesrel` (
  `crmid` int(19) NOT NULL default '0',
  `notesid` int(19) NOT NULL default '0',
  PRIMARY KEY  (`crmid`,`notesid`),
  KEY `senotesrel_notesid_idx` (`notesid`),
  KEY `senotesrel_crmid_idx` (`crmid`),
  CONSTRAINT `fk_2_xmai_senotesrel` FOREIGN KEY (`notesid`) REFERENCES `xmai_notes` (`notesid`) ON DELETE CASCADE
) ENGINE=InnoDB DEFAULT CHARSET=utf8;

-- ----------------------------
-- Records of xmai_senotesrel
-- ----------------------------

-- ----------------------------
-- Table structure for `xmai_seproductsrel`
-- ----------------------------
DROP TABLE IF EXISTS `xmai_seproductsrel`;
CREATE TABLE `xmai_seproductsrel` (
  `crmid` int(19) NOT NULL default '0',
  `productid` int(19) NOT NULL default '0',
  `setype` varchar(30) NOT NULL,
  PRIMARY KEY  (`crmid`,`productid`),
  KEY `seproductsrel_productid_idx` (`productid`),
  KEY `seproductrel_crmid_idx` (`crmid`),
  CONSTRAINT `fk_2_xmai_seproductsrel` FOREIGN KEY (`productid`) REFERENCES `xmai_products` (`productid`) ON DELETE CASCADE
) ENGINE=InnoDB DEFAULT CHARSET=utf8;

-- ----------------------------
-- Records of xmai_seproductsrel
-- ----------------------------

-- ----------------------------
-- Table structure for `xmai_service`
-- ----------------------------
DROP TABLE IF EXISTS `xmai_service`;
CREATE TABLE `xmai_service` (
  `serviceid` int(11) NOT NULL,
  `service_no` varchar(100) NOT NULL,
  `servicename` varchar(50) NOT NULL,
  `servicecategory` varchar(200) default NULL,
  `qty_per_unit` decimal(11,2) default '0.00',
  `unit_price` decimal(25,2) default NULL,
  `sales_start_date` date default NULL,
  `sales_end_date` date default NULL,
  `start_date` date default NULL,
  `expiry_date` date default NULL,
  `discontinued` int(1) NOT NULL default '0',
  `service_usageunit` varchar(200) default NULL,
  `website` varchar(100) default NULL,
  `taxclass` varchar(200) default NULL,
  `currency_id` int(19) NOT NULL default '1',
  `commissionrate` decimal(7,3) default NULL,
  PRIMARY KEY  (`serviceid`),
  CONSTRAINT `fk_1_xmai_service` FOREIGN KEY (`serviceid`) REFERENCES `xmai_crmentity` (`crmid`) ON DELETE CASCADE
) ENGINE=InnoDB DEFAULT CHARSET=utf8;

-- ----------------------------
-- Records of xmai_service
-- ----------------------------

-- ----------------------------
-- Table structure for `xmai_servicecategory`
-- ----------------------------
DROP TABLE IF EXISTS `xmai_servicecategory`;
CREATE TABLE `xmai_servicecategory` (
  `servicecategoryid` int(11) NOT NULL auto_increment,
  `servicecategory` varchar(200) NOT NULL,
  `presence` int(1) NOT NULL default '1',
  `picklist_valueid` int(11) NOT NULL default '0',
  PRIMARY KEY  (`servicecategoryid`)
) ENGINE=InnoDB AUTO_INCREMENT=7 DEFAULT CHARSET=utf8;

-- ----------------------------
-- Records of xmai_servicecategory
-- ----------------------------
INSERT INTO xmai_servicecategory VALUES ('1', '--None--', '1', '229');
INSERT INTO xmai_servicecategory VALUES ('2', 'Support', '1', '230');
INSERT INTO xmai_servicecategory VALUES ('3', 'Installation', '1', '231');
INSERT INTO xmai_servicecategory VALUES ('4', 'Migration', '1', '232');
INSERT INTO xmai_servicecategory VALUES ('5', 'Customization', '1', '233');
INSERT INTO xmai_servicecategory VALUES ('6', 'Training', '1', '234');

-- ----------------------------
-- Table structure for `xmai_servicecategory_seq`
-- ----------------------------
DROP TABLE IF EXISTS `xmai_servicecategory_seq`;
CREATE TABLE `xmai_servicecategory_seq` (
  `id` int(11) NOT NULL
) ENGINE=MyISAM DEFAULT CHARSET=utf8;

-- ----------------------------
-- Records of xmai_servicecategory_seq
-- ----------------------------
INSERT INTO xmai_servicecategory_seq VALUES ('6');

-- ----------------------------
-- Table structure for `xmai_servicecf`
-- ----------------------------
DROP TABLE IF EXISTS `xmai_servicecf`;
CREATE TABLE `xmai_servicecf` (
  `serviceid` int(19) NOT NULL default '0',
  PRIMARY KEY  (`serviceid`)
) ENGINE=InnoDB DEFAULT CHARSET=utf8;

-- ----------------------------
-- Records of xmai_servicecf
-- ----------------------------

-- ----------------------------
-- Table structure for `xmai_servicecontracts`
-- ----------------------------
DROP TABLE IF EXISTS `xmai_servicecontracts`;
CREATE TABLE `xmai_servicecontracts` (
  `servicecontractsid` int(11) default NULL,
  `start_date` date default NULL,
  `end_date` date default NULL,
  `sc_related_to` int(11) default NULL,
  `tracking_unit` varchar(100) default NULL,
  `total_units` decimal(5,2) default NULL,
  `used_units` decimal(5,2) default NULL,
  `subject` varchar(100) default NULL,
  `due_date` date default NULL,
  `planned_duration` varchar(256) default NULL,
  `actual_duration` varchar(256) default NULL,
  `contract_status` varchar(200) default NULL,
  `priority` varchar(200) default NULL,
  `contract_type` varchar(200) default NULL,
  `progress` decimal(5,2) default NULL,
  `contract_no` varchar(100) default NULL
) ENGINE=InnoDB DEFAULT CHARSET=utf8;

-- ----------------------------
-- Records of xmai_servicecontracts
-- ----------------------------

-- ----------------------------
-- Table structure for `xmai_servicecontractscf`
-- ----------------------------
DROP TABLE IF EXISTS `xmai_servicecontractscf`;
CREATE TABLE `xmai_servicecontractscf` (
  `servicecontractsid` int(11) NOT NULL,
  PRIMARY KEY  (`servicecontractsid`)
) ENGINE=InnoDB DEFAULT CHARSET=utf8;

-- ----------------------------
-- Records of xmai_servicecontractscf
-- ----------------------------

-- ----------------------------
-- Table structure for `xmai_service_usageunit`
-- ----------------------------
DROP TABLE IF EXISTS `xmai_service_usageunit`;
CREATE TABLE `xmai_service_usageunit` (
  `service_usageunitid` int(11) NOT NULL auto_increment,
  `service_usageunit` varchar(200) NOT NULL,
  `presence` int(1) NOT NULL default '1',
  `picklist_valueid` int(11) NOT NULL default '0',
  PRIMARY KEY  (`service_usageunitid`)
) ENGINE=InnoDB AUTO_INCREMENT=4 DEFAULT CHARSET=utf8;

-- ----------------------------
-- Records of xmai_service_usageunit
-- ----------------------------
INSERT INTO xmai_service_usageunit VALUES ('1', 'Hours', '1', '226');
INSERT INTO xmai_service_usageunit VALUES ('2', 'Days', '1', '227');
INSERT INTO xmai_service_usageunit VALUES ('3', 'Incidents', '1', '228');

-- ----------------------------
-- Table structure for `xmai_service_usageunit_seq`
-- ----------------------------
DROP TABLE IF EXISTS `xmai_service_usageunit_seq`;
CREATE TABLE `xmai_service_usageunit_seq` (
  `id` int(11) NOT NULL
) ENGINE=MyISAM DEFAULT CHARSET=utf8;

-- ----------------------------
-- Records of xmai_service_usageunit_seq
-- ----------------------------
INSERT INTO xmai_service_usageunit_seq VALUES ('3');

-- ----------------------------
-- Table structure for `xmai_seticketsrel`
-- ----------------------------
DROP TABLE IF EXISTS `xmai_seticketsrel`;
CREATE TABLE `xmai_seticketsrel` (
  `crmid` int(19) NOT NULL default '0',
  `ticketid` int(19) NOT NULL default '0',
  PRIMARY KEY  (`crmid`,`ticketid`),
  KEY `seticketsrel_crmid_idx` (`crmid`),
  KEY `seticketsrel_ticketid_idx` (`ticketid`),
  CONSTRAINT `fk_2_xmai_seticketsrel` FOREIGN KEY (`ticketid`) REFERENCES `xmai_troubletickets` (`ticketid`) ON DELETE CASCADE
) ENGINE=InnoDB DEFAULT CHARSET=utf8;

-- ----------------------------
-- Records of xmai_seticketsrel
-- ----------------------------

-- ----------------------------
-- Table structure for `xmai_settings_blocks`
-- ----------------------------
DROP TABLE IF EXISTS `xmai_settings_blocks`;
CREATE TABLE `xmai_settings_blocks` (
  `blockid` int(19) NOT NULL,
  `label` varchar(250) default NULL,
  `sequence` int(19) default NULL,
  PRIMARY KEY  (`blockid`)
) ENGINE=InnoDB DEFAULT CHARSET=utf8;

-- ----------------------------
-- Records of xmai_settings_blocks
-- ----------------------------
INSERT INTO xmai_settings_blocks VALUES ('1', 'LBL_MODULE_MANAGER', '1');
INSERT INTO xmai_settings_blocks VALUES ('2', 'LBL_USER_MANAGEMENT', '2');
INSERT INTO xmai_settings_blocks VALUES ('3', 'LBL_STUDIO', '3');
INSERT INTO xmai_settings_blocks VALUES ('4', 'LBL_COMMUNICATION_TEMPLATES', '4');
INSERT INTO xmai_settings_blocks VALUES ('5', 'LBL_OTHER_SETTINGS', '5');

-- ----------------------------
-- Table structure for `xmai_settings_blocks_seq`
-- ----------------------------
DROP TABLE IF EXISTS `xmai_settings_blocks_seq`;
CREATE TABLE `xmai_settings_blocks_seq` (
  `id` int(11) NOT NULL
) ENGINE=MyISAM DEFAULT CHARSET=utf8;

-- ----------------------------
-- Records of xmai_settings_blocks_seq
-- ----------------------------
INSERT INTO xmai_settings_blocks_seq VALUES ('5');

-- ----------------------------
-- Table structure for `xmai_settings_field`
-- ----------------------------
DROP TABLE IF EXISTS `xmai_settings_field`;
CREATE TABLE `xmai_settings_field` (
  `fieldid` int(19) NOT NULL,
  `blockid` int(19) default NULL,
  `name` varchar(250) default NULL,
  `iconpath` varchar(300) default NULL,
  `description` text,
  `linkto` text,
  `sequence` int(19) default NULL,
  `active` int(19) default '0',
  PRIMARY KEY  (`fieldid`),
  KEY `fk_1_xmai_settings_field` (`blockid`),
  CONSTRAINT `fk_1_xmai_settings_field` FOREIGN KEY (`blockid`) REFERENCES `xmai_settings_blocks` (`blockid`) ON DELETE CASCADE
) ENGINE=InnoDB DEFAULT CHARSET=utf8;

-- ----------------------------
-- Records of xmai_settings_field
-- ----------------------------
INSERT INTO xmai_settings_field VALUES ('1', '2', 'LBL_USERS', 'ico-users.gif', 'LBL_USER_DESCRIPTION', 'index.php?module=Administration&action=index&parenttab=Settings', '1', '0');
INSERT INTO xmai_settings_field VALUES ('2', '2', 'LBL_ROLES', 'ico-roles.gif', 'LBL_ROLE_DESCRIPTION', 'index.php?module=Settings&action=listroles&parenttab=Settings', '2', '0');
INSERT INTO xmai_settings_field VALUES ('3', '2', 'LBL_PROFILES', 'ico-profile.gif', 'LBL_PROFILE_DESCRIPTION', 'index.php?module=Settings&action=ListProfiles&parenttab=Settings', '3', '0');
INSERT INTO xmai_settings_field VALUES ('4', '2', 'USERGROUPLIST', 'ico-groups.gif', 'LBL_GROUP_DESCRIPTION', 'index.php?module=Settings&action=listgroups&parenttab=Settings', '4', '0');
INSERT INTO xmai_settings_field VALUES ('5', '2', 'LBL_SHARING_ACCESS', 'shareaccess.gif', 'LBL_SHARING_ACCESS_DESCRIPTION', 'index.php?module=Settings&action=OrgSharingDetailView&parenttab=Settings', '5', '0');
INSERT INTO xmai_settings_field VALUES ('6', '2', 'LBL_FIELDS_ACCESS', 'orgshar.gif', 'LBL_SHARING_FIELDS_DESCRIPTION', 'index.php?module=Settings&action=DefaultFieldPermissions&parenttab=Settings', '6', '0');
INSERT INTO xmai_settings_field VALUES ('7', '2', 'LBL_AUDIT_TRAIL', 'audit.gif', 'LBL_AUDIT_DESCRIPTION', 'index.php?module=Settings&action=AuditTrailList&parenttab=Settings', '7', '0');
INSERT INTO xmai_settings_field VALUES ('8', '2', 'LBL_LOGIN_HISTORY_DETAILS', 'set-IcoLoginHistory.gif', 'LBL_LOGIN_HISTORY_DESCRIPTION', 'index.php?module=Settings&action=ListLoginHistory&parenttab=Settings', '8', '0');
INSERT INTO xmai_settings_field VALUES ('9', '3', 'VTLIB_LBL_MODULE_MANAGER', 'vtlib_modmng.gif', 'VTLIB_LBL_MODULE_MANAGER_DESCRIPTION', 'index.php?module=Settings&action=ModuleManager&parenttab=Settings', '1', '0');
INSERT INTO xmai_settings_field VALUES ('10', '3', 'LBL_PICKLIST_EDITOR', 'picklist.gif', 'LBL_PICKLIST_DESCRIPTION', 'index.php?module=PickList&action=PickList&parenttab=Settings', '2', '0');
INSERT INTO xmai_settings_field VALUES ('11', '3', 'LBL_PICKLIST_DEPENDENCY_SETUP', 'picklistdependency.gif', 'LBL_PICKLIST_DEPENDENCY_DESCRIPTION', 'index.php?module=PickList&action=PickListDependencySetup&parenttab=Settings', '3', '0');
INSERT INTO xmai_settings_field VALUES ('12', '4', 'EMAILTEMPLATES', 'ViewTemplate.gif', 'LBL_EMAIL_TEMPLATE_DESCRIPTION', 'index.php?module=Settings&action=listemailtemplates&parenttab=Settings', '4', '0');
INSERT INTO xmai_settings_field VALUES ('13', '4', 'LBL_MAIL_MERGE', 'mailmarge.gif', 'LBL_MAIL_MERGE_DESCRIPTION', 'index.php?module=Settings&action=listwordtemplates&parenttab=Settings', '1', '0');
INSERT INTO xmai_settings_field VALUES ('14', '4', 'NOTIFICATIONSCHEDULERS', 'notification.gif', 'LBL_NOTIF_SCHED_DESCRIPTION', 'index.php?module=Settings&action=listnotificationschedulers&parenttab=Settings', '2', '0');
INSERT INTO xmai_settings_field VALUES ('15', '4', 'INVENTORYNOTIFICATION', 'inventory.gif', 'LBL_INV_NOTIF_DESCRIPTION', 'index.php?module=Settings&action=listinventorynotifications&parenttab=Settings', '3', '0');
INSERT INTO xmai_settings_field VALUES ('16', '4', 'LBL_COMPANY_DETAILS', 'company.gif', 'LBL_COMPANY_DESCRIPTION', 'index.php?module=Settings&action=OrganizationConfig&parenttab=Settings', '4', '0');
INSERT INTO xmai_settings_field VALUES ('17', '5', 'LBL_MAIL_SERVER_SETTINGS', 'ogmailserver.gif', 'LBL_MAIL_SERVER_DESCRIPTION', 'index.php?module=Settings&action=EmailConfig&parenttab=Settings', '5', '0');
INSERT INTO xmai_settings_field VALUES ('18', '5', 'LBL_BACKUP_SERVER_SETTINGS', 'backupserver.gif', 'LBL_BACKUP_SERVER_DESCRIPTION', 'index.php?module=Settings&action=BackupServerConfig&parenttab=Settings', '6', '0');
INSERT INTO xmai_settings_field VALUES ('19', '5', 'LBL_CURRENCY_SETTINGS', 'currency.gif', 'LBL_CURRENCY_DESCRIPTION', 'index.php?module=Settings&action=CurrencyListView&parenttab=Settings', '1', '0');
INSERT INTO xmai_settings_field VALUES ('20', '5', 'LBL_TAX_SETTINGS', 'taxConfiguration.gif', 'LBL_TAX_DESCRIPTION', 'index.php?module=Settings&action=TaxConfig&parenttab=Settings', '2', '0');
INSERT INTO xmai_settings_field VALUES ('21', '5', 'LBL_SYSTEM_INFO', 'system.gif', 'LBL_SYSTEM_DESCRIPTION', 'index.php?module=System&action=listsysconfig&parenttab=Settings', '3', '1');
INSERT INTO xmai_settings_field VALUES ('22', '5', 'LBL_PROXY_SETTINGS', 'proxy.gif', 'LBL_PROXY_DESCRIPTION', 'index.php?module=Settings&action=ProxyServerConfig&parenttab=Settings', '4', '0');
INSERT INTO xmai_settings_field VALUES ('23', '5', 'LBL_ANNOUNCEMENT', 'announ.gif', 'LBL_ANNOUNCEMENT_DESCRIPTION', 'index.php?module=Settings&action=Announcements&parenttab=Settings', '5', '0');
INSERT INTO xmai_settings_field VALUES ('24', '5', 'LBL_DEFAULT_MODULE_VIEW', 'set-IcoTwoTabConfig.gif', 'LBL_DEFAULT_MODULE_VIEW_DESC', 'index.php?module=Settings&action=DefModuleView&parenttab=Settings', '6', '0');
INSERT INTO xmai_settings_field VALUES ('25', '5', 'INVENTORYTERMSANDCONDITIONS', 'terms.gif', 'LBL_INV_TANDC_DESCRIPTION', 'index.php?module=Settings&action=OrganizationTermsandConditions&parenttab=Settings', '7', '0');
INSERT INTO xmai_settings_field VALUES ('26', '5', 'LBL_CUSTOMIZE_MODENT_NUMBER', 'settingsInvNumber.gif', 'LBL_CUSTOMIZE_MODENT_NUMBER_DESCRIPTION', 'index.php?module=Settings&action=CustomModEntityNo&parenttab=Settings', '8', '0');
INSERT INTO xmai_settings_field VALUES ('27', '5', 'LBL_MAIL_SCANNER', 'mailScanner.gif', 'LBL_MAIL_SCANNER_DESCRIPTION', 'index.php?module=Settings&action=MailScanner&parenttab=Settings', '9', '0');
INSERT INTO xmai_settings_field VALUES ('28', '5', 'LBL_LIST_WORKFLOWS', 'settingsWorkflow.png', 'LBL_LIST_WORKFLOWS_DESCRIPTION', 'index.php?module=com_xmai_workflow&action=workflowlist&parenttab=Settings', '10', '0');
INSERT INTO xmai_settings_field VALUES ('29', '3', 'LBL_MENU_EDITOR', 'menueditor.png', 'LBL_MENU_DESC', 'index.php?module=Settings&action=MenuEditor&parenttab=Settings', '11', '0');
INSERT INTO xmai_settings_field VALUES ('30', '1', 'LBL_WORKFLOW_LIST', 'settingsWorkflow.png', 'LBL_AVAILABLE_WORKLIST_LIST', 'index.php?module=com_xmai_workflow&action=workflowlist', '1', '0');
INSERT INTO xmai_settings_field VALUES ('31', '5', 'Configuration Editor', 'migrate.gif', 'Update configuration file of the application', 'index.php?module=ConfigEditor&action=index', '11', '0');
INSERT INTO xmai_settings_field VALUES ('32', '5', 'ModTracker', 'set-IcoLoginHistory.gif', 'LBL_MODTRACKER_DESCRIPTION', 'index.php?module=ModTracker&action=BasicSettings&parenttab=Settings&formodule=ModTracker', '12', '0');
INSERT INTO xmai_settings_field VALUES ('33', '5', 'Scheduler', 'Cron.png', 'Allows you to Configure Cron Task', 'index.php?module=CronTasks&action=ListCronJobs&parenttab=Settings', '13', '0');
INSERT INTO xmai_settings_field VALUES ('34', '5', 'LBL_CUSTOMER_PORTAL', 'portal_icon.png', 'PORTAL_EXTENSION_DESCRIPTION', 'index.php?module=CustomerPortal&action=index&parenttab=Settings', '14', '0');
INSERT INTO xmai_settings_field VALUES ('35', '1', 'LBL_FIELDFORMULAS', 'modules/FieldFormulas/resources/FieldFormulas.png', 'LBL_FIELDFORMULAS_DESCRIPTION', 'index.php?module=FieldFormulas&action=index&parenttab=Settings', '15', '0');
INSERT INTO xmai_settings_field VALUES ('36', '1', 'LBL_TOOLTIP_MANAGEMENT', 'quickview.png', 'LBL_TOOLTIP_MANAGEMENT_DESCRIPTION', 'index.php?module=Tooltip&action=QuickView&parenttab=Settings', null, '0');
INSERT INTO xmai_settings_field VALUES ('37', '5', 'Webforms', 'modules/Webforms/img/Webform.png', 'Allows you to manage Webforms', 'index.php?module=Webforms&action=index&parenttab=Settings', '15', '0');

-- ----------------------------
-- Table structure for `xmai_settings_field_seq`
-- ----------------------------
DROP TABLE IF EXISTS `xmai_settings_field_seq`;
CREATE TABLE `xmai_settings_field_seq` (
  `id` int(11) NOT NULL
) ENGINE=MyISAM DEFAULT CHARSET=utf8;

-- ----------------------------
-- Records of xmai_settings_field_seq
-- ----------------------------
INSERT INTO xmai_settings_field_seq VALUES ('37');

-- ----------------------------
-- Table structure for `xmai_sharedcalendar`
-- ----------------------------
DROP TABLE IF EXISTS `xmai_sharedcalendar`;
CREATE TABLE `xmai_sharedcalendar` (
  `userid` int(19) NOT NULL,
  `sharedid` int(19) NOT NULL,
  PRIMARY KEY  (`userid`,`sharedid`)
) ENGINE=InnoDB DEFAULT CHARSET=utf8;

-- ----------------------------
-- Records of xmai_sharedcalendar
-- ----------------------------

-- ----------------------------
-- Table structure for `xmai_shippingtaxinfo`
-- ----------------------------
DROP TABLE IF EXISTS `xmai_shippingtaxinfo`;
CREATE TABLE `xmai_shippingtaxinfo` (
  `taxid` int(3) NOT NULL,
  `taxname` varchar(50) default NULL,
  `taxlabel` varchar(50) default NULL,
  `percentage` decimal(7,3) default NULL,
  `deleted` int(1) default NULL,
  PRIMARY KEY  (`taxid`),
  KEY `shippingtaxinfo_taxname_idx` (`taxname`)
) ENGINE=InnoDB DEFAULT CHARSET=utf8;

-- ----------------------------
-- Records of xmai_shippingtaxinfo
-- ----------------------------
INSERT INTO xmai_shippingtaxinfo VALUES ('1', 'shtax1', 'VAT', '4.500', '0');
INSERT INTO xmai_shippingtaxinfo VALUES ('2', 'shtax2', 'Sales', '10.000', '0');
INSERT INTO xmai_shippingtaxinfo VALUES ('3', 'shtax3', 'Service', '12.500', '0');

-- ----------------------------
-- Table structure for `xmai_shippingtaxinfo_seq`
-- ----------------------------
DROP TABLE IF EXISTS `xmai_shippingtaxinfo_seq`;
CREATE TABLE `xmai_shippingtaxinfo_seq` (
  `id` int(11) NOT NULL
) ENGINE=MyISAM DEFAULT CHARSET=utf8;

-- ----------------------------
-- Records of xmai_shippingtaxinfo_seq
-- ----------------------------
INSERT INTO xmai_shippingtaxinfo_seq VALUES ('3');

-- ----------------------------
-- Table structure for `xmai_smsnotifier`
-- ----------------------------
DROP TABLE IF EXISTS `xmai_smsnotifier`;
CREATE TABLE `xmai_smsnotifier` (
  `smsnotifierid` int(11) default NULL,
  `message` text,
  `status` varchar(100) default NULL
) ENGINE=InnoDB DEFAULT CHARSET=utf8;

-- ----------------------------
-- Records of xmai_smsnotifier
-- ----------------------------

-- ----------------------------
-- Table structure for `xmai_smsnotifiercf`
-- ----------------------------
DROP TABLE IF EXISTS `xmai_smsnotifiercf`;
CREATE TABLE `xmai_smsnotifiercf` (
  `smsnotifierid` int(11) NOT NULL,
  PRIMARY KEY  (`smsnotifierid`)
) ENGINE=InnoDB DEFAULT CHARSET=utf8;

-- ----------------------------
-- Records of xmai_smsnotifiercf
-- ----------------------------

-- ----------------------------
-- Table structure for `xmai_smsnotifier_servers`
-- ----------------------------
DROP TABLE IF EXISTS `xmai_smsnotifier_servers`;
CREATE TABLE `xmai_smsnotifier_servers` (
  `id` int(11) NOT NULL auto_increment,
  `password` varchar(255) default NULL,
  `isactive` int(1) default NULL,
  `providertype` varchar(50) default NULL,
  `username` varchar(255) default NULL,
  `parameters` text,
  PRIMARY KEY  (`id`)
) ENGINE=InnoDB DEFAULT CHARSET=utf8;

-- ----------------------------
-- Records of xmai_smsnotifier_servers
-- ----------------------------

-- ----------------------------
-- Table structure for `xmai_smsnotifier_status`
-- ----------------------------
DROP TABLE IF EXISTS `xmai_smsnotifier_status`;
CREATE TABLE `xmai_smsnotifier_status` (
  `smsnotifierid` int(11) default NULL,
  `tonumber` varchar(20) default NULL,
  `status` varchar(10) default NULL,
  `smsmessageid` varchar(50) default NULL,
  `needlookup` int(1) default '1',
  `statusid` int(11) NOT NULL auto_increment,
  `statusmessage` varchar(100) default NULL,
  PRIMARY KEY  (`statusid`)
) ENGINE=InnoDB DEFAULT CHARSET=utf8;

-- ----------------------------
-- Records of xmai_smsnotifier_status
-- ----------------------------

-- ----------------------------
-- Table structure for `xmai_soapservice`
-- ----------------------------
DROP TABLE IF EXISTS `xmai_soapservice`;
CREATE TABLE `xmai_soapservice` (
  `id` int(19) default NULL,
  `type` varchar(25) default NULL,
  `sessionid` varchar(100) default NULL
) ENGINE=InnoDB DEFAULT CHARSET=utf8;

-- ----------------------------
-- Records of xmai_soapservice
-- ----------------------------

-- ----------------------------
-- Table structure for `xmai_sobillads`
-- ----------------------------
DROP TABLE IF EXISTS `xmai_sobillads`;
CREATE TABLE `xmai_sobillads` (
  `sobilladdressid` int(19) NOT NULL default '0',
  `bill_city` varchar(30) default NULL,
  `bill_code` varchar(30) default NULL,
  `bill_country` varchar(30) default NULL,
  `bill_state` varchar(30) default NULL,
  `bill_street` varchar(250) default NULL,
  `bill_pobox` varchar(30) default NULL,
  PRIMARY KEY  (`sobilladdressid`),
  CONSTRAINT `fk_1_xmai_sobillads` FOREIGN KEY (`sobilladdressid`) REFERENCES `xmai_salesorder` (`salesorderid`) ON DELETE CASCADE
) ENGINE=InnoDB DEFAULT CHARSET=utf8;

-- ----------------------------
-- Records of xmai_sobillads
-- ----------------------------
INSERT INTO xmai_sobillads VALUES ('79', 'San Jose', '16811', 'USA', 'CA', '345 Sugar Blvd.', '');
INSERT INTO xmai_sobillads VALUES ('80', 'Sunnyvale', '69213', 'USA', 'CA', '999 Baker Way', '');
INSERT INTO xmai_sobillads VALUES ('81', 'San Mateo', '65881', 'USA', 'CA', '999 Baker Way', '');
INSERT INTO xmai_sobillads VALUES ('82', 'San Francisco', '23255', 'USA', 'CA', '999 Baker Way', '');
INSERT INTO xmai_sobillads VALUES ('83', 'San Mateo', '12241', 'USA', 'CA', '345 Sugar Blvd.', '');

-- ----------------------------
-- Table structure for `xmai_soshipads`
-- ----------------------------
DROP TABLE IF EXISTS `xmai_soshipads`;
CREATE TABLE `xmai_soshipads` (
  `soshipaddressid` int(19) NOT NULL default '0',
  `ship_city` varchar(30) default NULL,
  `ship_code` varchar(30) default NULL,
  `ship_country` varchar(30) default NULL,
  `ship_state` varchar(30) default NULL,
  `ship_street` varchar(250) default NULL,
  `ship_pobox` varchar(30) default NULL,
  PRIMARY KEY  (`soshipaddressid`),
  CONSTRAINT `fk_1_xmai_soshipads` FOREIGN KEY (`soshipaddressid`) REFERENCES `xmai_salesorder` (`salesorderid`) ON DELETE CASCADE
) ENGINE=InnoDB DEFAULT CHARSET=utf8;

-- ----------------------------
-- Records of xmai_soshipads
-- ----------------------------
INSERT INTO xmai_soshipads VALUES ('79', 'San Jose', '94732', 'USA', 'CA', '999 Baker Way', '');
INSERT INTO xmai_soshipads VALUES ('80', 'San Jose', '94732', 'USA', 'CA', '999 Baker Way', '');
INSERT INTO xmai_soshipads VALUES ('81', 'San Jose', '94732', 'USA', 'CA', '999 Baker Way', '');
INSERT INTO xmai_soshipads VALUES ('82', 'San Jose', '94732', 'USA', 'CA', '999 Baker Way', '');
INSERT INTO xmai_soshipads VALUES ('83', 'San Jose', '94732', 'USA', 'CA', '999 Baker Way', '');

-- ----------------------------
-- Table structure for `xmai_sostatus`
-- ----------------------------
DROP TABLE IF EXISTS `xmai_sostatus`;
CREATE TABLE `xmai_sostatus` (
  `sostatusid` int(19) NOT NULL auto_increment,
  `sostatus` varchar(200) NOT NULL,
  `presence` int(1) NOT NULL default '1',
  `picklist_valueid` int(19) NOT NULL default '0',
  PRIMARY KEY  (`sostatusid`),
  UNIQUE KEY `sostatus_sostatus_idx` (`sostatus`)
) ENGINE=InnoDB AUTO_INCREMENT=5 DEFAULT CHARSET=utf8;

-- ----------------------------
-- Records of xmai_sostatus
-- ----------------------------
INSERT INTO xmai_sostatus VALUES ('1', 'Created', '0', '166');
INSERT INTO xmai_sostatus VALUES ('2', 'Approved', '0', '167');
INSERT INTO xmai_sostatus VALUES ('3', 'Delivered', '0', '168');
INSERT INTO xmai_sostatus VALUES ('4', 'Cancelled', '0', '169');

-- ----------------------------
-- Table structure for `xmai_sostatushistory`
-- ----------------------------
DROP TABLE IF EXISTS `xmai_sostatushistory`;
CREATE TABLE `xmai_sostatushistory` (
  `historyid` int(19) NOT NULL auto_increment,
  `salesorderid` int(19) NOT NULL,
  `accountname` varchar(100) default NULL,
  `total` decimal(10,0) default NULL,
  `sostatus` varchar(200) default NULL,
  `lastmodified` datetime default NULL,
  PRIMARY KEY  (`historyid`),
  KEY `sostatushistory_salesorderid_idx` (`salesorderid`),
  CONSTRAINT `fk_1_xmai_sostatushistory` FOREIGN KEY (`salesorderid`) REFERENCES `xmai_salesorder` (`salesorderid`) ON DELETE CASCADE
) ENGINE=InnoDB DEFAULT CHARSET=utf8;

-- ----------------------------
-- Records of xmai_sostatushistory
-- ----------------------------

-- ----------------------------
-- Table structure for `xmai_sostatus_seq`
-- ----------------------------
DROP TABLE IF EXISTS `xmai_sostatus_seq`;
CREATE TABLE `xmai_sostatus_seq` (
  `id` int(11) NOT NULL
) ENGINE=MyISAM DEFAULT CHARSET=utf8;

-- ----------------------------
-- Records of xmai_sostatus_seq
-- ----------------------------
INSERT INTO xmai_sostatus_seq VALUES ('4');

-- ----------------------------
-- Table structure for `xmai_status`
-- ----------------------------
DROP TABLE IF EXISTS `xmai_status`;
CREATE TABLE `xmai_status` (
  `statusid` int(19) NOT NULL auto_increment,
  `status` varchar(200) NOT NULL,
  `presence` int(1) NOT NULL default '1',
  `picklist_valueid` int(19) NOT NULL default '0',
  PRIMARY KEY  (`statusid`)
) ENGINE=InnoDB AUTO_INCREMENT=3 DEFAULT CHARSET=utf8;

-- ----------------------------
-- Records of xmai_status
-- ----------------------------
INSERT INTO xmai_status VALUES ('1', 'Active', '0', '1');
INSERT INTO xmai_status VALUES ('2', 'Inactive', '1', '1');

-- ----------------------------
-- Table structure for `xmai_status_seq`
-- ----------------------------
DROP TABLE IF EXISTS `xmai_status_seq`;
CREATE TABLE `xmai_status_seq` (
  `id` int(11) NOT NULL
) ENGINE=MyISAM DEFAULT CHARSET=utf8;

-- ----------------------------
-- Records of xmai_status_seq
-- ----------------------------
INSERT INTO xmai_status_seq VALUES ('2');

-- ----------------------------
-- Table structure for `xmai_systems`
-- ----------------------------
DROP TABLE IF EXISTS `xmai_systems`;
CREATE TABLE `xmai_systems` (
  `id` int(19) NOT NULL,
  `server` varchar(100) default NULL,
  `server_port` int(19) default NULL,
  `server_username` varchar(100) default NULL,
  `server_password` varchar(100) default NULL,
  `server_type` varchar(20) default NULL,
  `smtp_auth` varchar(5) default NULL,
  `server_path` varchar(256) default NULL,
  `from_email_field` varchar(50) default NULL,
  PRIMARY KEY  (`id`)
) ENGINE=InnoDB DEFAULT CHARSET=utf8;

-- ----------------------------
-- Records of xmai_systems
-- ----------------------------

-- ----------------------------
-- Table structure for `xmai_tab`
-- ----------------------------
DROP TABLE IF EXISTS `xmai_tab`;
CREATE TABLE `xmai_tab` (
  `tabid` int(19) NOT NULL default '0',
  `name` varchar(25) NOT NULL,
  `presence` int(19) NOT NULL default '1',
  `tabsequence` int(10) default NULL,
  `tablabel` varchar(25) NOT NULL,
  `modifiedby` int(19) default NULL,
  `modifiedtime` int(19) default NULL,
  `customized` int(19) default NULL,
  `ownedby` int(19) default NULL,
  `isentitytype` int(11) NOT NULL default '1',
  `version` varchar(10) default NULL,
  `parent` varchar(30) default NULL,
  PRIMARY KEY  (`tabid`),
  UNIQUE KEY `tab_name_idx` (`name`),
  KEY `tab_modifiedby_idx` (`modifiedby`),
  KEY `tab_tabid_idx` (`tabid`)
) ENGINE=InnoDB DEFAULT CHARSET=utf8;

-- ----------------------------
-- Records of xmai_tab
-- ----------------------------
INSERT INTO xmai_tab VALUES ('1', 'Dashboard', '0', '12', 'Dashboards', null, null, '0', '1', '0', null, 'Analytics');
INSERT INTO xmai_tab VALUES ('2', 'Potentials', '0', '7', 'Potentials', null, null, '0', '0', '1', null, 'Sales');
INSERT INTO xmai_tab VALUES ('3', 'Home', '0', '1', 'Home', null, null, '0', '1', '0', null, null);
INSERT INTO xmai_tab VALUES ('4', 'Contacts', '0', '6', 'Contacts', null, null, '0', '0', '1', null, 'Sales');
INSERT INTO xmai_tab VALUES ('6', 'Accounts', '0', '5', 'Accounts', null, null, '0', '0', '1', null, 'Sales');
INSERT INTO xmai_tab VALUES ('7', 'Leads', '0', '4', 'Leads', null, null, '0', '0', '1', null, 'Sales');
INSERT INTO xmai_tab VALUES ('8', 'Documents', '0', '9', 'Documents', null, null, '0', '0', '1', null, 'Tools');
INSERT INTO xmai_tab VALUES ('9', 'Calendar', '0', '3', 'Calendar', null, null, '0', '0', '1', null, 'Tools');
INSERT INTO xmai_tab VALUES ('10', 'Emails', '0', '10', 'Emails', null, null, '0', '1', '1', null, 'Tools');
INSERT INTO xmai_tab VALUES ('13', 'HelpDesk', '0', '11', 'HelpDesk', null, null, '0', '0', '1', null, 'Support');
INSERT INTO xmai_tab VALUES ('14', 'Products', '0', '8', 'Products', null, null, '0', '0', '1', null, 'Inventory');
INSERT INTO xmai_tab VALUES ('15', 'Faq', '0', '-1', 'Faq', null, null, '0', '1', '1', null, 'Support');
INSERT INTO xmai_tab VALUES ('16', 'Events', '2', '-1', 'Events', null, null, '0', '0', '1', null, null);
INSERT INTO xmai_tab VALUES ('18', 'Vendors', '0', '-1', 'Vendors', null, null, '0', '1', '1', null, 'Inventory');
INSERT INTO xmai_tab VALUES ('19', 'PriceBooks', '0', '-1', 'PriceBooks', null, null, '0', '1', '1', null, 'Inventory');
INSERT INTO xmai_tab VALUES ('20', 'Quotes', '0', '-1', 'Quotes', null, null, '0', '0', '1', null, 'Sales');
INSERT INTO xmai_tab VALUES ('21', 'PurchaseOrder', '0', '-1', 'PurchaseOrder', null, null, '0', '0', '1', null, 'Inventory');
INSERT INTO xmai_tab VALUES ('22', 'SalesOrder', '0', '-1', 'SalesOrder', null, null, '0', '0', '1', null, 'Sales');
INSERT INTO xmai_tab VALUES ('23', 'Invoice', '0', '-1', 'Invoice', null, null, '0', '0', '1', null, 'Sales');
INSERT INTO xmai_tab VALUES ('24', 'Rss', '0', '-1', 'Rss', null, null, '0', '1', '0', null, 'Tools');
INSERT INTO xmai_tab VALUES ('25', 'Reports', '0', '-1', 'Reports', null, null, '0', '1', '0', null, 'Analytics');
INSERT INTO xmai_tab VALUES ('26', 'Campaigns', '0', '-1', 'Campaigns', null, null, '0', '0', '1', null, 'Marketing');
INSERT INTO xmai_tab VALUES ('27', 'Portal', '0', '-1', 'Portal', null, null, '0', '1', '0', null, 'Tools');
INSERT INTO xmai_tab VALUES ('28', 'Webmails', '0', '-1', 'Webmails', null, null, '0', '1', '1', null, null);
INSERT INTO xmai_tab VALUES ('29', 'Users', '0', '-1', 'Users', null, null, '0', '1', '0', null, null);
INSERT INTO xmai_tab VALUES ('30', 'ConfigEditor', '0', '-1', 'ConfigEditor', null, null, '1', '0', '0', '1.9', '');
INSERT INTO xmai_tab VALUES ('31', 'Import', '0', '-1', 'Import', null, null, '1', '0', '0', '1.2', '');
INSERT INTO xmai_tab VALUES ('32', 'Integration', '0', '-1', 'Integration', null, null, '1', '0', '0', '1.0', 'Tools');
INSERT INTO xmai_tab VALUES ('33', 'MailManager', '0', '-1', 'MailManager', null, null, '1', '0', '0', '1.4', 'Tools');
INSERT INTO xmai_tab VALUES ('34', 'Mobile', '0', '-1', 'Mobile', null, null, '1', '0', '0', '1.6', '');
INSERT INTO xmai_tab VALUES ('35', 'ModTracker', '0', '-1', 'ModTracker', null, null, '0', '0', '0', '1.0', '');
INSERT INTO xmai_tab VALUES ('36', 'PBXManager', '0', '-1', 'PBXManager', null, null, '0', '0', '1', '1.7', 'Tools');
INSERT INTO xmai_tab VALUES ('37', 'ServiceContracts', '0', '-1', 'Service Contracts', null, null, '0', '0', '1', '2.1', 'Support');
INSERT INTO xmai_tab VALUES ('38', 'Services', '0', '-1', 'Services', null, null, '0', '0', '1', '2.2', 'Inventory');
INSERT INTO xmai_tab VALUES ('39', 'xmaiBackup', '0', '-1', 'xmai Backup', null, null, '0', '0', '0', '1.2', '');
INSERT INTO xmai_tab VALUES ('40', 'WSAPP', '0', '-1', 'WSAPP', null, null, '1', '0', '0', '3.4.4', '');
INSERT INTO xmai_tab VALUES ('41', 'Assets', '0', '-1', 'Assets', null, null, '0', '0', '1', '1.6', 'Inventory');
INSERT INTO xmai_tab VALUES ('42', 'CronTasks', '0', '-1', 'CronTasks', null, null, '1', '0', '0', '1.1', '');
INSERT INTO xmai_tab VALUES ('43', 'CustomerPortal', '0', '-1', 'CustomerPortal', null, null, '0', '0', '0', '1.4', '');
INSERT INTO xmai_tab VALUES ('44', 'FieldFormulas', '0', '-1', 'Field Formulas', null, null, '0', '0', '0', '1.2', '');
INSERT INTO xmai_tab VALUES ('45', 'ModComments', '0', '-1', 'Comments', null, null, '0', '0', '1', '1.9', 'Tools');
INSERT INTO xmai_tab VALUES ('46', 'ProjectMilestone', '0', '-1', 'ProjectMilestone', null, null, '0', '0', '1', '2.7', 'Support');
INSERT INTO xmai_tab VALUES ('47', 'ProjectTask', '0', '-1', 'ProjectTask', null, null, '0', '0', '1', '2.7', 'Support');
INSERT INTO xmai_tab VALUES ('48', 'Project', '0', '-1', 'Project', null, null, '0', '0', '1', '2.7', 'Support');
INSERT INTO xmai_tab VALUES ('49', 'RecycleBin', '0', '-1', 'Recycle Bin', null, null, '0', '0', '0', '1.5', 'Tools');
INSERT INTO xmai_tab VALUES ('50', 'SMSNotifier', '0', '-1', 'SMSNotifier', null, null, '0', '0', '1', '1.8', 'Tools');
INSERT INTO xmai_tab VALUES ('51', 'Tooltip', '0', '-1', 'Tool Tip', null, null, '0', '0', '0', '1.2', '');
INSERT INTO xmai_tab VALUES ('52', 'Webforms', '0', '-1', 'Webforms', null, null, '0', '0', '0', '1.2', '');

-- ----------------------------
-- Table structure for `xmai_tab_info`
-- ----------------------------
DROP TABLE IF EXISTS `xmai_tab_info`;
CREATE TABLE `xmai_tab_info` (
  `tabid` int(19) default NULL,
  `prefname` varchar(256) default NULL,
  `prefvalue` varchar(256) default NULL,
  KEY `fk_1_xmai_tab_info` (`tabid`),
  CONSTRAINT `fk_1_xmai_tab_info` FOREIGN KEY (`tabid`) REFERENCES `xmai_tab` (`tabid`) ON DELETE CASCADE ON UPDATE CASCADE
) ENGINE=InnoDB DEFAULT CHARSET=utf8;

-- ----------------------------
-- Records of xmai_tab_info
-- ----------------------------
INSERT INTO xmai_tab_info VALUES ('30', 'xmai_min_version', '5.1.0');
INSERT INTO xmai_tab_info VALUES ('30', 'xmai_max_version', '5.*');
INSERT INTO xmai_tab_info VALUES ('31', 'xmai_min_version', '5.3.0');
INSERT INTO xmai_tab_info VALUES ('31', 'xmai_max_version', '5.*');
INSERT INTO xmai_tab_info VALUES ('32', 'xmai_min_version', '5.1.0');
INSERT INTO xmai_tab_info VALUES ('33', 'xmai_min_version', '5.2.0');
INSERT INTO xmai_tab_info VALUES ('34', 'xmai_min_version', '5.3.4');
INSERT INTO xmai_tab_info VALUES ('35', 'xmai_min_version', '5.1.0');
INSERT INTO xmai_tab_info VALUES ('36', 'xmai_min_version', '5.1.0');
INSERT INTO xmai_tab_info VALUES ('36', 'xmai_max_version', '5.*');
INSERT INTO xmai_tab_info VALUES ('37', 'xmai_min_version', '5.1.0');
INSERT INTO xmai_tab_info VALUES ('37', 'xmai_max_version', '5.*');
INSERT INTO xmai_tab_info VALUES ('38', 'xmai_min_version', '5.1.0');
INSERT INTO xmai_tab_info VALUES ('38', 'xmai_max_version', '5.*');
INSERT INTO xmai_tab_info VALUES ('39', 'xmai_min_version', '5.1.0');
INSERT INTO xmai_tab_info VALUES ('40', 'xmai_min_version', '5.1.0');
INSERT INTO xmai_tab_info VALUES ('41', 'xmai_min_version', '5.1.0');
INSERT INTO xmai_tab_info VALUES ('41', 'xmai_max_version', '5.*');
INSERT INTO xmai_tab_info VALUES ('42', 'xmai_min_version', '5.3.1');
INSERT INTO xmai_tab_info VALUES ('42', 'xmai_max_version', '5.*');
INSERT INTO xmai_tab_info VALUES ('43', 'xmai_min_version', '5.1.0');
INSERT INTO xmai_tab_info VALUES ('43', 'xmai_max_version', '5.*');
INSERT INTO xmai_tab_info VALUES ('44', 'xmai_min_version', '5.1.0');
INSERT INTO xmai_tab_info VALUES ('44', 'xmai_max_version', '5.*');
INSERT INTO xmai_tab_info VALUES ('45', 'xmai_min_version', '5.1.0');
INSERT INTO xmai_tab_info VALUES ('45', 'xmai_max_version', '5.*');
INSERT INTO xmai_tab_info VALUES ('46', 'xmai_min_version', '5.2.0');
INSERT INTO xmai_tab_info VALUES ('47', 'xmai_min_version', '5.2.0');
INSERT INTO xmai_tab_info VALUES ('48', 'xmai_min_version', '5.2.0');
INSERT INTO xmai_tab_info VALUES ('49', 'xmai_min_version', '5.1.0');
INSERT INTO xmai_tab_info VALUES ('49', 'xmai_max_version', '5.*');
INSERT INTO xmai_tab_info VALUES ('50', 'xmai_min_version', '5.1.0');
INSERT INTO xmai_tab_info VALUES ('50', 'xmai_max_version', '5.*');
INSERT INTO xmai_tab_info VALUES ('51', 'xmai_min_version', '5.1.0');
INSERT INTO xmai_tab_info VALUES ('51', 'xmai_max_version', '5.*');
INSERT INTO xmai_tab_info VALUES ('52', 'xmai_min_version', '5.3.0');
INSERT INTO xmai_tab_info VALUES ('52', 'xmai_max_version', '5.*');

-- ----------------------------
-- Table structure for `xmai_taskpriority`
-- ----------------------------
DROP TABLE IF EXISTS `xmai_taskpriority`;
CREATE TABLE `xmai_taskpriority` (
  `taskpriorityid` int(19) NOT NULL auto_increment,
  `taskpriority` varchar(200) default NULL,
  `presence` int(1) NOT NULL default '1',
  `picklist_valueid` int(19) NOT NULL default '0',
  PRIMARY KEY  (`taskpriorityid`)
) ENGINE=InnoDB AUTO_INCREMENT=4 DEFAULT CHARSET=utf8;

-- ----------------------------
-- Records of xmai_taskpriority
-- ----------------------------
INSERT INTO xmai_taskpriority VALUES ('1', 'High', '1', '170');
INSERT INTO xmai_taskpriority VALUES ('2', 'Medium', '1', '171');
INSERT INTO xmai_taskpriority VALUES ('3', 'Low', '1', '172');

-- ----------------------------
-- Table structure for `xmai_taskpriority_seq`
-- ----------------------------
DROP TABLE IF EXISTS `xmai_taskpriority_seq`;
CREATE TABLE `xmai_taskpriority_seq` (
  `id` int(11) NOT NULL
) ENGINE=MyISAM DEFAULT CHARSET=utf8;

-- ----------------------------
-- Records of xmai_taskpriority_seq
-- ----------------------------
INSERT INTO xmai_taskpriority_seq VALUES ('3');

-- ----------------------------
-- Table structure for `xmai_taskstatus`
-- ----------------------------
DROP TABLE IF EXISTS `xmai_taskstatus`;
CREATE TABLE `xmai_taskstatus` (
  `taskstatusid` int(19) NOT NULL auto_increment,
  `taskstatus` varchar(200) default NULL,
  `presence` int(1) NOT NULL default '1',
  `picklist_valueid` int(19) NOT NULL default '0',
  PRIMARY KEY  (`taskstatusid`)
) ENGINE=InnoDB AUTO_INCREMENT=7 DEFAULT CHARSET=utf8;

-- ----------------------------
-- Records of xmai_taskstatus
-- ----------------------------
INSERT INTO xmai_taskstatus VALUES ('1', 'Not Started', '0', '173');
INSERT INTO xmai_taskstatus VALUES ('2', 'In Progress', '0', '174');
INSERT INTO xmai_taskstatus VALUES ('3', 'Completed', '0', '175');
INSERT INTO xmai_taskstatus VALUES ('4', 'Pending Input', '0', '176');
INSERT INTO xmai_taskstatus VALUES ('5', 'Deferred', '0', '177');
INSERT INTO xmai_taskstatus VALUES ('6', 'Planned', '0', '178');

-- ----------------------------
-- Table structure for `xmai_taskstatus_seq`
-- ----------------------------
DROP TABLE IF EXISTS `xmai_taskstatus_seq`;
CREATE TABLE `xmai_taskstatus_seq` (
  `id` int(11) NOT NULL
) ENGINE=MyISAM DEFAULT CHARSET=utf8;

-- ----------------------------
-- Records of xmai_taskstatus_seq
-- ----------------------------
INSERT INTO xmai_taskstatus_seq VALUES ('6');

-- ----------------------------
-- Table structure for `xmai_taxclass`
-- ----------------------------
DROP TABLE IF EXISTS `xmai_taxclass`;
CREATE TABLE `xmai_taxclass` (
  `taxclassid` int(19) NOT NULL auto_increment,
  `taxclass` varchar(200) NOT NULL,
  `sortorderid` int(19) NOT NULL default '0',
  `presence` int(1) NOT NULL default '1',
  PRIMARY KEY  (`taxclassid`),
  UNIQUE KEY `taxclass_carrier_idx` (`taxclass`)
) ENGINE=InnoDB AUTO_INCREMENT=3 DEFAULT CHARSET=utf8;

-- ----------------------------
-- Records of xmai_taxclass
-- ----------------------------
INSERT INTO xmai_taxclass VALUES ('1', 'SalesTax', '0', '1');
INSERT INTO xmai_taxclass VALUES ('2', 'Vat', '1', '1');

-- ----------------------------
-- Table structure for `xmai_taxclass_seq`
-- ----------------------------
DROP TABLE IF EXISTS `xmai_taxclass_seq`;
CREATE TABLE `xmai_taxclass_seq` (
  `id` int(11) NOT NULL
) ENGINE=MyISAM DEFAULT CHARSET=utf8;

-- ----------------------------
-- Records of xmai_taxclass_seq
-- ----------------------------
INSERT INTO xmai_taxclass_seq VALUES ('2');

-- ----------------------------
-- Table structure for `xmai_ticketcategories`
-- ----------------------------
DROP TABLE IF EXISTS `xmai_ticketcategories`;
CREATE TABLE `xmai_ticketcategories` (
  `ticketcategories_id` int(19) NOT NULL auto_increment,
  `ticketcategories` varchar(200) default NULL,
  `presence` int(1) NOT NULL default '0',
  `picklist_valueid` int(19) NOT NULL default '0',
  PRIMARY KEY  (`ticketcategories_id`)
) ENGINE=InnoDB AUTO_INCREMENT=4 DEFAULT CHARSET=utf8;

-- ----------------------------
-- Records of xmai_ticketcategories
-- ----------------------------
INSERT INTO xmai_ticketcategories VALUES ('1', 'Big Problem', '1', '179');
INSERT INTO xmai_ticketcategories VALUES ('2', 'Small Problem', '1', '180');
INSERT INTO xmai_ticketcategories VALUES ('3', 'Other Problem', '1', '181');

-- ----------------------------
-- Table structure for `xmai_ticketcategories_seq`
-- ----------------------------
DROP TABLE IF EXISTS `xmai_ticketcategories_seq`;
CREATE TABLE `xmai_ticketcategories_seq` (
  `id` int(11) NOT NULL
) ENGINE=MyISAM DEFAULT CHARSET=utf8;

-- ----------------------------
-- Records of xmai_ticketcategories_seq
-- ----------------------------
INSERT INTO xmai_ticketcategories_seq VALUES ('3');

-- ----------------------------
-- Table structure for `xmai_ticketcf`
-- ----------------------------
DROP TABLE IF EXISTS `xmai_ticketcf`;
CREATE TABLE `xmai_ticketcf` (
  `ticketid` int(19) NOT NULL default '0',
  PRIMARY KEY  (`ticketid`),
  CONSTRAINT `fk_1_xmai_ticketcf` FOREIGN KEY (`ticketid`) REFERENCES `xmai_troubletickets` (`ticketid`) ON DELETE CASCADE
) ENGINE=InnoDB DEFAULT CHARSET=utf8;

-- ----------------------------
-- Records of xmai_ticketcf
-- ----------------------------
INSERT INTO xmai_ticketcf VALUES ('111');
INSERT INTO xmai_ticketcf VALUES ('112');
INSERT INTO xmai_ticketcf VALUES ('113');
INSERT INTO xmai_ticketcf VALUES ('114');
INSERT INTO xmai_ticketcf VALUES ('115');

-- ----------------------------
-- Table structure for `xmai_ticketcomments`
-- ----------------------------
DROP TABLE IF EXISTS `xmai_ticketcomments`;
CREATE TABLE `xmai_ticketcomments` (
  `commentid` int(19) NOT NULL auto_increment,
  `ticketid` int(19) default NULL,
  `comments` text,
  `ownerid` int(19) NOT NULL default '0',
  `ownertype` varchar(10) default NULL,
  `createdtime` datetime NOT NULL,
  PRIMARY KEY  (`commentid`),
  KEY `ticketcomments_ticketid_idx` (`ticketid`),
  CONSTRAINT `fk_1_xmai_ticketcomments` FOREIGN KEY (`ticketid`) REFERENCES `xmai_troubletickets` (`ticketid`) ON DELETE CASCADE
) ENGINE=InnoDB DEFAULT CHARSET=utf8;

-- ----------------------------
-- Records of xmai_ticketcomments
-- ----------------------------

-- ----------------------------
-- Table structure for `xmai_ticketpriorities`
-- ----------------------------
DROP TABLE IF EXISTS `xmai_ticketpriorities`;
CREATE TABLE `xmai_ticketpriorities` (
  `ticketpriorities_id` int(19) NOT NULL auto_increment,
  `ticketpriorities` varchar(200) default NULL,
  `presence` int(1) NOT NULL default '0',
  `picklist_valueid` int(19) NOT NULL default '0',
  PRIMARY KEY  (`ticketpriorities_id`)
) ENGINE=InnoDB AUTO_INCREMENT=5 DEFAULT CHARSET=utf8;

-- ----------------------------
-- Records of xmai_ticketpriorities
-- ----------------------------
INSERT INTO xmai_ticketpriorities VALUES ('1', 'Low', '1', '182');
INSERT INTO xmai_ticketpriorities VALUES ('2', 'Normal', '1', '183');
INSERT INTO xmai_ticketpriorities VALUES ('3', 'High', '1', '184');
INSERT INTO xmai_ticketpriorities VALUES ('4', 'Urgent', '1', '185');

-- ----------------------------
-- Table structure for `xmai_ticketpriorities_seq`
-- ----------------------------
DROP TABLE IF EXISTS `xmai_ticketpriorities_seq`;
CREATE TABLE `xmai_ticketpriorities_seq` (
  `id` int(11) NOT NULL
) ENGINE=MyISAM DEFAULT CHARSET=utf8;

-- ----------------------------
-- Records of xmai_ticketpriorities_seq
-- ----------------------------
INSERT INTO xmai_ticketpriorities_seq VALUES ('4');

-- ----------------------------
-- Table structure for `xmai_ticketseverities`
-- ----------------------------
DROP TABLE IF EXISTS `xmai_ticketseverities`;
CREATE TABLE `xmai_ticketseverities` (
  `ticketseverities_id` int(19) NOT NULL auto_increment,
  `ticketseverities` varchar(200) default NULL,
  `presence` int(1) NOT NULL default '0',
  `picklist_valueid` int(19) NOT NULL default '0',
  PRIMARY KEY  (`ticketseverities_id`)
) ENGINE=InnoDB AUTO_INCREMENT=5 DEFAULT CHARSET=utf8;

-- ----------------------------
-- Records of xmai_ticketseverities
-- ----------------------------
INSERT INTO xmai_ticketseverities VALUES ('1', 'Minor', '1', '186');
INSERT INTO xmai_ticketseverities VALUES ('2', 'Major', '1', '187');
INSERT INTO xmai_ticketseverities VALUES ('3', 'Feature', '1', '188');
INSERT INTO xmai_ticketseverities VALUES ('4', 'Critical', '1', '189');

-- ----------------------------
-- Table structure for `xmai_ticketseverities_seq`
-- ----------------------------
DROP TABLE IF EXISTS `xmai_ticketseverities_seq`;
CREATE TABLE `xmai_ticketseverities_seq` (
  `id` int(11) NOT NULL
) ENGINE=MyISAM DEFAULT CHARSET=utf8;

-- ----------------------------
-- Records of xmai_ticketseverities_seq
-- ----------------------------
INSERT INTO xmai_ticketseverities_seq VALUES ('4');

-- ----------------------------
-- Table structure for `xmai_ticketstatus`
-- ----------------------------
DROP TABLE IF EXISTS `xmai_ticketstatus`;
CREATE TABLE `xmai_ticketstatus` (
  `ticketstatus_id` int(19) NOT NULL auto_increment,
  `ticketstatus` varchar(200) default NULL,
  `presence` int(1) NOT NULL default '0',
  `picklist_valueid` int(19) NOT NULL default '0',
  PRIMARY KEY  (`ticketstatus_id`)
) ENGINE=InnoDB AUTO_INCREMENT=5 DEFAULT CHARSET=utf8;

-- ----------------------------
-- Records of xmai_ticketstatus
-- ----------------------------
INSERT INTO xmai_ticketstatus VALUES ('1', 'Open', '0', '190');
INSERT INTO xmai_ticketstatus VALUES ('2', 'In Progress', '0', '191');
INSERT INTO xmai_ticketstatus VALUES ('3', 'Wait For Response', '0', '192');
INSERT INTO xmai_ticketstatus VALUES ('4', 'Closed', '0', '193');

-- ----------------------------
-- Table structure for `xmai_ticketstatus_seq`
-- ----------------------------
DROP TABLE IF EXISTS `xmai_ticketstatus_seq`;
CREATE TABLE `xmai_ticketstatus_seq` (
  `id` int(11) NOT NULL
) ENGINE=MyISAM DEFAULT CHARSET=utf8;

-- ----------------------------
-- Records of xmai_ticketstatus_seq
-- ----------------------------
INSERT INTO xmai_ticketstatus_seq VALUES ('4');

-- ----------------------------
-- Table structure for `xmai_ticketstracktime`
-- ----------------------------
DROP TABLE IF EXISTS `xmai_ticketstracktime`;
CREATE TABLE `xmai_ticketstracktime` (
  `ticket_id` int(11) NOT NULL default '0',
  `supporter_id` int(11) NOT NULL default '0',
  `minutes` int(11) default '0',
  `date_logged` int(11) NOT NULL default '0',
  PRIMARY KEY  (`ticket_id`),
  KEY `ticketstracktime_ticket_id_idx` (`ticket_id`)
) ENGINE=InnoDB DEFAULT CHARSET=utf8;

-- ----------------------------
-- Records of xmai_ticketstracktime
-- ----------------------------

-- ----------------------------
-- Table structure for `xmai_time_zone`
-- ----------------------------
DROP TABLE IF EXISTS `xmai_time_zone`;
CREATE TABLE `xmai_time_zone` (
  `time_zoneid` int(19) NOT NULL auto_increment,
  `time_zone` varchar(200) NOT NULL,
  `sortorderid` int(19) NOT NULL default '0',
  `presence` int(1) NOT NULL default '1',
  PRIMARY KEY  (`time_zoneid`)
) ENGINE=InnoDB AUTO_INCREMENT=97 DEFAULT CHARSET=utf8;

-- ----------------------------
-- Records of xmai_time_zone
-- ----------------------------
INSERT INTO xmai_time_zone VALUES ('1', 'Pacific/Midway', '0', '1');
INSERT INTO xmai_time_zone VALUES ('2', 'Pacific/Samoa', '1', '1');
INSERT INTO xmai_time_zone VALUES ('3', 'Pacific/Honolulu', '2', '1');
INSERT INTO xmai_time_zone VALUES ('4', 'America/Anchorage', '3', '1');
INSERT INTO xmai_time_zone VALUES ('5', 'America/Los_Angeles', '4', '1');
INSERT INTO xmai_time_zone VALUES ('6', 'America/Tijuana', '5', '1');
INSERT INTO xmai_time_zone VALUES ('7', 'America/Denver', '6', '1');
INSERT INTO xmai_time_zone VALUES ('8', 'America/Chihuahua', '7', '1');
INSERT INTO xmai_time_zone VALUES ('9', 'America/Mazatlan', '8', '1');
INSERT INTO xmai_time_zone VALUES ('10', 'America/Phoenix', '9', '1');
INSERT INTO xmai_time_zone VALUES ('11', 'America/Regina', '10', '1');
INSERT INTO xmai_time_zone VALUES ('12', 'America/Tegucigalpa', '11', '1');
INSERT INTO xmai_time_zone VALUES ('13', 'America/Chicago', '12', '1');
INSERT INTO xmai_time_zone VALUES ('14', 'America/Mexico_City', '13', '1');
INSERT INTO xmai_time_zone VALUES ('15', 'America/Monterrey', '14', '1');
INSERT INTO xmai_time_zone VALUES ('16', 'America/New_York', '15', '1');
INSERT INTO xmai_time_zone VALUES ('17', 'America/Bogota', '16', '1');
INSERT INTO xmai_time_zone VALUES ('18', 'America/Lima', '17', '1');
INSERT INTO xmai_time_zone VALUES ('19', 'America/Rio_Branco', '18', '1');
INSERT INTO xmai_time_zone VALUES ('20', 'America/Indiana/Indianapolis', '19', '1');
INSERT INTO xmai_time_zone VALUES ('21', 'America/Caracas', '20', '1');
INSERT INTO xmai_time_zone VALUES ('22', 'America/Halifax', '21', '1');
INSERT INTO xmai_time_zone VALUES ('23', 'America/Manaus', '22', '1');
INSERT INTO xmai_time_zone VALUES ('24', 'America/Santiago', '23', '1');
INSERT INTO xmai_time_zone VALUES ('25', 'America/La_Paz', '24', '1');
INSERT INTO xmai_time_zone VALUES ('26', 'America/Cuiaba', '25', '1');
INSERT INTO xmai_time_zone VALUES ('27', 'America/Asuncion', '26', '1');
INSERT INTO xmai_time_zone VALUES ('28', 'America/St_Johns', '27', '1');
INSERT INTO xmai_time_zone VALUES ('29', 'America/Argentina/Buenos_Aires', '28', '1');
INSERT INTO xmai_time_zone VALUES ('30', 'America/Sao_Paulo', '29', '1');
INSERT INTO xmai_time_zone VALUES ('31', 'America/Godthab', '30', '1');
INSERT INTO xmai_time_zone VALUES ('32', 'America/Montevideo', '31', '1');
INSERT INTO xmai_time_zone VALUES ('33', 'Atlantic/South_Georgia', '32', '1');
INSERT INTO xmai_time_zone VALUES ('34', 'Atlantic/Azores', '33', '1');
INSERT INTO xmai_time_zone VALUES ('35', 'Atlantic/Cape_Verde', '34', '1');
INSERT INTO xmai_time_zone VALUES ('36', 'Europe/London', '35', '1');
INSERT INTO xmai_time_zone VALUES ('37', 'UTC', '36', '1');
INSERT INTO xmai_time_zone VALUES ('38', 'Africa/Monrovia', '37', '1');
INSERT INTO xmai_time_zone VALUES ('39', 'Africa/Casablanca', '38', '1');
INSERT INTO xmai_time_zone VALUES ('40', 'Europe/Belgrade', '39', '1');
INSERT INTO xmai_time_zone VALUES ('41', 'Europe/Sarajevo', '40', '1');
INSERT INTO xmai_time_zone VALUES ('42', 'Europe/Brussels', '41', '1');
INSERT INTO xmai_time_zone VALUES ('43', 'Africa/Algiers', '42', '1');
INSERT INTO xmai_time_zone VALUES ('44', 'Europe/Amsterdam', '43', '1');
INSERT INTO xmai_time_zone VALUES ('45', 'Europe/Minsk', '44', '1');
INSERT INTO xmai_time_zone VALUES ('46', 'Africa/Cairo', '45', '1');
INSERT INTO xmai_time_zone VALUES ('47', 'Europe/Helsinki', '46', '1');
INSERT INTO xmai_time_zone VALUES ('48', 'Europe/Athens', '47', '1');
INSERT INTO xmai_time_zone VALUES ('49', 'Europe/Istanbul', '48', '1');
INSERT INTO xmai_time_zone VALUES ('50', 'Asia/Jerusalem', '49', '1');
INSERT INTO xmai_time_zone VALUES ('51', 'Asia/Amman', '50', '1');
INSERT INTO xmai_time_zone VALUES ('52', 'Asia/Beirut', '51', '1');
INSERT INTO xmai_time_zone VALUES ('53', 'Africa/Windhoek', '52', '1');
INSERT INTO xmai_time_zone VALUES ('54', 'Africa/Harare', '53', '1');
INSERT INTO xmai_time_zone VALUES ('55', 'Asia/Kuwait', '54', '1');
INSERT INTO xmai_time_zone VALUES ('56', 'Asia/Baghdad', '55', '1');
INSERT INTO xmai_time_zone VALUES ('57', 'Africa/Nairobi', '56', '1');
INSERT INTO xmai_time_zone VALUES ('58', 'Asia/Tehran', '57', '1');
INSERT INTO xmai_time_zone VALUES ('59', 'Asia/Tbilisi', '58', '1');
INSERT INTO xmai_time_zone VALUES ('60', 'Europe/Moscow', '59', '1');
INSERT INTO xmai_time_zone VALUES ('61', 'Asia/Muscat', '60', '1');
INSERT INTO xmai_time_zone VALUES ('62', 'Asia/Baku', '61', '1');
INSERT INTO xmai_time_zone VALUES ('63', 'Asia/Yerevan', '62', '1');
INSERT INTO xmai_time_zone VALUES ('64', 'Asia/Karachi', '63', '1');
INSERT INTO xmai_time_zone VALUES ('65', 'Asia/Tashkent', '64', '1');
INSERT INTO xmai_time_zone VALUES ('66', 'Asia/Kolkata', '65', '1');
INSERT INTO xmai_time_zone VALUES ('67', 'Asia/Colombo', '66', '1');
INSERT INTO xmai_time_zone VALUES ('68', 'Asia/Katmandu', '67', '1');
INSERT INTO xmai_time_zone VALUES ('69', 'Asia/Dhaka', '68', '1');
INSERT INTO xmai_time_zone VALUES ('70', 'Asia/Almaty', '69', '1');
INSERT INTO xmai_time_zone VALUES ('71', 'Asia/Yekaterinburg', '70', '1');
INSERT INTO xmai_time_zone VALUES ('72', 'Asia/Rangoon', '71', '1');
INSERT INTO xmai_time_zone VALUES ('73', 'Asia/Novosibirsk', '72', '1');
INSERT INTO xmai_time_zone VALUES ('74', 'Asia/Bangkok', '73', '1');
INSERT INTO xmai_time_zone VALUES ('75', 'Asia/Brunei', '74', '1');
INSERT INTO xmai_time_zone VALUES ('76', 'Asia/Krasnoyarsk', '75', '1');
INSERT INTO xmai_time_zone VALUES ('77', 'Asia/Ulaanbaatar', '76', '1');
INSERT INTO xmai_time_zone VALUES ('78', 'Asia/Kuala_Lumpur', '77', '1');
INSERT INTO xmai_time_zone VALUES ('79', 'Asia/Taipei', '78', '1');
INSERT INTO xmai_time_zone VALUES ('80', 'Australia/Perth', '79', '1');
INSERT INTO xmai_time_zone VALUES ('81', 'Asia/Irkutsk', '80', '1');
INSERT INTO xmai_time_zone VALUES ('82', 'Asia/Seoul', '81', '1');
INSERT INTO xmai_time_zone VALUES ('83', 'Asia/Tokyo', '82', '1');
INSERT INTO xmai_time_zone VALUES ('84', 'Australia/Darwin', '83', '1');
INSERT INTO xmai_time_zone VALUES ('85', 'Australia/Adelaide', '84', '1');
INSERT INTO xmai_time_zone VALUES ('86', 'Australia/Canberra', '85', '1');
INSERT INTO xmai_time_zone VALUES ('87', 'Australia/Brisbane', '86', '1');
INSERT INTO xmai_time_zone VALUES ('88', 'Australia/Hobart', '87', '1');
INSERT INTO xmai_time_zone VALUES ('89', 'Asia/Vladivostok', '88', '1');
INSERT INTO xmai_time_zone VALUES ('90', 'Pacific/Guam', '89', '1');
INSERT INTO xmai_time_zone VALUES ('91', 'Asia/Yakutsk', '90', '1');
INSERT INTO xmai_time_zone VALUES ('92', 'Pacific/Fiji', '91', '1');
INSERT INTO xmai_time_zone VALUES ('93', 'Asia/Kamchatka', '92', '1');
INSERT INTO xmai_time_zone VALUES ('94', 'Pacific/Auckland', '93', '1');
INSERT INTO xmai_time_zone VALUES ('95', 'Asia/Magadan', '94', '1');
INSERT INTO xmai_time_zone VALUES ('96', 'Pacific/Tongatapu', '95', '1');

-- ----------------------------
-- Table structure for `xmai_time_zone_seq`
-- ----------------------------
DROP TABLE IF EXISTS `xmai_time_zone_seq`;
CREATE TABLE `xmai_time_zone_seq` (
  `id` int(11) NOT NULL
) ENGINE=MyISAM DEFAULT CHARSET=utf8;

-- ----------------------------
-- Records of xmai_time_zone_seq
-- ----------------------------
INSERT INTO xmai_time_zone_seq VALUES ('96');

-- ----------------------------
-- Table structure for `xmai_tmp_read_group_rel_sharing_per`
-- ----------------------------
DROP TABLE IF EXISTS `xmai_tmp_read_group_rel_sharing_per`;
CREATE TABLE `xmai_tmp_read_group_rel_sharing_per` (
  `userid` int(11) NOT NULL,
  `tabid` int(11) NOT NULL,
  `relatedtabid` int(11) NOT NULL,
  `sharedgroupid` int(11) NOT NULL,
  PRIMARY KEY  (`userid`,`tabid`,`relatedtabid`,`sharedgroupid`),
  KEY `tmp_read_group_rel_sharing_per_userid_sharedgroupid_tabid` (`userid`,`sharedgroupid`,`tabid`),
  CONSTRAINT `fk_4_xmai_tmp_read_group_rel_sharing_per` FOREIGN KEY (`userid`) REFERENCES `xmai_users` (`id`) ON DELETE CASCADE
) ENGINE=InnoDB DEFAULT CHARSET=utf8;

-- ----------------------------
-- Records of xmai_tmp_read_group_rel_sharing_per
-- ----------------------------

-- ----------------------------
-- Table structure for `xmai_tmp_read_group_sharing_per`
-- ----------------------------
DROP TABLE IF EXISTS `xmai_tmp_read_group_sharing_per`;
CREATE TABLE `xmai_tmp_read_group_sharing_per` (
  `userid` int(11) NOT NULL,
  `tabid` int(11) NOT NULL,
  `sharedgroupid` int(11) NOT NULL,
  PRIMARY KEY  (`userid`,`tabid`,`sharedgroupid`),
  KEY `tmp_read_group_sharing_per_userid_sharedgroupid_idx` (`userid`,`sharedgroupid`),
  CONSTRAINT `fk_3_xmai_tmp_read_group_sharing_per` FOREIGN KEY (`userid`) REFERENCES `xmai_users` (`id`) ON DELETE CASCADE
) ENGINE=InnoDB DEFAULT CHARSET=utf8;

-- ----------------------------
-- Records of xmai_tmp_read_group_sharing_per
-- ----------------------------

-- ----------------------------
-- Table structure for `xmai_tmp_read_user_rel_sharing_per`
-- ----------------------------
DROP TABLE IF EXISTS `xmai_tmp_read_user_rel_sharing_per`;
CREATE TABLE `xmai_tmp_read_user_rel_sharing_per` (
  `userid` int(11) NOT NULL,
  `tabid` int(11) NOT NULL,
  `relatedtabid` int(11) NOT NULL,
  `shareduserid` int(11) NOT NULL,
  PRIMARY KEY  (`userid`,`tabid`,`relatedtabid`,`shareduserid`),
  KEY `tmp_read_user_rel_sharing_per_userid_shared_reltabid_idx` (`userid`,`shareduserid`,`relatedtabid`),
  CONSTRAINT `fk_4_xmai_tmp_read_user_rel_sharing_per` FOREIGN KEY (`userid`) REFERENCES `xmai_users` (`id`) ON DELETE CASCADE
) ENGINE=InnoDB DEFAULT CHARSET=utf8;

-- ----------------------------
-- Records of xmai_tmp_read_user_rel_sharing_per
-- ----------------------------

-- ----------------------------
-- Table structure for `xmai_tmp_read_user_sharing_per`
-- ----------------------------
DROP TABLE IF EXISTS `xmai_tmp_read_user_sharing_per`;
CREATE TABLE `xmai_tmp_read_user_sharing_per` (
  `userid` int(11) NOT NULL,
  `tabid` int(11) NOT NULL,
  `shareduserid` int(11) NOT NULL,
  PRIMARY KEY  (`userid`,`tabid`,`shareduserid`),
  KEY `tmp_read_user_sharing_per_userid_shareduserid_idx` (`userid`,`shareduserid`),
  CONSTRAINT `fk_3_xmai_tmp_read_user_sharing_per` FOREIGN KEY (`userid`) REFERENCES `xmai_users` (`id`) ON DELETE CASCADE
) ENGINE=InnoDB DEFAULT CHARSET=utf8;

-- ----------------------------
-- Records of xmai_tmp_read_user_sharing_per
-- ----------------------------

-- ----------------------------
-- Table structure for `xmai_tmp_write_group_rel_sharing_per`
-- ----------------------------
DROP TABLE IF EXISTS `xmai_tmp_write_group_rel_sharing_per`;
CREATE TABLE `xmai_tmp_write_group_rel_sharing_per` (
  `userid` int(11) NOT NULL,
  `tabid` int(11) NOT NULL,
  `relatedtabid` int(11) NOT NULL,
  `sharedgroupid` int(11) NOT NULL,
  PRIMARY KEY  (`userid`,`tabid`,`relatedtabid`,`sharedgroupid`),
  KEY `tmp_write_group_rel_sharing_per_userid_sharedgroupid_tabid_idx` (`userid`,`sharedgroupid`,`tabid`),
  CONSTRAINT `fk_4_xmai_tmp_write_group_rel_sharing_per` FOREIGN KEY (`userid`) REFERENCES `xmai_users` (`id`) ON DELETE CASCADE
) ENGINE=InnoDB DEFAULT CHARSET=utf8;

-- ----------------------------
-- Records of xmai_tmp_write_group_rel_sharing_per
-- ----------------------------

-- ----------------------------
-- Table structure for `xmai_tmp_write_group_sharing_per`
-- ----------------------------
DROP TABLE IF EXISTS `xmai_tmp_write_group_sharing_per`;
CREATE TABLE `xmai_tmp_write_group_sharing_per` (
  `userid` int(11) NOT NULL,
  `tabid` int(11) NOT NULL,
  `sharedgroupid` int(11) NOT NULL,
  PRIMARY KEY  (`userid`,`tabid`,`sharedgroupid`),
  KEY `tmp_write_group_sharing_per_UK1` (`userid`,`sharedgroupid`),
  CONSTRAINT `fk_3_xmai_tmp_write_group_sharing_per` FOREIGN KEY (`userid`) REFERENCES `xmai_users` (`id`) ON DELETE CASCADE
) ENGINE=InnoDB DEFAULT CHARSET=utf8;

-- ----------------------------
-- Records of xmai_tmp_write_group_sharing_per
-- ----------------------------

-- ----------------------------
-- Table structure for `xmai_tmp_write_user_rel_sharing_per`
-- ----------------------------
DROP TABLE IF EXISTS `xmai_tmp_write_user_rel_sharing_per`;
CREATE TABLE `xmai_tmp_write_user_rel_sharing_per` (
  `userid` int(11) NOT NULL,
  `tabid` int(11) NOT NULL,
  `relatedtabid` int(11) NOT NULL,
  `shareduserid` int(11) NOT NULL,
  PRIMARY KEY  (`userid`,`tabid`,`relatedtabid`,`shareduserid`),
  KEY `tmp_write_user_rel_sharing_per_userid_sharduserid_tabid_idx` (`userid`,`shareduserid`,`tabid`),
  CONSTRAINT `fk_4_xmai_tmp_write_user_rel_sharing_per` FOREIGN KEY (`userid`) REFERENCES `xmai_users` (`id`) ON DELETE CASCADE
) ENGINE=InnoDB DEFAULT CHARSET=utf8;

-- ----------------------------
-- Records of xmai_tmp_write_user_rel_sharing_per
-- ----------------------------

-- ----------------------------
-- Table structure for `xmai_tmp_write_user_sharing_per`
-- ----------------------------
DROP TABLE IF EXISTS `xmai_tmp_write_user_sharing_per`;
CREATE TABLE `xmai_tmp_write_user_sharing_per` (
  `userid` int(11) NOT NULL,
  `tabid` int(11) NOT NULL,
  `shareduserid` int(11) NOT NULL,
  PRIMARY KEY  (`userid`,`tabid`,`shareduserid`),
  KEY `tmp_write_user_sharing_per_userid_shareduserid_idx` (`userid`,`shareduserid`),
  CONSTRAINT `fk_3_xmai_tmp_write_user_sharing_per` FOREIGN KEY (`userid`) REFERENCES `xmai_users` (`id`) ON DELETE CASCADE
) ENGINE=InnoDB DEFAULT CHARSET=utf8;

-- ----------------------------
-- Records of xmai_tmp_write_user_sharing_per
-- ----------------------------

-- ----------------------------
-- Table structure for `xmai_tracker`
-- ----------------------------
DROP TABLE IF EXISTS `xmai_tracker`;
CREATE TABLE `xmai_tracker` (
  `id` int(11) NOT NULL auto_increment,
  `user_id` varchar(36) default NULL,
  `module_name` varchar(25) default NULL,
  `item_id` varchar(36) default NULL,
  `item_summary` varchar(255) default NULL,
  PRIMARY KEY  (`id`)
) ENGINE=InnoDB AUTO_INCREMENT=4 DEFAULT CHARSET=utf8;

-- ----------------------------
-- Records of xmai_tracker
-- ----------------------------
INSERT INTO xmai_tracker VALUES ('2', '1', 'Users', '1', ' Administrator');
INSERT INTO xmai_tracker VALUES ('3', '1', 'Assets', '125', '');

-- ----------------------------
-- Table structure for `xmai_tracking_unit`
-- ----------------------------
DROP TABLE IF EXISTS `xmai_tracking_unit`;
CREATE TABLE `xmai_tracking_unit` (
  `tracking_unitid` int(11) NOT NULL auto_increment,
  `tracking_unit` varchar(200) NOT NULL,
  `presence` int(1) NOT NULL default '1',
  `picklist_valueid` int(11) NOT NULL default '0',
  PRIMARY KEY  (`tracking_unitid`)
) ENGINE=InnoDB AUTO_INCREMENT=5 DEFAULT CHARSET=utf8;

-- ----------------------------
-- Records of xmai_tracking_unit
-- ----------------------------
INSERT INTO xmai_tracking_unit VALUES ('1', 'None', '1', '210');
INSERT INTO xmai_tracking_unit VALUES ('2', 'Hours', '1', '211');
INSERT INTO xmai_tracking_unit VALUES ('3', 'Days', '1', '212');
INSERT INTO xmai_tracking_unit VALUES ('4', 'Incidents', '1', '213');

-- ----------------------------
-- Table structure for `xmai_tracking_unit_seq`
-- ----------------------------
DROP TABLE IF EXISTS `xmai_tracking_unit_seq`;
CREATE TABLE `xmai_tracking_unit_seq` (
  `id` int(11) NOT NULL
) ENGINE=MyISAM DEFAULT CHARSET=utf8;

-- ----------------------------
-- Records of xmai_tracking_unit_seq
-- ----------------------------
INSERT INTO xmai_tracking_unit_seq VALUES ('4');

-- ----------------------------
-- Table structure for `xmai_troubletickets`
-- ----------------------------
DROP TABLE IF EXISTS `xmai_troubletickets`;
CREATE TABLE `xmai_troubletickets` (
  `ticketid` int(19) NOT NULL,
  `ticket_no` varchar(100) NOT NULL,
  `groupname` varchar(100) default NULL,
  `parent_id` varchar(100) default NULL,
  `product_id` varchar(100) default NULL,
  `priority` varchar(200) default NULL,
  `severity` varchar(200) default NULL,
  `status` varchar(200) default NULL,
  `category` varchar(200) default NULL,
  `title` varchar(255) NOT NULL,
  `solution` text,
  `update_log` text,
  `version_id` int(11) default NULL,
  `hours` varchar(200) default NULL,
  `days` varchar(200) default NULL,
  `from_portal` varchar(3) default NULL,
  PRIMARY KEY  (`ticketid`),
  KEY `troubletickets_ticketid_idx` (`ticketid`),
  KEY `troubletickets_status_idx` (`status`),
  CONSTRAINT `fk_1_xmai_troubletickets` FOREIGN KEY (`ticketid`) REFERENCES `xmai_crmentity` (`crmid`) ON DELETE CASCADE
) ENGINE=InnoDB DEFAULT CHARSET=utf8;

-- ----------------------------
-- Records of xmai_troubletickets
-- ----------------------------
INSERT INTO xmai_troubletickets VALUES ('111', 'TT1', null, '22', '52', 'Normal', 'Minor', 'Open', 'Big Problem', 'Upload Attachment problem', '', '', null, '0', '0', '0');
INSERT INTO xmai_troubletickets VALUES ('112', 'TT2', null, '26', '53', 'Normal', 'Minor', 'In Progress', 'Small Problem', 'Individual Customization -Menu and RSS', '', '', null, '0', '0', '0');
INSERT INTO xmai_troubletickets VALUES ('113', 'TT3', null, '30', '54', 'Normal', 'Minor', 'Wait For Response', 'Other Problem', 'Export Output query', '', '', null, '0', '0', '0');
INSERT INTO xmai_troubletickets VALUES ('114', 'TT4', null, '31', '55', 'Normal', 'Minor', 'Open', 'Small Problem', 'Import Error CSV Leads', '', '', null, '0', '0', '0');
INSERT INTO xmai_troubletickets VALUES ('115', 'TT5', null, '29', '56', 'Normal', 'Minor', 'Closed', 'Other Problem', 'How to automatically add a lead from a web form to xmai', '', '', null, '0', '0', '0');

-- ----------------------------
-- Table structure for `xmai_usageunit`
-- ----------------------------
DROP TABLE IF EXISTS `xmai_usageunit`;
CREATE TABLE `xmai_usageunit` (
  `usageunitid` int(19) NOT NULL auto_increment,
  `usageunit` varchar(200) NOT NULL,
  `presence` int(1) NOT NULL default '1',
  `picklist_valueid` int(19) NOT NULL default '0',
  PRIMARY KEY  (`usageunitid`),
  UNIQUE KEY `usageunit_usageunit_idx` (`usageunit`)
) ENGINE=InnoDB AUTO_INCREMENT=17 DEFAULT CHARSET=utf8;

-- ----------------------------
-- Records of xmai_usageunit
-- ----------------------------
INSERT INTO xmai_usageunit VALUES ('1', 'Box', '1', '194');
INSERT INTO xmai_usageunit VALUES ('2', 'Carton', '1', '195');
INSERT INTO xmai_usageunit VALUES ('3', 'Dozen', '1', '196');
INSERT INTO xmai_usageunit VALUES ('4', 'Each', '1', '197');
INSERT INTO xmai_usageunit VALUES ('5', 'Hours', '1', '198');
INSERT INTO xmai_usageunit VALUES ('6', 'Impressions', '1', '199');
INSERT INTO xmai_usageunit VALUES ('7', 'Lb', '1', '200');
INSERT INTO xmai_usageunit VALUES ('8', 'M', '1', '201');
INSERT INTO xmai_usageunit VALUES ('9', 'Pack', '1', '202');
INSERT INTO xmai_usageunit VALUES ('10', 'Pages', '1', '203');
INSERT INTO xmai_usageunit VALUES ('11', 'Pieces', '1', '204');
INSERT INTO xmai_usageunit VALUES ('12', 'Quantity', '1', '205');
INSERT INTO xmai_usageunit VALUES ('13', 'Reams', '1', '206');
INSERT INTO xmai_usageunit VALUES ('14', 'Sheet', '1', '207');
INSERT INTO xmai_usageunit VALUES ('15', 'Spiral Binder', '1', '208');
INSERT INTO xmai_usageunit VALUES ('16', 'Sq Ft', '1', '209');

-- ----------------------------
-- Table structure for `xmai_usageunit_seq`
-- ----------------------------
DROP TABLE IF EXISTS `xmai_usageunit_seq`;
CREATE TABLE `xmai_usageunit_seq` (
  `id` int(11) NOT NULL
) ENGINE=MyISAM DEFAULT CHARSET=utf8;

-- ----------------------------
-- Records of xmai_usageunit_seq
-- ----------------------------
INSERT INTO xmai_usageunit_seq VALUES ('16');

-- ----------------------------
-- Table structure for `xmai_user2mergefields`
-- ----------------------------
DROP TABLE IF EXISTS `xmai_user2mergefields`;
CREATE TABLE `xmai_user2mergefields` (
  `userid` int(11) default NULL,
  `tabid` int(19) default NULL,
  `fieldid` int(19) default NULL,
  `visible` int(2) default NULL,
  KEY `userid_tabid_idx` (`userid`,`tabid`)
) ENGINE=InnoDB DEFAULT CHARSET=utf8;

-- ----------------------------
-- Records of xmai_user2mergefields
-- ----------------------------

-- ----------------------------
-- Table structure for `xmai_user2role`
-- ----------------------------
DROP TABLE IF EXISTS `xmai_user2role`;
CREATE TABLE `xmai_user2role` (
  `userid` int(11) NOT NULL,
  `roleid` varchar(255) NOT NULL,
  PRIMARY KEY  (`userid`),
  KEY `user2role_roleid_idx` (`roleid`),
  CONSTRAINT `fk_2_xmai_user2role` FOREIGN KEY (`userid`) REFERENCES `xmai_users` (`id`) ON DELETE CASCADE
) ENGINE=InnoDB DEFAULT CHARSET=utf8;

-- ----------------------------
-- Records of xmai_user2role
-- ----------------------------
INSERT INTO xmai_user2role VALUES ('1', 'H2');

-- ----------------------------
-- Table structure for `xmai_users`
-- ----------------------------
DROP TABLE IF EXISTS `xmai_users`;
CREATE TABLE `xmai_users` (
  `id` int(11) NOT NULL auto_increment,
  `user_name` varchar(255) default NULL,
  `user_password` varchar(200) default NULL,
  `user_hash` varchar(32) default NULL,
  `cal_color` varchar(25) default '#E6FAD8',
  `first_name` varchar(30) default NULL,
  `last_name` varchar(30) default NULL,
  `reports_to_id` varchar(36) default NULL,
  `is_admin` varchar(3) default '0',
  `currency_id` int(19) NOT NULL default '1',
  `description` text,
  `date_entered` timestamp NOT NULL default CURRENT_TIMESTAMP on update CURRENT_TIMESTAMP,
  `date_modified` timestamp NOT NULL default '0000-00-00 00:00:00',
  `modified_user_id` varchar(36) default NULL,
  `title` varchar(50) default NULL,
  `department` varchar(50) default NULL,
  `phone_home` varchar(50) default NULL,
  `phone_mobile` varchar(50) default NULL,
  `phone_work` varchar(50) default NULL,
  `phone_other` varchar(50) default NULL,
  `phone_fax` varchar(50) default NULL,
  `email1` varchar(100) default NULL,
  `email2` varchar(100) default NULL,
  `secondaryemail` varchar(100) default NULL,
  `status` varchar(25) default NULL,
  `signature` varchar(1000) default NULL,
  `address_street` varchar(150) default NULL,
  `address_city` varchar(100) default NULL,
  `address_state` varchar(100) default NULL,
  `address_country` varchar(25) default NULL,
  `address_postalcode` varchar(9) default NULL,
  `user_preferences` text,
  `tz` varchar(30) default NULL,
  `holidays` varchar(60) default NULL,
  `namedays` varchar(60) default NULL,
  `workdays` varchar(30) default NULL,
  `weekstart` int(11) default NULL,
  `date_format` varchar(200) default NULL,
  `hour_format` varchar(30) default 'am/pm',
  `start_hour` varchar(30) default '10:00',
  `end_hour` varchar(30) default '23:00',
  `activity_view` varchar(200) default 'Today',
  `lead_view` varchar(200) default 'Today',
  `imagename` varchar(250) default NULL,
  `deleted` int(1) NOT NULL default '0',
  `confirm_password` varchar(300) default NULL,
  `internal_mailer` varchar(3) NOT NULL default '1',
  `reminder_interval` varchar(100) default NULL,
  `reminder_next_time` varchar(100) default NULL,
  `crypt_type` varchar(20) NOT NULL default 'MD5',
  `accesskey` varchar(36) default NULL,
  `theme` varchar(100) default NULL,
  `language` varchar(36) default NULL,
  `time_zone` varchar(200) default NULL,
  `currency_grouping_pattern` varchar(100) default NULL,
  `currency_decimal_separator` varchar(2) default NULL,
  `currency_grouping_separator` varchar(2) default NULL,
  `currency_symbol_placement` varchar(20) default NULL,
  PRIMARY KEY  (`id`),
  KEY `user_user_name_idx` (`user_name`),
  KEY `user_user_password_idx` (`user_password`)
) ENGINE=InnoDB AUTO_INCREMENT=2 DEFAULT CHARSET=utf8;

-- ----------------------------
-- Records of xmai_users
-- ----------------------------
INSERT INTO xmai_users VALUES ('1', 'admin', '$1$ad$hsl2KFybNRnbXBa.b.WWv.', '21232f297a57a5a743894a0e4a801fc3', '#E6FAD8', '', 'Administrator', '', 'on', '1', '', '2012-07-28 20:32:50', '0000-00-00 00:00:00', null, '', '', '', '', '', '', '', '458820281@qq.com', '', '', 'Active', '', '', '', '', '', '', null, null, null, null, null, null, 'yyyy-mm-dd', 'am/pm', '08:00', '23:00', 'This Week', 'Today', '', '0', '$1$ad$peilFE10wX.4b0aIm7/.t/', '1', '1 Minute', null, 'MD5', 'GA0Sj98swDWVTNLI', 'softed', 'zh_cn', 'UTC', '123,456,789', '.', ',', '$1.0');

-- ----------------------------
-- Table structure for `xmai_users2group`
-- ----------------------------
DROP TABLE IF EXISTS `xmai_users2group`;
CREATE TABLE `xmai_users2group` (
  `groupid` int(19) NOT NULL,
  `userid` int(19) NOT NULL,
  PRIMARY KEY  (`groupid`,`userid`),
  KEY `users2group_groupname_uerid_idx` (`groupid`,`userid`),
  KEY `fk_2_xmai_users2group` (`userid`),
  CONSTRAINT `fk_2_xmai_users2group` FOREIGN KEY (`userid`) REFERENCES `xmai_users` (`id`) ON DELETE CASCADE
) ENGINE=InnoDB DEFAULT CHARSET=utf8;

-- ----------------------------
-- Records of xmai_users2group
-- ----------------------------
INSERT INTO xmai_users2group VALUES ('3', '1');

-- ----------------------------
-- Table structure for `xmai_users_last_import`
-- ----------------------------
DROP TABLE IF EXISTS `xmai_users_last_import`;
CREATE TABLE `xmai_users_last_import` (
  `id` int(36) NOT NULL auto_increment,
  `assigned_user_id` varchar(36) default NULL,
  `bean_type` varchar(36) default NULL,
  `bean_id` varchar(36) default NULL,
  `deleted` int(1) NOT NULL default '0',
  PRIMARY KEY  (`id`),
  KEY `idx_user_id` (`assigned_user_id`)
) ENGINE=InnoDB DEFAULT CHARSET=utf8;

-- ----------------------------
-- Records of xmai_users_last_import
-- ----------------------------

-- ----------------------------
-- Table structure for `xmai_users_seq`
-- ----------------------------
DROP TABLE IF EXISTS `xmai_users_seq`;
CREATE TABLE `xmai_users_seq` (
  `id` int(11) NOT NULL
) ENGINE=MyISAM DEFAULT CHARSET=utf8;

-- ----------------------------
-- Records of xmai_users_seq
-- ----------------------------
INSERT INTO xmai_users_seq VALUES ('4');

-- ----------------------------
-- Table structure for `xmai_usertype`
-- ----------------------------
DROP TABLE IF EXISTS `xmai_usertype`;
CREATE TABLE `xmai_usertype` (
  `usertypeid` int(19) NOT NULL auto_increment,
  `usertype` varchar(200) NOT NULL,
  `sortorderid` int(19) NOT NULL default '0',
  `presence` int(1) NOT NULL default '1',
  PRIMARY KEY  (`usertypeid`),
  UNIQUE KEY `usertype_usertype_idx` (`usertype`)
) ENGINE=InnoDB DEFAULT CHARSET=utf8;

-- ----------------------------
-- Records of xmai_usertype
-- ----------------------------

-- ----------------------------
-- Table structure for `xmai_user_module_preferences`
-- ----------------------------
DROP TABLE IF EXISTS `xmai_user_module_preferences`;
CREATE TABLE `xmai_user_module_preferences` (
  `userid` int(19) NOT NULL,
  `tabid` int(19) NOT NULL,
  `default_cvid` int(19) NOT NULL,
  PRIMARY KEY  (`userid`,`tabid`),
  KEY `fk_2_xmai_user_module_preferences` (`tabid`),
  CONSTRAINT `fk_2_xmai_user_module_preferences` FOREIGN KEY (`tabid`) REFERENCES `xmai_tab` (`tabid`) ON DELETE CASCADE ON UPDATE CASCADE
) ENGINE=InnoDB DEFAULT CHARSET=utf8;

-- ----------------------------
-- Records of xmai_user_module_preferences
-- ----------------------------

-- ----------------------------
-- Table structure for `xmai_vendor`
-- ----------------------------
DROP TABLE IF EXISTS `xmai_vendor`;
CREATE TABLE `xmai_vendor` (
  `vendorid` int(19) NOT NULL default '0',
  `vendor_no` varchar(100) NOT NULL,
  `vendorname` varchar(100) default NULL,
  `phone` varchar(100) default NULL,
  `email` varchar(100) default NULL,
  `website` varchar(100) default NULL,
  `glacct` varchar(200) default NULL,
  `category` varchar(50) default NULL,
  `street` text,
  `city` varchar(30) default NULL,
  `state` varchar(30) default NULL,
  `pobox` varchar(30) default NULL,
  `postalcode` varchar(100) default NULL,
  `country` varchar(100) default NULL,
  `description` text,
  PRIMARY KEY  (`vendorid`),
  CONSTRAINT `fk_1_xmai_vendor` FOREIGN KEY (`vendorid`) REFERENCES `xmai_crmentity` (`crmid`) ON DELETE CASCADE
) ENGINE=InnoDB DEFAULT CHARSET=utf8;

-- ----------------------------
-- Records of xmai_vendor
-- ----------------------------
INSERT INTO xmai_vendor VALUES ('42', 'VEN1', 'Mary', '(295) 123-6698', 'mary@company.com', 'www.xmai.com', '', '', '123 Anywhere Street', 'Sunnyvale', 'CA', '', '99999', 'USA', null);
INSERT INTO xmai_vendor VALUES ('43', 'VEN2', 'Patricia', '(438) 297-5742', 'patricia@company.com', 'www.t3minvesta/s.com', '', '', '999 Baker Way', 'San Francisco', 'CA', '', '99999', 'USA', null);
INSERT INTO xmai_vendor VALUES ('44', 'VEN3', 'Linda', '(068) 614-1162', 'linda@company.com', 'www.edfggrouplimited.com', '', '', '345 Sugar Blvd.', 'San Mateo', 'CA', '', '99999', 'USA', null);
INSERT INTO xmai_vendor VALUES ('45', 'VEN4', 'Barbara', '(933) 707-9709', 'barbara@company.com', 'www.xmaicrminc.com', '', '', '1715 Scott Dr', 'Sunnyvale', 'CA', '', '99999', 'USA', null);
INSERT INTO xmai_vendor VALUES ('46', 'VEN5', 'Elizabeth', '(333) 056-6248', 'elizabeth@company.com', 'www.x-ceedinc99.com', '', '', '1715 Scott Dr', 'San Francisco', 'CA', '', '99999', 'USA', null);
INSERT INTO xmai_vendor VALUES ('47', 'VEN6', 'Jennifer', '(621) 106-0264', 'jennifer@company.com', 'www.demoxmai.com', '', '', '1715 Scott Dr', 'San Mateo', 'CA', '', '99999', 'USA', null);
INSERT INTO xmai_vendor VALUES ('48', 'VEN7', 'Maria', '(349) 182-5437', 'maria@company.com', 'www.usable-xmai.com', '', '', '1715 Scott Dr', 'San Mateo', 'CA', '', '99999', 'USA', null);
INSERT INTO xmai_vendor VALUES ('49', 'VEN8', 'Susan', '(893) 804-1229', 'susan@company.com', 'www.gooduixmai.com', '', '', '999 Baker Way', 'San Mateo', 'CA', '', '99999', 'USA', null);
INSERT INTO xmai_vendor VALUES ('50', 'VEN9', 'Margaret', '(840) 206-1552', 'margaret@company.com', 'www.xmaiuser.com', '', '', '123 Anywhere Street', 'San Jose', 'CA', '', '99999', 'USA', null);
INSERT INTO xmai_vendor VALUES ('51', 'VEN10', 'Dorothy', '(251) 224-6331', 'dorothy@company.com', 'www.samplexmai.com', '', '', '1715 Scott Dr', 'San Mateo', 'CA', '', '99999', 'USA', null);

-- ----------------------------
-- Table structure for `xmai_vendorcf`
-- ----------------------------
DROP TABLE IF EXISTS `xmai_vendorcf`;
CREATE TABLE `xmai_vendorcf` (
  `vendorid` int(19) NOT NULL default '0',
  PRIMARY KEY  (`vendorid`),
  CONSTRAINT `fk_1_xmai_vendorcf` FOREIGN KEY (`vendorid`) REFERENCES `xmai_vendor` (`vendorid`) ON DELETE CASCADE
) ENGINE=InnoDB DEFAULT CHARSET=utf8;

-- ----------------------------
-- Records of xmai_vendorcf
-- ----------------------------
INSERT INTO xmai_vendorcf VALUES ('42');
INSERT INTO xmai_vendorcf VALUES ('43');
INSERT INTO xmai_vendorcf VALUES ('44');
INSERT INTO xmai_vendorcf VALUES ('45');
INSERT INTO xmai_vendorcf VALUES ('46');
INSERT INTO xmai_vendorcf VALUES ('47');
INSERT INTO xmai_vendorcf VALUES ('48');
INSERT INTO xmai_vendorcf VALUES ('49');
INSERT INTO xmai_vendorcf VALUES ('50');
INSERT INTO xmai_vendorcf VALUES ('51');

-- ----------------------------
-- Table structure for `xmai_vendorcontactrel`
-- ----------------------------
DROP TABLE IF EXISTS `xmai_vendorcontactrel`;
CREATE TABLE `xmai_vendorcontactrel` (
  `vendorid` int(19) NOT NULL default '0',
  `contactid` int(19) NOT NULL default '0',
  PRIMARY KEY  (`vendorid`,`contactid`),
  KEY `vendorcontactrel_vendorid_idx` (`vendorid`),
  KEY `vendorcontactrel_contact_idx` (`contactid`),
  CONSTRAINT `fk_2_xmai_vendorcontactrel` FOREIGN KEY (`vendorid`) REFERENCES `xmai_vendor` (`vendorid`) ON DELETE CASCADE
) ENGINE=InnoDB DEFAULT CHARSET=utf8;

-- ----------------------------
-- Records of xmai_vendorcontactrel
-- ----------------------------

-- ----------------------------
-- Table structure for `xmai_version`
-- ----------------------------
DROP TABLE IF EXISTS `xmai_version`;
CREATE TABLE `xmai_version` (
  `id` int(11) NOT NULL auto_increment,
  `old_version` varchar(30) default NULL,
  `current_version` varchar(30) default NULL,
  PRIMARY KEY  (`id`)
) ENGINE=InnoDB AUTO_INCREMENT=2 DEFAULT CHARSET=utf8;

-- ----------------------------
-- Records of xmai_version
-- ----------------------------
INSERT INTO xmai_version VALUES ('1', '5.4.0', '5.4.0');

-- ----------------------------
-- Table structure for `xmai_version_seq`
-- ----------------------------
DROP TABLE IF EXISTS `xmai_version_seq`;
CREATE TABLE `xmai_version_seq` (
  `id` int(11) NOT NULL
) ENGINE=MyISAM DEFAULT CHARSET=utf8;

-- ----------------------------
-- Records of xmai_version_seq
-- ----------------------------
INSERT INTO xmai_version_seq VALUES ('1');

-- ----------------------------
-- Table structure for `xmai_visibility`
-- ----------------------------
DROP TABLE IF EXISTS `xmai_visibility`;
CREATE TABLE `xmai_visibility` (
  `visibilityid` int(19) NOT NULL auto_increment,
  `visibility` varchar(200) NOT NULL,
  `sortorderid` int(19) NOT NULL default '0',
  `presence` int(1) NOT NULL default '1',
  PRIMARY KEY  (`visibilityid`),
  UNIQUE KEY `visibility_visibility_idx` (`visibility`)
) ENGINE=InnoDB AUTO_INCREMENT=3 DEFAULT CHARSET=utf8;

-- ----------------------------
-- Records of xmai_visibility
-- ----------------------------
INSERT INTO xmai_visibility VALUES ('1', 'Private', '0', '1');
INSERT INTO xmai_visibility VALUES ('2', 'Public', '1', '1');

-- ----------------------------
-- Table structure for `xmai_visibility_seq`
-- ----------------------------
DROP TABLE IF EXISTS `xmai_visibility_seq`;
CREATE TABLE `xmai_visibility_seq` (
  `id` int(11) NOT NULL
) ENGINE=MyISAM DEFAULT CHARSET=utf8;

-- ----------------------------
-- Records of xmai_visibility_seq
-- ----------------------------
INSERT INTO xmai_visibility_seq VALUES ('2');

-- ----------------------------
-- Table structure for `xmai_webforms`
-- ----------------------------
DROP TABLE IF EXISTS `xmai_webforms`;
CREATE TABLE `xmai_webforms` (
  `id` int(19) NOT NULL auto_increment,
  `name` varchar(100) NOT NULL,
  `publicid` varchar(100) NOT NULL,
  `enabled` int(1) NOT NULL default '1',
  `targetmodule` varchar(50) NOT NULL,
  `description` varchar(250) default NULL,
  `ownerid` int(19) NOT NULL,
  `returnurl` varchar(250) default NULL,
  PRIMARY KEY  (`id`),
  UNIQUE KEY `webformname` (`name`),
  UNIQUE KEY `publicid` (`id`),
  KEY `webforms_webforms_id_idx` (`id`)
) ENGINE=InnoDB DEFAULT CHARSET=utf8;

-- ----------------------------
-- Records of xmai_webforms
-- ----------------------------

-- ----------------------------
-- Table structure for `xmai_webforms_field`
-- ----------------------------
DROP TABLE IF EXISTS `xmai_webforms_field`;
CREATE TABLE `xmai_webforms_field` (
  `id` int(19) NOT NULL auto_increment,
  `webformid` int(19) NOT NULL,
  `fieldname` varchar(50) NOT NULL,
  `neutralizedfield` varchar(50) NOT NULL,
  `defaultvalue` varchar(200) default NULL,
  `required` int(10) NOT NULL default '0',
  PRIMARY KEY  (`id`),
  KEY `webforms_webforms_field_idx` (`id`),
  KEY `fk_1_xmai_webforms_field` (`webformid`),
  KEY `fk_2_xmai_webforms_field` (`fieldname`),
  CONSTRAINT `fk_1_xmai_webforms_field` FOREIGN KEY (`webformid`) REFERENCES `xmai_webforms` (`id`) ON DELETE CASCADE,
  CONSTRAINT `fk_3_xmai_webforms_field` FOREIGN KEY (`fieldname`) REFERENCES `xmai_field` (`fieldname`) ON DELETE CASCADE
) ENGINE=InnoDB DEFAULT CHARSET=utf8;

-- ----------------------------
-- Records of xmai_webforms_field
-- ----------------------------

-- ----------------------------
-- Table structure for `xmai_wordtemplates`
-- ----------------------------
DROP TABLE IF EXISTS `xmai_wordtemplates`;
CREATE TABLE `xmai_wordtemplates` (
  `templateid` int(19) NOT NULL,
  `filename` varchar(100) NOT NULL,
  `module` varchar(30) NOT NULL,
  `date_entered` timestamp NOT NULL default CURRENT_TIMESTAMP on update CURRENT_TIMESTAMP,
  `parent_type` varchar(50) NOT NULL,
  `data` longblob,
  `description` text,
  `filesize` varchar(50) NOT NULL,
  `filetype` varchar(20) NOT NULL,
  `deleted` int(1) NOT NULL default '0',
  PRIMARY KEY  (`templateid`)
) ENGINE=InnoDB DEFAULT CHARSET=utf8;

-- ----------------------------
-- Records of xmai_wordtemplates
-- ----------------------------

-- ----------------------------
-- Table structure for `xmai_wsapp`
-- ----------------------------
DROP TABLE IF EXISTS `xmai_wsapp`;
CREATE TABLE `xmai_wsapp` (
  `appid` int(11) NOT NULL auto_increment,
  `name` varchar(200) NOT NULL,
  `appkey` varchar(255) default NULL,
  `type` varchar(100) default NULL,
  PRIMARY KEY  (`appid`)
) ENGINE=InnoDB AUTO_INCREMENT=2 DEFAULT CHARSET=utf8;

-- ----------------------------
-- Records of xmai_wsapp
-- ----------------------------
INSERT INTO xmai_wsapp VALUES ('1', 'xmaiCRM', '5013d4c973c29', 'user');

-- ----------------------------
-- Table structure for `xmai_wsapp_handlerdetails`
-- ----------------------------
DROP TABLE IF EXISTS `xmai_wsapp_handlerdetails`;
CREATE TABLE `xmai_wsapp_handlerdetails` (
  `type` varchar(200) NOT NULL,
  `handlerclass` varchar(100) default NULL,
  `handlerpath` varchar(300) default NULL
) ENGINE=InnoDB DEFAULT CHARSET=utf8;

-- ----------------------------
-- Records of xmai_wsapp_handlerdetails
-- ----------------------------
INSERT INTO xmai_wsapp_handlerdetails VALUES ('Outlook', 'OutlookHandler', 'modules/WSAPP/Handlers/OutlookHandler.php');
INSERT INTO xmai_wsapp_handlerdetails VALUES ('xmaiCRM', 'xmaiCRMHandler', 'modules/WSAPP/Handlers/xmaiCRMHandler.php');

-- ----------------------------
-- Table structure for `xmai_wsapp_queuerecords`
-- ----------------------------
DROP TABLE IF EXISTS `xmai_wsapp_queuerecords`;
CREATE TABLE `xmai_wsapp_queuerecords` (
  `syncserverid` int(19) default NULL,
  `details` varchar(300) default NULL,
  `flag` varchar(100) default NULL,
  `appid` int(19) default NULL
) ENGINE=InnoDB DEFAULT CHARSET=utf8;

-- ----------------------------
-- Records of xmai_wsapp_queuerecords
-- ----------------------------

-- ----------------------------
-- Table structure for `xmai_wsapp_recordmapping`
-- ----------------------------
DROP TABLE IF EXISTS `xmai_wsapp_recordmapping`;
CREATE TABLE `xmai_wsapp_recordmapping` (
  `id` int(19) NOT NULL auto_increment,
  `serverid` varchar(10) default NULL,
  `clientid` varchar(255) default NULL,
  `clientmodifiedtime` datetime default NULL,
  `appid` int(11) default NULL,
  `servermodifiedtime` datetime default NULL,
  `serverappid` int(11) default NULL,
  PRIMARY KEY  (`id`)
) ENGINE=InnoDB DEFAULT CHARSET=utf8;

-- ----------------------------
-- Records of xmai_wsapp_recordmapping
-- ----------------------------

-- ----------------------------
-- Table structure for `xmai_wsapp_sync_state`
-- ----------------------------
DROP TABLE IF EXISTS `xmai_wsapp_sync_state`;
CREATE TABLE `xmai_wsapp_sync_state` (
  `id` int(19) NOT NULL auto_increment,
  `name` varchar(200) default NULL,
  `stateencodedvalues` varchar(300) NOT NULL,
  `userid` int(19) default NULL,
  PRIMARY KEY  (`id`)
) ENGINE=InnoDB DEFAULT CHARSET=utf8;

-- ----------------------------
-- Records of xmai_wsapp_sync_state
-- ----------------------------

-- ----------------------------
-- Table structure for `xmai_ws_entity`
-- ----------------------------
DROP TABLE IF EXISTS `xmai_ws_entity`;
CREATE TABLE `xmai_ws_entity` (
  `id` int(11) NOT NULL auto_increment,
  `name` varchar(25) NOT NULL,
  `handler_path` varchar(255) NOT NULL,
  `handler_class` varchar(64) NOT NULL,
  `ismodule` int(3) NOT NULL,
  PRIMARY KEY  (`id`)
) ENGINE=InnoDB AUTO_INCREMENT=33 DEFAULT CHARSET=utf8;

-- ----------------------------
-- Records of xmai_ws_entity
-- ----------------------------
INSERT INTO xmai_ws_entity VALUES ('1', 'Campaigns', 'include/Webservices/xmaiModuleOperation.php', 'xmaiModuleOperation', '1');
INSERT INTO xmai_ws_entity VALUES ('2', 'Vendors', 'include/Webservices/xmaiModuleOperation.php', 'xmaiModuleOperation', '1');
INSERT INTO xmai_ws_entity VALUES ('3', 'Faq', 'include/Webservices/xmaiModuleOperation.php', 'xmaiModuleOperation', '1');
INSERT INTO xmai_ws_entity VALUES ('4', 'Quotes', 'include/Webservices/xmaiModuleOperation.php', 'xmaiModuleOperation', '1');
INSERT INTO xmai_ws_entity VALUES ('5', 'PurchaseOrder', 'include/Webservices/xmaiModuleOperation.php', 'xmaiModuleOperation', '1');
INSERT INTO xmai_ws_entity VALUES ('6', 'SalesOrder', 'include/Webservices/xmaiModuleOperation.php', 'xmaiModuleOperation', '1');
INSERT INTO xmai_ws_entity VALUES ('7', 'Invoice', 'include/Webservices/xmaiModuleOperation.php', 'xmaiModuleOperation', '1');
INSERT INTO xmai_ws_entity VALUES ('8', 'PriceBooks', 'include/Webservices/xmaiModuleOperation.php', 'xmaiModuleOperation', '1');
INSERT INTO xmai_ws_entity VALUES ('9', 'Calendar', 'include/Webservices/xmaiModuleOperation.php', 'xmaiModuleOperation', '1');
INSERT INTO xmai_ws_entity VALUES ('10', 'Leads', 'include/Webservices/xmaiModuleOperation.php', 'xmaiModuleOperation', '1');
INSERT INTO xmai_ws_entity VALUES ('11', 'Accounts', 'include/Webservices/xmaiModuleOperation.php', 'xmaiModuleOperation', '1');
INSERT INTO xmai_ws_entity VALUES ('12', 'Contacts', 'include/Webservices/xmaiModuleOperation.php', 'xmaiModuleOperation', '1');
INSERT INTO xmai_ws_entity VALUES ('13', 'Potentials', 'include/Webservices/xmaiModuleOperation.php', 'xmaiModuleOperation', '1');
INSERT INTO xmai_ws_entity VALUES ('14', 'Products', 'include/Webservices/xmaiModuleOperation.php', 'xmaiModuleOperation', '1');
INSERT INTO xmai_ws_entity VALUES ('15', 'Documents', 'include/Webservices/xmaiModuleOperation.php', 'xmaiModuleOperation', '1');
INSERT INTO xmai_ws_entity VALUES ('16', 'Emails', 'include/Webservices/xmaiModuleOperation.php', 'xmaiModuleOperation', '1');
INSERT INTO xmai_ws_entity VALUES ('17', 'HelpDesk', 'include/Webservices/xmaiModuleOperation.php', 'xmaiModuleOperation', '1');
INSERT INTO xmai_ws_entity VALUES ('18', 'Events', 'include/Webservices/xmaiModuleOperation.php', 'xmaiModuleOperation', '1');
INSERT INTO xmai_ws_entity VALUES ('19', 'Users', 'include/Webservices/xmaiModuleOperation.php', 'xmaiModuleOperation', '1');
INSERT INTO xmai_ws_entity VALUES ('20', 'Groups', 'include/Webservices/xmaiActorOperation.php', 'xmaiActorOperation', '0');
INSERT INTO xmai_ws_entity VALUES ('21', 'Currency', 'include/Webservices/xmaiActorOperation.php', 'xmaiActorOperation', '0');
INSERT INTO xmai_ws_entity VALUES ('22', 'DocumentFolders', 'include/Webservices/xmaiActorOperation.php', 'xmaiActorOperation', '0');
INSERT INTO xmai_ws_entity VALUES ('23', 'CompanyDetails', 'include/Webservices/xmaiCompanyDetails.php', 'xmaiCompanyDetails', '0');
INSERT INTO xmai_ws_entity VALUES ('24', 'PBXManager', 'include/Webservices/xmaiModuleOperation.php', 'xmaiModuleOperation', '1');
INSERT INTO xmai_ws_entity VALUES ('25', 'ServiceContracts', 'include/Webservices/xmaiModuleOperation.php', 'xmaiModuleOperation', '1');
INSERT INTO xmai_ws_entity VALUES ('26', 'Services', 'include/Webservices/xmaiModuleOperation.php', 'xmaiModuleOperation', '1');
INSERT INTO xmai_ws_entity VALUES ('27', 'Assets', 'include/Webservices/xmaiModuleOperation.php', 'xmaiModuleOperation', '1');
INSERT INTO xmai_ws_entity VALUES ('28', 'ModComments', 'include/Webservices/xmaiModuleOperation.php', 'xmaiModuleOperation', '1');
INSERT INTO xmai_ws_entity VALUES ('29', 'ProjectMilestone', 'include/Webservices/xmaiModuleOperation.php', 'xmaiModuleOperation', '1');
INSERT INTO xmai_ws_entity VALUES ('30', 'ProjectTask', 'include/Webservices/xmaiModuleOperation.php', 'xmaiModuleOperation', '1');
INSERT INTO xmai_ws_entity VALUES ('31', 'Project', 'include/Webservices/xmaiModuleOperation.php', 'xmaiModuleOperation', '1');
INSERT INTO xmai_ws_entity VALUES ('32', 'SMSNotifier', 'include/Webservices/xmaiModuleOperation.php', 'xmaiModuleOperation', '1');

-- ----------------------------
-- Table structure for `xmai_ws_entity_fieldtype`
-- ----------------------------
DROP TABLE IF EXISTS `xmai_ws_entity_fieldtype`;
CREATE TABLE `xmai_ws_entity_fieldtype` (
  `fieldtypeid` int(19) NOT NULL auto_increment,
  `table_name` varchar(50) NOT NULL,
  `field_name` varchar(50) NOT NULL,
  `fieldtype` varchar(200) NOT NULL,
  PRIMARY KEY  (`fieldtypeid`),
  UNIQUE KEY `xmai_idx_1_tablename_fieldname` (`table_name`,`field_name`)
) ENGINE=InnoDB AUTO_INCREMENT=6 DEFAULT CHARSET=utf8;

-- ----------------------------
-- Records of xmai_ws_entity_fieldtype
-- ----------------------------
INSERT INTO xmai_ws_entity_fieldtype VALUES ('1', 'xmai_attachmentsfolder', 'createdby', 'reference');
INSERT INTO xmai_ws_entity_fieldtype VALUES ('2', 'xmai_organizationdetails', 'logoname', 'file');
INSERT INTO xmai_ws_entity_fieldtype VALUES ('3', 'xmai_organizationdetails', 'phone', 'phone');
INSERT INTO xmai_ws_entity_fieldtype VALUES ('4', 'xmai_organizationdetails', 'fax', 'phone');
INSERT INTO xmai_ws_entity_fieldtype VALUES ('5', 'xmai_organizationdetails', 'website', 'url');

-- ----------------------------
-- Table structure for `xmai_ws_entity_fieldtype_seq`
-- ----------------------------
DROP TABLE IF EXISTS `xmai_ws_entity_fieldtype_seq`;
CREATE TABLE `xmai_ws_entity_fieldtype_seq` (
  `id` int(11) NOT NULL
) ENGINE=MyISAM DEFAULT CHARSET=utf8;

-- ----------------------------
-- Records of xmai_ws_entity_fieldtype_seq
-- ----------------------------
INSERT INTO xmai_ws_entity_fieldtype_seq VALUES ('5');

-- ----------------------------
-- Table structure for `xmai_ws_entity_name`
-- ----------------------------
DROP TABLE IF EXISTS `xmai_ws_entity_name`;
CREATE TABLE `xmai_ws_entity_name` (
  `entity_id` int(11) NOT NULL,
  `name_fields` varchar(50) NOT NULL,
  `index_field` varchar(50) NOT NULL,
  `table_name` varchar(50) NOT NULL,
  PRIMARY KEY  (`entity_id`)
) ENGINE=InnoDB DEFAULT CHARSET=utf8;

-- ----------------------------
-- Records of xmai_ws_entity_name
-- ----------------------------
INSERT INTO xmai_ws_entity_name VALUES ('20', 'groupname', 'groupid', 'xmai_groups');
INSERT INTO xmai_ws_entity_name VALUES ('21', 'currency_name', 'id', 'xmai_currency_info');
INSERT INTO xmai_ws_entity_name VALUES ('22', 'foldername', 'folderid', 'xmai_attachmentsfolder');
INSERT INTO xmai_ws_entity_name VALUES ('23', 'organizationname', 'groupid', 'xmai_organizationdetails');

-- ----------------------------
-- Table structure for `xmai_ws_entity_referencetype`
-- ----------------------------
DROP TABLE IF EXISTS `xmai_ws_entity_referencetype`;
CREATE TABLE `xmai_ws_entity_referencetype` (
  `fieldtypeid` int(19) NOT NULL,
  `type` varchar(25) NOT NULL,
  PRIMARY KEY  (`fieldtypeid`,`type`),
  CONSTRAINT `xmai_fk_1_actors_referencetype` FOREIGN KEY (`fieldtypeid`) REFERENCES `xmai_ws_entity_fieldtype` (`fieldtypeid`) ON DELETE CASCADE
) ENGINE=InnoDB DEFAULT CHARSET=utf8;

-- ----------------------------
-- Records of xmai_ws_entity_referencetype
-- ----------------------------
INSERT INTO xmai_ws_entity_referencetype VALUES ('5', 'Users');

-- ----------------------------
-- Table structure for `xmai_ws_entity_seq`
-- ----------------------------
DROP TABLE IF EXISTS `xmai_ws_entity_seq`;
CREATE TABLE `xmai_ws_entity_seq` (
  `id` int(11) NOT NULL
) ENGINE=MyISAM DEFAULT CHARSET=utf8;

-- ----------------------------
-- Records of xmai_ws_entity_seq
-- ----------------------------
INSERT INTO xmai_ws_entity_seq VALUES ('32');

-- ----------------------------
-- Table structure for `xmai_ws_entity_tables`
-- ----------------------------
DROP TABLE IF EXISTS `xmai_ws_entity_tables`;
CREATE TABLE `xmai_ws_entity_tables` (
  `webservice_entity_id` int(11) NOT NULL,
  `table_name` varchar(50) NOT NULL,
  PRIMARY KEY  (`webservice_entity_id`,`table_name`),
  CONSTRAINT `fk_1_xmai_ws_actor_tables` FOREIGN KEY (`webservice_entity_id`) REFERENCES `xmai_ws_entity` (`id`) ON DELETE CASCADE
) ENGINE=InnoDB DEFAULT CHARSET=utf8;

-- ----------------------------
-- Records of xmai_ws_entity_tables
-- ----------------------------
INSERT INTO xmai_ws_entity_tables VALUES ('20', 'xmai_groups');
INSERT INTO xmai_ws_entity_tables VALUES ('21', 'xmai_currency_info');
INSERT INTO xmai_ws_entity_tables VALUES ('22', 'xmai_attachmentsfolder');
INSERT INTO xmai_ws_entity_tables VALUES ('23', 'xmai_organizationdetails');

-- ----------------------------
-- Table structure for `xmai_ws_fieldinfo`
-- ----------------------------
DROP TABLE IF EXISTS `xmai_ws_fieldinfo`;
CREATE TABLE `xmai_ws_fieldinfo` (
  `id` varchar(64) NOT NULL,
  `property_name` varchar(32) default NULL,
  `property_value` varchar(64) default NULL,
  PRIMARY KEY  (`id`)
) ENGINE=InnoDB DEFAULT CHARSET=utf8;

-- ----------------------------
-- Records of xmai_ws_fieldinfo
-- ----------------------------
INSERT INTO xmai_ws_fieldinfo VALUES ('xmai_organizationdetails.organization_id', 'upload.path', '1');

-- ----------------------------
-- Table structure for `xmai_ws_fieldtype`
-- ----------------------------
DROP TABLE IF EXISTS `xmai_ws_fieldtype`;
CREATE TABLE `xmai_ws_fieldtype` (
  `fieldtypeid` int(19) NOT NULL auto_increment,
  `uitype` varchar(30) NOT NULL,
  `fieldtype` varchar(200) NOT NULL,
  PRIMARY KEY  (`fieldtypeid`),
  UNIQUE KEY `uitype_idx` (`uitype`)
) ENGINE=InnoDB AUTO_INCREMENT=40 DEFAULT CHARSET=utf8;

-- ----------------------------
-- Records of xmai_ws_fieldtype
-- ----------------------------
INSERT INTO xmai_ws_fieldtype VALUES ('1', '15', 'picklist');
INSERT INTO xmai_ws_fieldtype VALUES ('2', '16', 'picklist');
INSERT INTO xmai_ws_fieldtype VALUES ('3', '19', 'text');
INSERT INTO xmai_ws_fieldtype VALUES ('4', '20', 'text');
INSERT INTO xmai_ws_fieldtype VALUES ('5', '21', 'text');
INSERT INTO xmai_ws_fieldtype VALUES ('6', '24', 'text');
INSERT INTO xmai_ws_fieldtype VALUES ('7', '3', 'autogenerated');
INSERT INTO xmai_ws_fieldtype VALUES ('8', '11', 'phone');
INSERT INTO xmai_ws_fieldtype VALUES ('9', '33', 'multipicklist');
INSERT INTO xmai_ws_fieldtype VALUES ('10', '17', 'url');
INSERT INTO xmai_ws_fieldtype VALUES ('11', '85', 'skype');
INSERT INTO xmai_ws_fieldtype VALUES ('12', '56', 'boolean');
INSERT INTO xmai_ws_fieldtype VALUES ('13', '156', 'boolean');
INSERT INTO xmai_ws_fieldtype VALUES ('14', '53', 'owner');
INSERT INTO xmai_ws_fieldtype VALUES ('15', '61', 'file');
INSERT INTO xmai_ws_fieldtype VALUES ('16', '28', 'file');
INSERT INTO xmai_ws_fieldtype VALUES ('17', '13', 'email');
INSERT INTO xmai_ws_fieldtype VALUES ('18', '71', 'currency');
INSERT INTO xmai_ws_fieldtype VALUES ('19', '72', 'currency');
INSERT INTO xmai_ws_fieldtype VALUES ('20', '50', 'reference');
INSERT INTO xmai_ws_fieldtype VALUES ('21', '51', 'reference');
INSERT INTO xmai_ws_fieldtype VALUES ('22', '57', 'reference');
INSERT INTO xmai_ws_fieldtype VALUES ('23', '58', 'reference');
INSERT INTO xmai_ws_fieldtype VALUES ('24', '73', 'reference');
INSERT INTO xmai_ws_fieldtype VALUES ('25', '75', 'reference');
INSERT INTO xmai_ws_fieldtype VALUES ('26', '76', 'reference');
INSERT INTO xmai_ws_fieldtype VALUES ('27', '78', 'reference');
INSERT INTO xmai_ws_fieldtype VALUES ('28', '80', 'reference');
INSERT INTO xmai_ws_fieldtype VALUES ('29', '81', 'reference');
INSERT INTO xmai_ws_fieldtype VALUES ('30', '101', 'reference');
INSERT INTO xmai_ws_fieldtype VALUES ('31', '52', 'reference');
INSERT INTO xmai_ws_fieldtype VALUES ('32', '357', 'reference');
INSERT INTO xmai_ws_fieldtype VALUES ('33', '59', 'reference');
INSERT INTO xmai_ws_fieldtype VALUES ('34', '66', 'reference');
INSERT INTO xmai_ws_fieldtype VALUES ('35', '77', 'reference');
INSERT INTO xmai_ws_fieldtype VALUES ('36', '68', 'reference');
INSERT INTO xmai_ws_fieldtype VALUES ('37', '117', 'reference');
INSERT INTO xmai_ws_fieldtype VALUES ('38', '26', 'reference');
INSERT INTO xmai_ws_fieldtype VALUES ('39', '10', 'reference');

-- ----------------------------
-- Table structure for `xmai_ws_operation`
-- ----------------------------
DROP TABLE IF EXISTS `xmai_ws_operation`;
CREATE TABLE `xmai_ws_operation` (
  `operationid` int(11) NOT NULL auto_increment,
  `name` varchar(128) NOT NULL,
  `handler_path` varchar(255) NOT NULL,
  `handler_method` varchar(64) NOT NULL,
  `type` varchar(8) NOT NULL,
  `prelogin` int(3) NOT NULL,
  PRIMARY KEY  (`operationid`)
) ENGINE=InnoDB AUTO_INCREMENT=33 DEFAULT CHARSET=utf8;

-- ----------------------------
-- Records of xmai_ws_operation
-- ----------------------------
INSERT INTO xmai_ws_operation VALUES ('1', 'login', 'include/Webservices/Login.php', 'vtws_login', 'POST', '1');
INSERT INTO xmai_ws_operation VALUES ('2', 'retrieve', 'include/Webservices/Retrieve.php', 'vtws_retrieve', 'GET', '0');
INSERT INTO xmai_ws_operation VALUES ('3', 'create', 'include/Webservices/Create.php', 'vtws_create', 'POST', '0');
INSERT INTO xmai_ws_operation VALUES ('4', 'update', 'include/Webservices/Update.php', 'vtws_update', 'POST', '0');
INSERT INTO xmai_ws_operation VALUES ('5', 'delete', 'include/Webservices/Delete.php', 'vtws_delete', 'POST', '0');
INSERT INTO xmai_ws_operation VALUES ('6', 'sync', 'include/Webservices/GetUpdates.php', 'vtws_sync', 'GET', '0');
INSERT INTO xmai_ws_operation VALUES ('7', 'query', 'include/Webservices/Query.php', 'vtws_query', 'GET', '0');
INSERT INTO xmai_ws_operation VALUES ('8', 'logout', 'include/Webservices/Logout.php', 'vtws_logout', 'POST', '0');
INSERT INTO xmai_ws_operation VALUES ('9', 'listtypes', 'include/Webservices/ModuleTypes.php', 'vtws_listtypes', 'GET', '0');
INSERT INTO xmai_ws_operation VALUES ('10', 'getchallenge', 'include/Webservices/AuthToken.php', 'vtws_getchallenge', 'GET', '1');
INSERT INTO xmai_ws_operation VALUES ('11', 'describe', 'include/Webservices/DescribeObject.php', 'vtws_describe', 'GET', '0');
INSERT INTO xmai_ws_operation VALUES ('12', 'extendsession', 'include/Webservices/ExtendSession.php', 'vtws_extendSession', 'POST', '1');
INSERT INTO xmai_ws_operation VALUES ('13', 'convertlead', 'include/Webservices/ConvertLead.php', 'vtws_convertlead', 'POST', '0');
INSERT INTO xmai_ws_operation VALUES ('14', 'revise', 'include/Webservices/Revise.php', 'vtws_revise', 'POST', '0');
INSERT INTO xmai_ws_operation VALUES ('15', 'changePassword', 'include/Webservices/ChangePassword.php', 'vtws_changePassword', 'POST', '0');
INSERT INTO xmai_ws_operation VALUES ('16', 'deleteUser', 'include/Webservices/DeleteUser.php', 'vtws_deleteUser', 'POST', '0');
INSERT INTO xmai_ws_operation VALUES ('17', 'mobile.fetchallalerts', 'modules/Mobile/api/wsapi.php', 'mobile_ws_fetchAllAlerts', 'POST', '0');
INSERT INTO xmai_ws_operation VALUES ('18', 'mobile.alertdetailswithmessage', 'modules/Mobile/api/wsapi.php', 'mobile_ws_alertDetailsWithMessage', 'POST', '0');
INSERT INTO xmai_ws_operation VALUES ('19', 'mobile.fetchmodulefilters', 'modules/Mobile/api/wsapi.php', 'mobile_ws_fetchModuleFilters', 'POST', '0');
INSERT INTO xmai_ws_operation VALUES ('20', 'mobile.fetchrecord', 'modules/Mobile/api/wsapi.php', 'mobile_ws_fetchRecord', 'POST', '0');
INSERT INTO xmai_ws_operation VALUES ('21', 'mobile.fetchrecordwithgrouping', 'modules/Mobile/api/wsapi.php', 'mobile_ws_fetchRecordWithGrouping', 'POST', '0');
INSERT INTO xmai_ws_operation VALUES ('22', 'mobile.filterdetailswithcount', 'modules/Mobile/api/wsapi.php', 'mobile_ws_filterDetailsWithCount', 'POST', '0');
INSERT INTO xmai_ws_operation VALUES ('23', 'mobile.listmodulerecords', 'modules/Mobile/api/wsapi.php', 'mobile_ws_listModuleRecords', 'POST', '0');
INSERT INTO xmai_ws_operation VALUES ('24', 'mobile.saverecord', 'modules/Mobile/api/wsapi.php', 'mobile_ws_saveRecord', 'POST', '0');
INSERT INTO xmai_ws_operation VALUES ('25', 'mobile.syncModuleRecords', 'modules/Mobile/api/wsapi.php', 'mobile_ws_syncModuleRecords', 'POST', '0');
INSERT INTO xmai_ws_operation VALUES ('26', 'mobile.query', 'modules/Mobile/api/wsapi.php', 'mobile_ws_query', 'POST', '0');
INSERT INTO xmai_ws_operation VALUES ('27', 'mobile.querywithgrouping', 'modules/Mobile/api/wsapi.php', 'mobile_ws_queryWithGrouping', 'POST', '0');
INSERT INTO xmai_ws_operation VALUES ('28', 'wsapp_register', 'modules/WSAPP/api/ws/Register.php', 'wsapp_register', 'POST', '0');
INSERT INTO xmai_ws_operation VALUES ('29', 'wsapp_deregister', 'modules/WSAPP/api/ws/DeRegister.php', 'wsapp_deregister', 'POST', '0');
INSERT INTO xmai_ws_operation VALUES ('30', 'wsapp_get', 'modules/WSAPP/api/ws/Get.php', 'wsapp_get', 'POST', '0');
INSERT INTO xmai_ws_operation VALUES ('31', 'wsapp_put', 'modules/WSAPP/api/ws/Put.php', 'wsapp_put', 'POST', '0');
INSERT INTO xmai_ws_operation VALUES ('32', 'wsapp_map', 'modules/WSAPP/api/ws/Map.php', 'wsapp_map', 'POST', '0');

-- ----------------------------
-- Table structure for `xmai_ws_operation_parameters`
-- ----------------------------
DROP TABLE IF EXISTS `xmai_ws_operation_parameters`;
CREATE TABLE `xmai_ws_operation_parameters` (
  `operationid` int(11) NOT NULL auto_increment,
  `name` varchar(128) NOT NULL,
  `type` varchar(64) NOT NULL,
  `sequence` int(11) NOT NULL,
  PRIMARY KEY  (`operationid`,`name`)
) ENGINE=InnoDB AUTO_INCREMENT=33 DEFAULT CHARSET=utf8;

-- ----------------------------
-- Records of xmai_ws_operation_parameters
-- ----------------------------
INSERT INTO xmai_ws_operation_parameters VALUES ('1', 'accessKey', 'String', '2');
INSERT INTO xmai_ws_operation_parameters VALUES ('1', 'username', 'String', '1');
INSERT INTO xmai_ws_operation_parameters VALUES ('2', 'id', 'String', '1');
INSERT INTO xmai_ws_operation_parameters VALUES ('3', 'element', 'encoded', '2');
INSERT INTO xmai_ws_operation_parameters VALUES ('3', 'elementType', 'String', '1');
INSERT INTO xmai_ws_operation_parameters VALUES ('4', 'element', 'encoded', '1');
INSERT INTO xmai_ws_operation_parameters VALUES ('5', 'id', 'String', '1');
INSERT INTO xmai_ws_operation_parameters VALUES ('6', 'elementType', 'String', '2');
INSERT INTO xmai_ws_operation_parameters VALUES ('6', 'modifiedTime', 'DateTime', '1');
INSERT INTO xmai_ws_operation_parameters VALUES ('7', 'query', 'String', '1');
INSERT INTO xmai_ws_operation_parameters VALUES ('8', 'sessionName', 'String', '1');
INSERT INTO xmai_ws_operation_parameters VALUES ('9', 'fieldTypeList', 'encoded', '1');
INSERT INTO xmai_ws_operation_parameters VALUES ('10', 'username', 'String', '1');
INSERT INTO xmai_ws_operation_parameters VALUES ('11', 'elementType', 'String', '1');
INSERT INTO xmai_ws_operation_parameters VALUES ('13', 'accountName', 'String', '3');
INSERT INTO xmai_ws_operation_parameters VALUES ('13', 'assignedTo', 'String', '2');
INSERT INTO xmai_ws_operation_parameters VALUES ('13', 'avoidPotential', 'Boolean', '4');
INSERT INTO xmai_ws_operation_parameters VALUES ('13', 'leadId', 'String', '1');
INSERT INTO xmai_ws_operation_parameters VALUES ('13', 'potential', 'Encoded', '5');
INSERT INTO xmai_ws_operation_parameters VALUES ('14', 'element', 'Encoded', '1');
INSERT INTO xmai_ws_operation_parameters VALUES ('15', 'confirmPassword', 'String', '4');
INSERT INTO xmai_ws_operation_parameters VALUES ('15', 'id', 'String', '1');
INSERT INTO xmai_ws_operation_parameters VALUES ('15', 'newPassword', 'String', '3');
INSERT INTO xmai_ws_operation_parameters VALUES ('15', 'oldPassword', 'String', '2');
INSERT INTO xmai_ws_operation_parameters VALUES ('16', 'id', 'String', '1');
INSERT INTO xmai_ws_operation_parameters VALUES ('16', 'newOwnerId', 'String', '2');
INSERT INTO xmai_ws_operation_parameters VALUES ('18', 'alertid', 'string', '1');
INSERT INTO xmai_ws_operation_parameters VALUES ('19', 'module', 'string', '1');
INSERT INTO xmai_ws_operation_parameters VALUES ('20', 'record', 'string', '1');
INSERT INTO xmai_ws_operation_parameters VALUES ('21', 'record', 'string', '1');
INSERT INTO xmai_ws_operation_parameters VALUES ('22', 'filterid', 'string', '1');
INSERT INTO xmai_ws_operation_parameters VALUES ('23', 'elements', 'encoded', '1');
INSERT INTO xmai_ws_operation_parameters VALUES ('24', 'module', 'string', '1');
INSERT INTO xmai_ws_operation_parameters VALUES ('24', 'record', 'string', '2');
INSERT INTO xmai_ws_operation_parameters VALUES ('24', 'values', 'encoded', '3');
INSERT INTO xmai_ws_operation_parameters VALUES ('25', 'module', 'string', '1');
INSERT INTO xmai_ws_operation_parameters VALUES ('25', 'page', 'string', '3');
INSERT INTO xmai_ws_operation_parameters VALUES ('25', 'syncToken', 'string', '2');
INSERT INTO xmai_ws_operation_parameters VALUES ('26', 'module', 'string', '1');
INSERT INTO xmai_ws_operation_parameters VALUES ('26', 'page', 'string', '3');
INSERT INTO xmai_ws_operation_parameters VALUES ('26', 'query', 'string', '2');
INSERT INTO xmai_ws_operation_parameters VALUES ('27', 'module', 'string', '1');
INSERT INTO xmai_ws_operation_parameters VALUES ('27', 'page', 'string', '3');
INSERT INTO xmai_ws_operation_parameters VALUES ('27', 'query', 'string', '2');
INSERT INTO xmai_ws_operation_parameters VALUES ('28', 'synctype', 'string', '2');
INSERT INTO xmai_ws_operation_parameters VALUES ('28', 'type', 'string', '1');
INSERT INTO xmai_ws_operation_parameters VALUES ('29', 'key', 'string', '2');
INSERT INTO xmai_ws_operation_parameters VALUES ('29', 'type', 'string', '1');
INSERT INTO xmai_ws_operation_parameters VALUES ('30', 'key', 'string', '1');
INSERT INTO xmai_ws_operation_parameters VALUES ('30', 'module', 'string', '2');
INSERT INTO xmai_ws_operation_parameters VALUES ('30', 'token', 'string', '3');
INSERT INTO xmai_ws_operation_parameters VALUES ('31', 'element', 'encoded', '2');
INSERT INTO xmai_ws_operation_parameters VALUES ('31', 'key', 'string', '1');
INSERT INTO xmai_ws_operation_parameters VALUES ('32', 'element', 'encoded', '2');
INSERT INTO xmai_ws_operation_parameters VALUES ('32', 'key', 'string', '1');

-- ----------------------------
-- Table structure for `xmai_ws_operation_seq`
-- ----------------------------
DROP TABLE IF EXISTS `xmai_ws_operation_seq`;
CREATE TABLE `xmai_ws_operation_seq` (
  `id` int(11) NOT NULL
) ENGINE=MyISAM DEFAULT CHARSET=utf8;

-- ----------------------------
-- Records of xmai_ws_operation_seq
-- ----------------------------
INSERT INTO xmai_ws_operation_seq VALUES ('32');

-- ----------------------------
-- Table structure for `xmai_ws_referencetype`
-- ----------------------------
DROP TABLE IF EXISTS `xmai_ws_referencetype`;
CREATE TABLE `xmai_ws_referencetype` (
  `fieldtypeid` int(19) NOT NULL,
  `type` varchar(25) NOT NULL,
  PRIMARY KEY  (`fieldtypeid`,`type`),
  CONSTRAINT `fk_1_xmai_referencetype` FOREIGN KEY (`fieldtypeid`) REFERENCES `xmai_ws_fieldtype` (`fieldtypeid`) ON DELETE CASCADE
) ENGINE=InnoDB DEFAULT CHARSET=utf8;

-- ----------------------------
-- Records of xmai_ws_referencetype
-- ----------------------------
INSERT INTO xmai_ws_referencetype VALUES ('20', 'Accounts');
INSERT INTO xmai_ws_referencetype VALUES ('21', 'Accounts');
INSERT INTO xmai_ws_referencetype VALUES ('22', 'Contacts');
INSERT INTO xmai_ws_referencetype VALUES ('23', 'Campaigns');
INSERT INTO xmai_ws_referencetype VALUES ('24', 'Accounts');
INSERT INTO xmai_ws_referencetype VALUES ('25', 'Vendors');
INSERT INTO xmai_ws_referencetype VALUES ('26', 'Potentials');
INSERT INTO xmai_ws_referencetype VALUES ('27', 'Quotes');
INSERT INTO xmai_ws_referencetype VALUES ('28', 'SalesOrder');
INSERT INTO xmai_ws_referencetype VALUES ('29', 'Vendors');
INSERT INTO xmai_ws_referencetype VALUES ('30', 'Users');
INSERT INTO xmai_ws_referencetype VALUES ('31', 'Users');
INSERT INTO xmai_ws_referencetype VALUES ('32', 'Accounts');
INSERT INTO xmai_ws_referencetype VALUES ('32', 'Contacts');
INSERT INTO xmai_ws_referencetype VALUES ('32', 'Leads');
INSERT INTO xmai_ws_referencetype VALUES ('32', 'Users');
INSERT INTO xmai_ws_referencetype VALUES ('32', 'Vendors');
INSERT INTO xmai_ws_referencetype VALUES ('33', 'Products');
INSERT INTO xmai_ws_referencetype VALUES ('34', 'Accounts');
INSERT INTO xmai_ws_referencetype VALUES ('34', 'HelpDesk');
INSERT INTO xmai_ws_referencetype VALUES ('34', 'Leads');
INSERT INTO xmai_ws_referencetype VALUES ('34', 'Potentials');
INSERT INTO xmai_ws_referencetype VALUES ('35', 'Users');
INSERT INTO xmai_ws_referencetype VALUES ('36', 'Accounts');
INSERT INTO xmai_ws_referencetype VALUES ('36', 'Contacts');
INSERT INTO xmai_ws_referencetype VALUES ('37', 'Currency');
INSERT INTO xmai_ws_referencetype VALUES ('38', 'DocumentFolders');

-- ----------------------------
-- Table structure for `xmai_ws_userauthtoken`
-- ----------------------------
DROP TABLE IF EXISTS `xmai_ws_userauthtoken`;
CREATE TABLE `xmai_ws_userauthtoken` (
  `userid` int(19) NOT NULL,
  `token` varchar(36) NOT NULL,
  `expiretime` int(19) NOT NULL,
  PRIMARY KEY  (`userid`,`expiretime`),
  UNIQUE KEY `userid_idx` (`userid`)
) ENGINE=InnoDB DEFAULT CHARSET=utf8;

-- ----------------------------
-- Records of xmai_ws_userauthtoken
-- ----------------------------
